civ_id	civilization	tier	param_id	domain	unit	declared_module	formula	raw_current	default	non_default	value_status	default_relation	provenance	value_source	historical_status	historical_source	consumer_status	easy_effective	normal_effective	hard_effective	difficulty_policy	effective_formula	direction	live_call_site	copied_from_greece
rzymianie	Rzymianie	1	meta_epoka_kamien	meta	flag_0_1	start-preview.ts	flag	1	0	true	CURRENT_RUNTIME_DATA	NON_DEFAULT_OVERRIDE	CURRENT_RUNTIME_DATA	gra/data/civ-matrix.json#/cywilizacje[typCywilizacji=rzymianie]/params/meta_epoka_kamien	LEGACY_DOC_PRESENT	docs/encyklopedia/cywilizacje/rzymianie.md	DEAD_UNWIRED		1		NOT_ACTIVE	not computed by current consumer; retain raw Normal data	not applicable until a consumer is wired and reviewed	gra/src/game/civ-matrix.ts:41-60,71-101 (loader/accessor only); no gameplay call-site found	false
rzymianie	Rzymianie	1	meta_epoka_braz	meta	flag_0_1	start-preview.ts	flag	1	0	true	CURRENT_RUNTIME_DATA	NON_DEFAULT_OVERRIDE	CURRENT_RUNTIME_DATA	gra/data/civ-matrix.json#/cywilizacje[typCywilizacji=rzymianie]/params/meta_epoka_braz	LEGACY_DOC_PRESENT	docs/encyklopedia/cywilizacje/rzymianie.md	DEAD_UNWIRED		1		NOT_ACTIVE	not computed by current consumer; retain raw Normal data	not applicable until a consumer is wired and reviewed	gra/src/game/civ-matrix.ts:41-60,71-101 (loader/accessor only); no gameplay call-site found	false
rzymianie	Rzymianie	1	meta_epoka_zelazo	meta	flag_0_1	start-preview.ts	flag	1	0	true	CURRENT_RUNTIME_DATA	NON_DEFAULT_OVERRIDE	CURRENT_RUNTIME_DATA	gra/data/civ-matrix.json#/cywilizacje[typCywilizacji=rzymianie]/params/meta_epoka_zelazo	LEGACY_DOC_PRESENT	docs/encyklopedia/cywilizacje/rzymianie.md	DEAD_UNWIRED		1		NOT_ACTIVE	not computed by current consumer; retain raw Normal data	not applicable until a consumer is wired and reviewed	gra/src/game/civ-matrix.ts:41-60,71-101 (loader/accessor only); no gameplay call-site found	false
rzymianie	Rzymianie	1	meta_mnoznik_waluta	meta	absolut	economy.ts	mul_abs	2	2	false	CURRENT_RUNTIME_DATA	DEFAULT_VALUE	CURRENT_RUNTIME_DEFAULT	gra/data/civ-matrix.json#/cywilizacje[typCywilizacji=rzymianie]/params/meta_mnoznik_waluta	LEGACY_DOC_PRESENT	docs/encyklopedia/cywilizacje/rzymianie.md	DEAD_UNWIRED		2		NOT_ACTIVE	not computed by current consumer; retain raw Normal data	not applicable until a consumer is wired and reviewed	gra/src/game/civ-matrix.ts:41-60,71-101 (loader/accessor only); no gameplay call-site found	false
rzymianie	Rzymianie	1	meta_tier_roster	meta	absolut	civ-roster.ts	mul_abs	1	1	false	CURRENT_RUNTIME_DATA	DEFAULT_VALUE	CURRENT_RUNTIME_DEFAULT	gra/data/civ-matrix.json#/cywilizacje[typCywilizacji=rzymianie]/params/meta_tier_roster	LEGACY_DOC_PRESENT	docs/encyklopedia/cywilizacje/rzymianie.md	DEAD_UNWIRED		1		NOT_ACTIVE	not computed by current consumer; retain raw Normal data	not applicable until a consumer is wired and reviewed	gra/src/game/civ-matrix.ts:41-60,71-101 (loader/accessor only); no gameplay call-site found	false
rzymianie	Rzymianie	1	walka_atak_piechota	walka	ulamek	civ-bonuses.ts	mul_proc	0.15	0	true	CURRENT_RUNTIME_DATA	NON_DEFAULT_OVERRIDE	CURRENT_RUNTIME_DATA	gra/data/civ-matrix.json#/cywilizacje[typCywilizacji=rzymianie]/params/walka_atak_piechota	LEGACY_DOC_PRESENT	docs/encyklopedia/cywilizacje/rzymianie.md	DEAD_UNWIRED		0.15		NOT_ACTIVE	not computed by current consumer; retain raw Normal data	not applicable until a consumer is wired and reviewed	gra/src/game/civ-matrix.ts:41-60,71-101 (loader/accessor only); no gameplay call-site found	false
rzymianie	Rzymianie	1	walka_atak_lukownicy	walka	ulamek	civ-bonuses.ts	mul_proc	0	0	false	CURRENT_RUNTIME_DATA	DEFAULT_VALUE	CURRENT_RUNTIME_DEFAULT	gra/data/civ-matrix.json#/cywilizacje[typCywilizacji=rzymianie]/params/walka_atak_lukownicy	LEGACY_DOC_PRESENT	docs/encyklopedia/cywilizacje/rzymianie.md	UNWIRED		0		NOT_ACTIVE	not computed by current consumer; retain raw Normal data	not applicable until a consumer is wired and reviewed	gra/src/game/civ-matrix.ts:41-60,71-101 (loader/accessor only); no gameplay call-site found	false
rzymianie	Rzymianie	1	walka_atak_kawaleria	walka	ulamek	civ-bonuses.ts	mul_proc	0	0	false	CURRENT_RUNTIME_DATA	DEFAULT_VALUE	CURRENT_RUNTIME_DEFAULT	gra/data/civ-matrix.json#/cywilizacje[typCywilizacji=rzymianie]/params/walka_atak_kawaleria	LEGACY_DOC_PRESENT	docs/encyklopedia/cywilizacje/rzymianie.md	DEAD_UNWIRED		0		NOT_ACTIVE	not computed by current consumer; retain raw Normal data	not applicable until a consumer is wired and reviewed	gra/src/game/civ-matrix.ts:41-60,71-101 (loader/accessor only); no gameplay call-site found	false
rzymianie	Rzymianie	1	walka_atak_rydwany	walka	ulamek	civ-bonuses.ts	mul_proc	0	0	false	CURRENT_RUNTIME_DATA	DEFAULT_VALUE	CURRENT_RUNTIME_DEFAULT	gra/data/civ-matrix.json#/cywilizacje[typCywilizacji=rzymianie]/params/walka_atak_rydwany	LEGACY_DOC_PRESENT	docs/encyklopedia/cywilizacje/rzymianie.md	DEAD_UNWIRED		0		NOT_ACTIVE	not computed by current consumer; retain raw Normal data	not applicable until a consumer is wired and reviewed	gra/src/game/civ-matrix.ts:41-60,71-101 (loader/accessor only); no gameplay call-site found	false
rzymianie	Rzymianie	1	walka_atak_obleczenie	walka	ulamek	civ-bonuses.ts	mul_proc	0	0	false	CURRENT_RUNTIME_DATA	DEFAULT_VALUE	CURRENT_RUNTIME_DEFAULT	gra/data/civ-matrix.json#/cywilizacje[typCywilizacji=rzymianie]/params/walka_atak_obleczenie	LEGACY_DOC_PRESENT	docs/encyklopedia/cywilizacje/rzymianie.md	DEAD_UNWIRED		0		NOT_ACTIVE	not computed by current consumer; retain raw Normal data	not applicable until a consumer is wired and reviewed	gra/src/game/civ-matrix.ts:41-60,71-101 (loader/accessor only); no gameplay call-site found	false
rzymianie	Rzymianie	1	walka_atak_morska	walka	ulamek	civ-bonuses.ts	mul_proc	0	0	false	CURRENT_RUNTIME_DATA	DEFAULT_VALUE	CURRENT_RUNTIME_DEFAULT	gra/data/civ-matrix.json#/cywilizacje[typCywilizacji=rzymianie]/params/walka_atak_morska	LEGACY_DOC_PRESENT	docs/encyklopedia/cywilizacje/rzymianie.md	UNWIRED		0		NOT_ACTIVE	not computed by current consumer; retain raw Normal data	not applicable until a consumer is wired and reviewed	gra/src/game/civ-matrix.ts:41-60,71-101 (loader/accessor only); no gameplay call-site found	false
rzymianie	Rzymianie	1	walka_atak_wszystkie	walka	ulamek	civ-bonuses.ts	mul_proc	0	0	false	CURRENT_RUNTIME_DATA	DEFAULT_VALUE	CURRENT_RUNTIME_DEFAULT	gra/data/civ-matrix.json#/cywilizacje[typCywilizacji=rzymianie]/params/walka_atak_wszystkie	LEGACY_DOC_PRESENT	docs/encyklopedia/cywilizacje/rzymianie.md	UNWIRED		0		NOT_ACTIVE	not computed by current consumer; retain raw Normal data	not applicable until a consumer is wired and reviewed	gra/src/game/civ-matrix.ts:41-60,71-101 (loader/accessor only); no gameplay call-site found	false
rzymianie	Rzymianie	1	walka_obrona_piechota	walka	ulamek	civ-bonuses.ts	mul_proc	0	0	false	CURRENT_RUNTIME_DATA	DEFAULT_VALUE	CURRENT_RUNTIME_DEFAULT	gra/data/civ-matrix.json#/cywilizacje[typCywilizacji=rzymianie]/params/walka_obrona_piechota	LEGACY_DOC_PRESENT	docs/encyklopedia/cywilizacje/rzymianie.md	DEAD_UNWIRED		0		NOT_ACTIVE	not computed by current consumer; retain raw Normal data	not applicable until a consumer is wired and reviewed	gra/src/game/civ-matrix.ts:41-60,71-101 (loader/accessor only); no gameplay call-site found	false
rzymianie	Rzymianie	1	walka_obrona_lukownicy	walka	ulamek	civ-bonuses.ts	mul_proc	0	0	false	CURRENT_RUNTIME_DATA	DEFAULT_VALUE	CURRENT_RUNTIME_DEFAULT	gra/data/civ-matrix.json#/cywilizacje[typCywilizacji=rzymianie]/params/walka_obrona_lukownicy	LEGACY_DOC_PRESENT	docs/encyklopedia/cywilizacje/rzymianie.md	UNWIRED		0		NOT_ACTIVE	not computed by current consumer; retain raw Normal data	not applicable until a consumer is wired and reviewed	gra/src/game/civ-matrix.ts:41-60,71-101 (loader/accessor only); no gameplay call-site found	false
rzymianie	Rzymianie	1	walka_obrona_kawaleria	walka	ulamek	civ-bonuses.ts	mul_proc	0	0	false	CURRENT_RUNTIME_DATA	DEFAULT_VALUE	CURRENT_RUNTIME_DEFAULT	gra/data/civ-matrix.json#/cywilizacje[typCywilizacji=rzymianie]/params/walka_obrona_kawaleria	LEGACY_DOC_PRESENT	docs/encyklopedia/cywilizacje/rzymianie.md	UNWIRED		0		NOT_ACTIVE	not computed by current consumer; retain raw Normal data	not applicable until a consumer is wired and reviewed	gra/src/game/civ-matrix.ts:41-60,71-101 (loader/accessor only); no gameplay call-site found	false
rzymianie	Rzymianie	1	walka_obrona_rydwany	walka	ulamek	civ-bonuses.ts	mul_proc	0	0	false	CURRENT_RUNTIME_DATA	DEFAULT_VALUE	CURRENT_RUNTIME_DEFAULT	gra/data/civ-matrix.json#/cywilizacje[typCywilizacji=rzymianie]/params/walka_obrona_rydwany	LEGACY_DOC_PRESENT	docs/encyklopedia/cywilizacje/rzymianie.md	UNWIRED		0		NOT_ACTIVE	not computed by current consumer; retain raw Normal data	not applicable until a consumer is wired and reviewed	gra/src/game/civ-matrix.ts:41-60,71-101 (loader/accessor only); no gameplay call-site found	false
rzymianie	Rzymianie	1	walka_obrona_obleczenie	walka	ulamek	civ-bonuses.ts	mul_proc	0	0	false	CURRENT_RUNTIME_DATA	DEFAULT_VALUE	CURRENT_RUNTIME_DEFAULT	gra/data/civ-matrix.json#/cywilizacje[typCywilizacji=rzymianie]/params/walka_obrona_obleczenie	LEGACY_DOC_PRESENT	docs/encyklopedia/cywilizacje/rzymianie.md	UNWIRED		0		NOT_ACTIVE	not computed by current consumer; retain raw Normal data	not applicable until a consumer is wired and reviewed	gra/src/game/civ-matrix.ts:41-60,71-101 (loader/accessor only); no gameplay call-site found	false
rzymianie	Rzymianie	1	walka_obrona_morska	walka	ulamek	civ-bonuses.ts	mul_proc	0	0	false	CURRENT_RUNTIME_DATA	DEFAULT_VALUE	CURRENT_RUNTIME_DEFAULT	gra/data/civ-matrix.json#/cywilizacje[typCywilizacji=rzymianie]/params/walka_obrona_morska	LEGACY_DOC_PRESENT	docs/encyklopedia/cywilizacje/rzymianie.md	UNWIRED		0		NOT_ACTIVE	not computed by current consumer; retain raw Normal data	not applicable until a consumer is wired and reviewed	gra/src/game/civ-matrix.ts:41-60,71-101 (loader/accessor only); no gameplay call-site found	false
rzymianie	Rzymianie	1	walka_pancerz_piechota	walka	ulamek	civ-bonuses.ts	mul_proc	0.15	0	true	CURRENT_RUNTIME_DATA	NON_DEFAULT_OVERRIDE	CURRENT_RUNTIME_DATA	gra/data/civ-matrix.json#/cywilizacje[typCywilizacji=rzymianie]/params/walka_pancerz_piechota	LEGACY_DOC_PRESENT	docs/encyklopedia/cywilizacje/rzymianie.md	DEAD_UNWIRED		0.15		NOT_ACTIVE	not computed by current consumer; retain raw Normal data	not applicable until a consumer is wired and reviewed	gra/src/game/civ-matrix.ts:41-60,71-101 (loader/accessor only); no gameplay call-site found	false
rzymianie	Rzymianie	1	walka_pancerz_lukownicy	walka	ulamek	civ-bonuses.ts	mul_proc	0	0	false	CURRENT_RUNTIME_DATA	DEFAULT_VALUE	CURRENT_RUNTIME_DEFAULT	gra/data/civ-matrix.json#/cywilizacje[typCywilizacji=rzymianie]/params/walka_pancerz_lukownicy	LEGACY_DOC_PRESENT	docs/encyklopedia/cywilizacje/rzymianie.md	UNWIRED		0		NOT_ACTIVE	not computed by current consumer; retain raw Normal data	not applicable until a consumer is wired and reviewed	gra/src/game/civ-matrix.ts:41-60,71-101 (loader/accessor only); no gameplay call-site found	false
rzymianie	Rzymianie	1	walka_pancerz_kawaleria	walka	ulamek	civ-bonuses.ts	mul_proc	0	0	false	CURRENT_RUNTIME_DATA	DEFAULT_VALUE	CURRENT_RUNTIME_DEFAULT	gra/data/civ-matrix.json#/cywilizacje[typCywilizacji=rzymianie]/params/walka_pancerz_kawaleria	LEGACY_DOC_PRESENT	docs/encyklopedia/cywilizacje/rzymianie.md	UNWIRED		0		NOT_ACTIVE	not computed by current consumer; retain raw Normal data	not applicable until a consumer is wired and reviewed	gra/src/game/civ-matrix.ts:41-60,71-101 (loader/accessor only); no gameplay call-site found	false
rzymianie	Rzymianie	1	walka_pancerz_rydwany	walka	ulamek	civ-bonuses.ts	mul_proc	0	0	false	CURRENT_RUNTIME_DATA	DEFAULT_VALUE	CURRENT_RUNTIME_DEFAULT	gra/data/civ-matrix.json#/cywilizacje[typCywilizacji=rzymianie]/params/walka_pancerz_rydwany	LEGACY_DOC_PRESENT	docs/encyklopedia/cywilizacje/rzymianie.md	UNWIRED		0		NOT_ACTIVE	not computed by current consumer; retain raw Normal data	not applicable until a consumer is wired and reviewed	gra/src/game/civ-matrix.ts:41-60,71-101 (loader/accessor only); no gameplay call-site found	false
rzymianie	Rzymianie	1	walka_uderzenie_piechota	walka	ulamek	civ-bonuses.ts	mul_proc	0	0	false	CURRENT_RUNTIME_DATA	DEFAULT_VALUE	CURRENT_RUNTIME_DEFAULT	gra/data/civ-matrix.json#/cywilizacje[typCywilizacji=rzymianie]/params/walka_uderzenie_piechota	LEGACY_DOC_PRESENT	docs/encyklopedia/cywilizacje/rzymianie.md	DEAD_UNWIRED		0		NOT_ACTIVE	not computed by current consumer; retain raw Normal data	not applicable until a consumer is wired and reviewed	gra/src/game/civ-matrix.ts:41-60,71-101 (loader/accessor only); no gameplay call-site found	false
rzymianie	Rzymianie	1	walka_uderzenie_kawaleria	walka	ulamek	civ-bonuses.ts	mul_proc	0	0	false	CURRENT_RUNTIME_DATA	DEFAULT_VALUE	CURRENT_RUNTIME_DEFAULT	gra/data/civ-matrix.json#/cywilizacje[typCywilizacji=rzymianie]/params/walka_uderzenie_kawaleria	LEGACY_DOC_PRESENT	docs/encyklopedia/cywilizacje/rzymianie.md	DEAD_UNWIRED		0		NOT_ACTIVE	not computed by current consumer; retain raw Normal data	not applicable until a consumer is wired and reviewed	gra/src/game/civ-matrix.ts:41-60,71-101 (loader/accessor only); no gameplay call-site found	false
rzymianie	Rzymianie	1	walka_uderzenie_rydwany	walka	ulamek	civ-bonuses.ts	mul_proc	0	0	false	CURRENT_RUNTIME_DATA	DEFAULT_VALUE	CURRENT_RUNTIME_DEFAULT	gra/data/civ-matrix.json#/cywilizacje[typCywilizacji=rzymianie]/params/walka_uderzenie_rydwany	LEGACY_DOC_PRESENT	docs/encyklopedia/cywilizacje/rzymianie.md	UNWIRED		0		NOT_ACTIVE	not computed by current consumer; retain raw Normal data	not applicable until a consumer is wired and reviewed	gra/src/game/civ-matrix.ts:41-60,71-101 (loader/accessor only); no gameplay call-site found	false
rzymianie	Rzymianie	1	walka_dystans_lukownicy	walka	ulamek	civ-bonuses.ts	mul_proc	0	0	false	CURRENT_RUNTIME_DATA	DEFAULT_VALUE	CURRENT_RUNTIME_DEFAULT	gra/data/civ-matrix.json#/cywilizacje[typCywilizacji=rzymianie]/params/walka_dystans_lukownicy	LEGACY_DOC_PRESENT	docs/encyklopedia/cywilizacje/rzymianie.md	DEAD_UNWIRED		0		NOT_ACTIVE	not computed by current consumer; retain raw Normal data	not applicable until a consumer is wired and reviewed	gra/src/game/civ-matrix.ts:41-60,71-101 (loader/accessor only); no gameplay call-site found	false
rzymianie	Rzymianie	1	walka_dystans_rydwany	walka	ulamek	civ-bonuses.ts	mul_proc	0	0	false	CURRENT_RUNTIME_DATA	DEFAULT_VALUE	CURRENT_RUNTIME_DEFAULT	gra/data/civ-matrix.json#/cywilizacje[typCywilizacji=rzymianie]/params/walka_dystans_rydwany	LEGACY_DOC_PRESENT	docs/encyklopedia/cywilizacje/rzymianie.md	UNWIRED		0		NOT_ACTIVE	not computed by current consumer; retain raw Normal data	not applicable until a consumer is wired and reviewed	gra/src/game/civ-matrix.ts:41-60,71-101 (loader/accessor only); no gameplay call-site found	false
rzymianie	Rzymianie	1	walka_hp_piechota	walka	ulamek	civ-bonuses.ts	mul_proc	0	0	false	CURRENT_RUNTIME_DATA	DEFAULT_VALUE	CURRENT_RUNTIME_DEFAULT	gra/data/civ-matrix.json#/cywilizacje[typCywilizacji=rzymianie]/params/walka_hp_piechota	LEGACY_DOC_PRESENT	docs/encyklopedia/cywilizacje/rzymianie.md	DEAD_UNWIRED		0		NOT_ACTIVE	not computed by current consumer; retain raw Normal data	not applicable until a consumer is wired and reviewed	gra/src/game/civ-matrix.ts:41-60,71-101 (loader/accessor only); no gameplay call-site found	false
rzymianie	Rzymianie	1	walka_hp_kawaleria	walka	ulamek	civ-bonuses.ts	mul_proc	0	0	false	CURRENT_RUNTIME_DATA	DEFAULT_VALUE	CURRENT_RUNTIME_DEFAULT	gra/data/civ-matrix.json#/cywilizacje[typCywilizacji=rzymianie]/params/walka_hp_kawaleria	LEGACY_DOC_PRESENT	docs/encyklopedia/cywilizacje/rzymianie.md	UNWIRED		0		NOT_ACTIVE	not computed by current consumer; retain raw Normal data	not applicable until a consumer is wired and reviewed	gra/src/game/civ-matrix.ts:41-60,71-101 (loader/accessor only); no gameplay call-site found	false
rzymianie	Rzymianie	1	walka_hp_rydwany	walka	ulamek	civ-bonuses.ts	mul_proc	0	0	false	CURRENT_RUNTIME_DATA	DEFAULT_VALUE	CURRENT_RUNTIME_DEFAULT	gra/data/civ-matrix.json#/cywilizacje[typCywilizacji=rzymianie]/params/walka_hp_rydwany	LEGACY_DOC_PRESENT	docs/encyklopedia/cywilizacje/rzymianie.md	DEAD_UNWIRED		0		NOT_ACTIVE	not computed by current consumer; retain raw Normal data	not applicable until a consumer is wired and reviewed	gra/src/game/civ-matrix.ts:41-60,71-101 (loader/accessor only); no gameplay call-site found	false
rzymianie	Rzymianie	1	walka_ruch_bitwa_proc	walka	ulamek	civ-bonuses.ts	mul_proc	0	0	false	CURRENT_RUNTIME_DATA	DEFAULT_VALUE	CURRENT_RUNTIME_DEFAULT	gra/data/civ-matrix.json#/cywilizacje[typCywilizacji=rzymianie]/params/walka_ruch_bitwa_proc	LEGACY_DOC_PRESENT	docs/encyklopedia/cywilizacje/rzymianie.md	DEAD_UNWIRED		0		NOT_ACTIVE	not computed by current consumer; retain raw Normal data	not applicable until a consumer is wired and reviewed	gra/src/game/civ-matrix.ts:41-60,71-101 (loader/accessor only); no gameplay call-site found	false
rzymianie	Rzymianie	1	walka_zasieg_proc	walka	ulamek	civ-bonuses.ts	mul_proc	0	0	false	CURRENT_RUNTIME_DATA	DEFAULT_VALUE	CURRENT_RUNTIME_DEFAULT	gra/data/civ-matrix.json#/cywilizacje[typCywilizacji=rzymianie]/params/walka_zasieg_proc	LEGACY_DOC_PRESENT	docs/encyklopedia/cywilizacje/rzymianie.md	UNWIRED		0		NOT_ACTIVE	not computed by current consumer; retain raw Normal data	not applicable until a consumer is wired and reviewed	gra/src/game/civ-matrix.ts:41-60,71-101 (loader/accessor only); no gameplay call-site found	false
rzymianie	Rzymianie	1	walka_oblezenie_proc	walka	ulamek	civ-bonuses.ts	mul_proc	0	0	false	CURRENT_RUNTIME_DATA	DEFAULT_VALUE	CURRENT_RUNTIME_DEFAULT	gra/data/civ-matrix.json#/cywilizacje[typCywilizacji=rzymianie]/params/walka_oblezenie_proc	LEGACY_DOC_PRESENT	docs/encyklopedia/cywilizacje/rzymianie.md	UNWIRED		0		NOT_ACTIVE	not computed by current consumer; retain raw Normal data	not applicable until a consumer is wired and reviewed	gra/src/game/civ-matrix.ts:41-60,71-101 (loader/accessor only); no gameplay call-site found	false
rzymianie	Rzymianie	1	walka_koszt_rekrutacji_proc	walka	ulamek	production.ts	mul_proc	0	0	false	CURRENT_RUNTIME_DATA	DEFAULT_VALUE	CURRENT_RUNTIME_DEFAULT	gra/data/civ-matrix.json#/cywilizacje[typCywilizacji=rzymianie]/params/walka_koszt_rekrutacji_proc	LEGACY_DOC_PRESENT	docs/encyklopedia/cywilizacje/rzymianie.md	DEAD_UNWIRED		0		NOT_ACTIVE	not computed by current consumer; retain raw Normal data	not applicable until a consumer is wired and reviewed	gra/src/game/civ-matrix.ts:41-60,71-101 (loader/accessor only); no gameplay call-site found	false
rzymianie	Rzymianie	1	walka_atak_piechota_teren_las	walka	ulamek	civ-bonuses.ts	mul_proc	0	0	false	CURRENT_RUNTIME_DATA	DEFAULT_VALUE	CURRENT_RUNTIME_DEFAULT	gra/data/civ-matrix.json#/cywilizacje[typCywilizacji=rzymianie]/params/walka_atak_piechota_teren_las	LEGACY_DOC_PRESENT	docs/encyklopedia/cywilizacje/rzymianie.md	DEAD_UNWIRED		0		NOT_ACTIVE	not computed by current consumer; retain raw Normal data	not applicable until a consumer is wired and reviewed	gra/src/game/civ-matrix.ts:41-60,71-101 (loader/accessor only); no gameplay call-site found	false
rzymianie	Rzymianie	1	walka_obrona_piechota_teren_las	walka	ulamek	civ-bonuses.ts	mul_proc	0	0	false	CURRENT_RUNTIME_DATA	DEFAULT_VALUE	CURRENT_RUNTIME_DEFAULT	gra/data/civ-matrix.json#/cywilizacje[typCywilizacji=rzymianie]/params/walka_obrona_piechota_teren_las	LEGACY_DOC_PRESENT	docs/encyklopedia/cywilizacje/rzymianie.md	UNWIRED		0		NOT_ACTIVE	not computed by current consumer; retain raw Normal data	not applicable until a consumer is wired and reviewed	gra/src/game/civ-matrix.ts:41-60,71-101 (loader/accessor only); no gameplay call-site found	false
rzymianie	Rzymianie	1	walka_atak_piechota_terytorium_wlasne	walka	ulamek	civ-bonuses.ts	mul_proc	0	0	false	CURRENT_RUNTIME_DATA	DEFAULT_VALUE	CURRENT_RUNTIME_DEFAULT	gra/data/civ-matrix.json#/cywilizacje[typCywilizacji=rzymianie]/params/walka_atak_piechota_terytorium_wlasne	LEGACY_DOC_PRESENT	docs/encyklopedia/cywilizacje/rzymianie.md	UNWIRED		0		NOT_ACTIVE	not computed by current consumer; retain raw Normal data	not applicable until a consumer is wired and reviewed	gra/src/game/civ-matrix.ts:41-60,71-101 (loader/accessor only); no gameplay call-site found	false
rzymianie	Rzymianie	1	walka_obrona_piechota_terytorium_wlasne	walka	ulamek	civ-bonuses.ts	mul_proc	0	0	false	CURRENT_RUNTIME_DATA	DEFAULT_VALUE	CURRENT_RUNTIME_DEFAULT	gra/data/civ-matrix.json#/cywilizacje[typCywilizacji=rzymianie]/params/walka_obrona_piechota_terytorium_wlasne	LEGACY_DOC_PRESENT	docs/encyklopedia/cywilizacje/rzymianie.md	DEAD_UNWIRED		0		NOT_ACTIVE	not computed by current consumer; retain raw Normal data	not applicable until a consumer is wired and reviewed	gra/src/game/civ-matrix.ts:41-60,71-101 (loader/accessor only); no gameplay call-site found	false
rzymianie	Rzymianie	1	walka_atak_piechota_w_murze	walka	ulamek	civ-bonuses.ts	mul_proc	0	0	false	CURRENT_RUNTIME_DATA	DEFAULT_VALUE	CURRENT_RUNTIME_DEFAULT	gra/data/civ-matrix.json#/cywilizacje[typCywilizacji=rzymianie]/params/walka_atak_piechota_w_murze	LEGACY_DOC_PRESENT	docs/encyklopedia/cywilizacje/rzymianie.md	UNWIRED		0		NOT_ACTIVE	not computed by current consumer; retain raw Normal data	not applicable until a consumer is wired and reviewed	gra/src/game/civ-matrix.ts:41-60,71-101 (loader/accessor only); no gameplay call-site found	false
rzymianie	Rzymianie	1	walka_obrona_piechota_w_murze	walka	ulamek	civ-bonuses.ts	mul_proc	0	0	false	CURRENT_RUNTIME_DATA	DEFAULT_VALUE	CURRENT_RUNTIME_DEFAULT	gra/data/civ-matrix.json#/cywilizacje[typCywilizacji=rzymianie]/params/walka_obrona_piechota_w_murze	LEGACY_DOC_PRESENT	docs/encyklopedia/cywilizacje/rzymianie.md	DEAD_UNWIRED		0		NOT_ACTIVE	not computed by current consumer; retain raw Normal data	not applicable until a consumer is wired and reviewed	gra/src/game/civ-matrix.ts:41-60,71-101 (loader/accessor only); no gameplay call-site found	false
rzymianie	Rzymianie	1	walka_atak_piechota_runda_szarzy	walka	ulamek	civ-bonuses.ts	mul_proc	0	0	false	CURRENT_RUNTIME_DATA	DEFAULT_VALUE	CURRENT_RUNTIME_DEFAULT	gra/data/civ-matrix.json#/cywilizacje[typCywilizacji=rzymianie]/params/walka_atak_piechota_runda_szarzy	LEGACY_DOC_PRESENT	docs/encyklopedia/cywilizacje/rzymianie.md	DEAD_UNWIRED		0		NOT_ACTIVE	not computed by current consumer; retain raw Normal data	not applicable until a consumer is wired and reviewed	gra/src/game/civ-matrix.ts:41-60,71-101 (loader/accessor only); no gameplay call-site found	false
rzymianie	Rzymianie	1	walka_obrona_piechota_runda_szarzy	walka	ulamek	civ-bonuses.ts	mul_proc	0	0	false	CURRENT_RUNTIME_DATA	DEFAULT_VALUE	CURRENT_RUNTIME_DEFAULT	gra/data/civ-matrix.json#/cywilizacje[typCywilizacji=rzymianie]/params/walka_obrona_piechota_runda_szarzy	LEGACY_DOC_PRESENT	docs/encyklopedia/cywilizacje/rzymianie.md	UNWIRED		0		NOT_ACTIVE	not computed by current consumer; retain raw Normal data	not applicable until a consumer is wired and reviewed	gra/src/game/civ-matrix.ts:41-60,71-101 (loader/accessor only); no gameplay call-site found	false
rzymianie	Rzymianie	1	walka_atak_piechota_teren_plytkie_morze	walka	ulamek	civ-bonuses.ts	mul_proc	0	0	false	CURRENT_RUNTIME_DATA	DEFAULT_VALUE	CURRENT_RUNTIME_DEFAULT	gra/data/civ-matrix.json#/cywilizacje[typCywilizacji=rzymianie]/params/walka_atak_piechota_teren_plytkie_morze	LEGACY_DOC_PRESENT	docs/encyklopedia/cywilizacje/rzymianie.md	UNWIRED		0		NOT_ACTIVE	not computed by current consumer; retain raw Normal data	not applicable until a consumer is wired and reviewed	gra/src/game/civ-matrix.ts:41-60,71-101 (loader/accessor only); no gameplay call-site found	false
rzymianie	Rzymianie	1	walka_obrona_piechota_teren_plytkie_morze	walka	ulamek	civ-bonuses.ts	mul_proc	0	0	false	CURRENT_RUNTIME_DATA	DEFAULT_VALUE	CURRENT_RUNTIME_DEFAULT	gra/data/civ-matrix.json#/cywilizacje[typCywilizacji=rzymianie]/params/walka_obrona_piechota_teren_plytkie_morze	LEGACY_DOC_PRESENT	docs/encyklopedia/cywilizacje/rzymianie.md	UNWIRED		0		NOT_ACTIVE	not computed by current consumer; retain raw Normal data	not applicable until a consumer is wired and reviewed	gra/src/game/civ-matrix.ts:41-60,71-101 (loader/accessor only); no gameplay call-site found	false
rzymianie	Rzymianie	1	spec_Atak	jednostka_spec	absolut	units.json+combat.ts	stat_abs	0	0	false	CURRENT_RUNTIME_DATA	DEFAULT_VALUE	CURRENT_RUNTIME_DEFAULT	gra/data/civ-matrix.json#/cywilizacje[typCywilizacji=rzymianie]/params/spec_Atak	LEGACY_DOC_PRESENT	docs/encyklopedia/cywilizacje/rzymianie.md	DEAD_UNWIRED		0		NOT_ACTIVE	not computed by current consumer; retain raw Normal data	not applicable until a consumer is wired and reviewed	gra/src/game/civ-matrix.ts:41-60,71-101 (loader/accessor only); no gameplay call-site found	false
rzymianie	Rzymianie	1	spec_Obrazenia	jednostka_spec	absolut	units.json+combat.ts	stat_abs	0	0	false	CURRENT_RUNTIME_DATA	DEFAULT_VALUE	CURRENT_RUNTIME_DEFAULT	gra/data/civ-matrix.json#/cywilizacje[typCywilizacji=rzymianie]/params/spec_Obrazenia	LEGACY_DOC_PRESENT	docs/encyklopedia/cywilizacje/rzymianie.md	DEAD_UNWIRED		0		NOT_ACTIVE	not computed by current consumer; retain raw Normal data	not applicable until a consumer is wired and reviewed	gra/src/game/civ-matrix.ts:41-60,71-101 (loader/accessor only); no gameplay call-site found	false
rzymianie	Rzymianie	1	spec_Obrona	jednostka_spec	absolut	units.json+combat.ts	stat_abs	0	0	false	CURRENT_RUNTIME_DATA	DEFAULT_VALUE	CURRENT_RUNTIME_DEFAULT	gra/data/civ-matrix.json#/cywilizacje[typCywilizacji=rzymianie]/params/spec_Obrona	LEGACY_DOC_PRESENT	docs/encyklopedia/cywilizacje/rzymianie.md	DEAD_UNWIRED		0		NOT_ACTIVE	not computed by current consumer; retain raw Normal data	not applicable until a consumer is wired and reviewed	gra/src/game/civ-matrix.ts:41-60,71-101 (loader/accessor only); no gameplay call-site found	false
rzymianie	Rzymianie	1	spec_Uderzenie	jednostka_spec	absolut	units.json+combat.ts	stat_abs	0	0	false	CURRENT_RUNTIME_DATA	DEFAULT_VALUE	CURRENT_RUNTIME_DEFAULT	gra/data/civ-matrix.json#/cywilizacje[typCywilizacji=rzymianie]/params/spec_Uderzenie	LEGACY_DOC_PRESENT	docs/encyklopedia/cywilizacje/rzymianie.md	DEAD_UNWIRED		0		NOT_ACTIVE	not computed by current consumer; retain raw Normal data	not applicable until a consumer is wired and reviewed	gra/src/game/civ-matrix.ts:41-60,71-101 (loader/accessor only); no gameplay call-site found	false
rzymianie	Rzymianie	1	spec_Pancerz	jednostka_spec	absolut	units.json+combat.ts	stat_abs	0	0	false	CURRENT_RUNTIME_DATA	DEFAULT_VALUE	CURRENT_RUNTIME_DEFAULT	gra/data/civ-matrix.json#/cywilizacje[typCywilizacji=rzymianie]/params/spec_Pancerz	LEGACY_DOC_PRESENT	docs/encyklopedia/cywilizacje/rzymianie.md	DEAD_UNWIRED		0		NOT_ACTIVE	not computed by current consumer; retain raw Normal data	not applicable until a consumer is wired and reviewed	gra/src/game/civ-matrix.ts:41-60,71-101 (loader/accessor only); no gameplay call-site found	false
rzymianie	Rzymianie	1	spec_Przebicie	jednostka_spec	absolut	units.json+combat.ts	stat_abs	0	0	false	CURRENT_RUNTIME_DATA	DEFAULT_VALUE	CURRENT_RUNTIME_DEFAULT	gra/data/civ-matrix.json#/cywilizacje[typCywilizacji=rzymianie]/params/spec_Przebicie	LEGACY_DOC_PRESENT	docs/encyklopedia/cywilizacje/rzymianie.md	DEAD_UNWIRED		0		NOT_ACTIVE	not computed by current consumer; retain raw Normal data	not applicable until a consumer is wired and reviewed	gra/src/game/civ-matrix.ts:41-60,71-101 (loader/accessor only); no gameplay call-site found	false
rzymianie	Rzymianie	1	spec_Health	jednostka_spec	absolut	units.json+combat.ts	stat_abs	0	0	false	CURRENT_RUNTIME_DATA	DEFAULT_VALUE	CURRENT_RUNTIME_DEFAULT	gra/data/civ-matrix.json#/cywilizacje[typCywilizacji=rzymianie]/params/spec_Health	LEGACY_DOC_PRESENT	docs/encyklopedia/cywilizacje/rzymianie.md	DEAD_UNWIRED		0		NOT_ACTIVE	not computed by current consumer; retain raw Normal data	not applicable until a consumer is wired and reviewed	gra/src/game/civ-matrix.ts:41-60,71-101 (loader/accessor only); no gameplay call-site found	false
rzymianie	Rzymianie	1	spec_Atak_dystansowy	jednostka_spec	absolut	units.json+combat.ts	stat_abs	0	0	false	CURRENT_RUNTIME_DATA	DEFAULT_VALUE	CURRENT_RUNTIME_DEFAULT	gra/data/civ-matrix.json#/cywilizacje[typCywilizacji=rzymianie]/params/spec_Atak_dystansowy	LEGACY_DOC_PRESENT	docs/encyklopedia/cywilizacje/rzymianie.md	DEAD_UNWIRED		0		NOT_ACTIVE	not computed by current consumer; retain raw Normal data	not applicable until a consumer is wired and reviewed	gra/src/game/civ-matrix.ts:41-60,71-101 (loader/accessor only); no gameplay call-site found	false
rzymianie	Rzymianie	1	spec_Zasieg_hex	jednostka_spec	absolut	units.json+combat.ts	stat_abs	0	0	false	CURRENT_RUNTIME_DATA	DEFAULT_VALUE	CURRENT_RUNTIME_DEFAULT	gra/data/civ-matrix.json#/cywilizacje[typCywilizacji=rzymianie]/params/spec_Zasieg_hex	LEGACY_DOC_PRESENT	docs/encyklopedia/cywilizacje/rzymianie.md	DEAD_UNWIRED		0		NOT_ACTIVE	not computed by current consumer; retain raw Normal data	not applicable until a consumer is wired and reviewed	gra/src/game/civ-matrix.ts:41-60,71-101 (loader/accessor only); no gameplay call-site found	false
rzymianie	Rzymianie	1	spec_Pociski	jednostka_spec	absolut	units.json+combat.ts	stat_abs	0	0	false	CURRENT_RUNTIME_DATA	DEFAULT_VALUE	CURRENT_RUNTIME_DEFAULT	gra/data/civ-matrix.json#/cywilizacje[typCywilizacji=rzymianie]/params/spec_Pociski	LEGACY_DOC_PRESENT	docs/encyklopedia/cywilizacje/rzymianie.md	DEAD_UNWIRED		0		NOT_ACTIVE	not computed by current consumer; retain raw Normal data	not applicable until a consumer is wired and reviewed	gra/src/game/civ-matrix.ts:41-60,71-101 (loader/accessor only); no gameplay call-site found	false
rzymianie	Rzymianie	1	spec_Ruch_bitwa	jednostka_spec	absolut	units.json+combat.ts	stat_abs	0	0	false	CURRENT_RUNTIME_DATA	DEFAULT_VALUE	CURRENT_RUNTIME_DEFAULT	gra/data/civ-matrix.json#/cywilizacje[typCywilizacji=rzymianie]/params/spec_Ruch_bitwa	LEGACY_DOC_PRESENT	docs/encyklopedia/cywilizacje/rzymianie.md	DEAD_UNWIRED		0		NOT_ACTIVE	not computed by current consumer; retain raw Normal data	not applicable until a consumer is wired and reviewed	gra/src/game/civ-matrix.ts:41-60,71-101 (loader/accessor only); no gameplay call-site found	false
rzymianie	Rzymianie	1	spec_Ruch_mapa	jednostka_spec	absolut	units.json+combat.ts	stat_abs	0	0	false	CURRENT_RUNTIME_DATA	DEFAULT_VALUE	CURRENT_RUNTIME_DEFAULT	gra/data/civ-matrix.json#/cywilizacje[typCywilizacji=rzymianie]/params/spec_Ruch_mapa	LEGACY_DOC_PRESENT	docs/encyklopedia/cywilizacje/rzymianie.md	DEAD_UNWIRED		0		NOT_ACTIVE	not computed by current consumer; retain raw Normal data	not applicable until a consumer is wired and reviewed	gra/src/game/civ-matrix.ts:41-60,71-101 (loader/accessor only); no gameplay call-site found	false
rzymianie	Rzymianie	1	spec_Widok	jednostka_spec	absolut	units.json+combat.ts	stat_abs	0	0	false	CURRENT_RUNTIME_DATA	DEFAULT_VALUE	CURRENT_RUNTIME_DEFAULT	gra/data/civ-matrix.json#/cywilizacje[typCywilizacji=rzymianie]/params/spec_Widok	LEGACY_DOC_PRESENT	docs/encyklopedia/cywilizacje/rzymianie.md	DEAD_UNWIRED		0		NOT_ACTIVE	not computed by current consumer; retain raw Normal data	not applicable until a consumer is wired and reviewed	gra/src/game/civ-matrix.ts:41-60,71-101 (loader/accessor only); no gameplay call-site found	false
rzymianie	Rzymianie	1	spec_Dezercja_proc	jednostka_spec	absolut	units.json+combat.ts	stat_abs	0	0	false	CURRENT_RUNTIME_DATA	DEFAULT_VALUE	CURRENT_RUNTIME_DEFAULT	gra/data/civ-matrix.json#/cywilizacje[typCywilizacji=rzymianie]/params/spec_Dezercja_proc	LEGACY_DOC_PRESENT	docs/encyklopedia/cywilizacje/rzymianie.md	DEAD_UNWIRED		0		NOT_ACTIVE	not computed by current consumer; retain raw Normal data	not applicable until a consumer is wired and reviewed	gra/src/game/civ-matrix.ts:41-60,71-101 (loader/accessor only); no gameplay call-site found	false
rzymianie	Rzymianie	1	spec_Morale	jednostka_spec	absolut	units.json+combat.ts	stat_abs	0	0	false	CURRENT_RUNTIME_DATA	DEFAULT_VALUE	CURRENT_RUNTIME_DEFAULT	gra/data/civ-matrix.json#/cywilizacje[typCywilizacji=rzymianie]/params/spec_Morale	LEGACY_DOC_PRESENT	docs/encyklopedia/cywilizacje/rzymianie.md	DEAD_UNWIRED		0		NOT_ACTIVE	not computed by current consumer; retain raw Normal data	not applicable until a consumer is wired and reviewed	gra/src/game/civ-matrix.ts:41-60,71-101 (loader/accessor only); no gameplay call-site found	false
rzymianie	Rzymianie	1	spec_Koszt_pieniadz	jednostka_spec	absolut	units.json+combat.ts	stat_abs	0	0	false	CURRENT_RUNTIME_DATA	DEFAULT_VALUE	CURRENT_RUNTIME_DEFAULT	gra/data/civ-matrix.json#/cywilizacje[typCywilizacji=rzymianie]/params/spec_Koszt_pieniadz	LEGACY_DOC_PRESENT	docs/encyklopedia/cywilizacje/rzymianie.md	DEAD_UNWIRED		0		NOT_ACTIVE	not computed by current consumer; retain raw Normal data	not applicable until a consumer is wired and reviewed	gra/src/game/civ-matrix.ts:41-60,71-101 (loader/accessor only); no gameplay call-site found	false
rzymianie	Rzymianie	1	spec_Utrzymanie	jednostka_spec	absolut	units.json+combat.ts	stat_abs	0	0	false	CURRENT_RUNTIME_DATA	DEFAULT_VALUE	CURRENT_RUNTIME_DEFAULT	gra/data/civ-matrix.json#/cywilizacje[typCywilizacji=rzymianie]/params/spec_Utrzymanie	LEGACY_DOC_PRESENT	docs/encyklopedia/cywilizacje/rzymianie.md	DEAD_UNWIRED		0		NOT_ACTIVE	not computed by current consumer; retain raw Normal data	not applicable until a consumer is wired and reviewed	gra/src/game/civ-matrix.ts:41-60,71-101 (loader/accessor only); no gameplay call-site found	false
rzymianie	Rzymianie	1	spec_Zywnosc_ture	jednostka_spec	absolut	units.json+combat.ts	stat_abs	0	0	false	CURRENT_RUNTIME_DATA	DEFAULT_VALUE	CURRENT_RUNTIME_DEFAULT	gra/data/civ-matrix.json#/cywilizacje[typCywilizacji=rzymianie]/params/spec_Zywnosc_ture	LEGACY_DOC_PRESENT	docs/encyklopedia/cywilizacje/rzymianie.md	DEAD_UNWIRED		0		NOT_ACTIVE	not computed by current consumer; retain raw Normal data	not applicable until a consumer is wired and reviewed	gra/src/game/civ-matrix.ts:41-60,71-101 (loader/accessor only); no gameplay call-site found	false
rzymianie	Rzymianie	1	eko_praca_proc	ekonomia	ulamek	economy.ts	mul_proc	0	0	false	CURRENT_RUNTIME_DATA	DEFAULT_VALUE	CURRENT_RUNTIME_DEFAULT	gra/data/civ-matrix.json#/cywilizacje[typCywilizacji=rzymianie]/params/eko_praca_proc	LEGACY_DOC_PRESENT	docs/encyklopedia/cywilizacje/rzymianie.md	DEAD_UNWIRED		0		NOT_ACTIVE	not computed by current consumer; retain raw Normal data	not applicable until a consumer is wired and reviewed	gra/src/game/civ-matrix.ts:41-60,71-101 (loader/accessor only); no gameplay call-site found	false
rzymianie	Rzymianie	1	eko_pieniadz_proc	ekonomia	ulamek	economy.ts	mul_proc	0	0	false	CURRENT_RUNTIME_DATA	DEFAULT_VALUE	CURRENT_RUNTIME_DEFAULT	gra/data/civ-matrix.json#/cywilizacje[typCywilizacji=rzymianie]/params/eko_pieniadz_proc	LEGACY_DOC_PRESENT	docs/encyklopedia/cywilizacje/rzymianie.md	DEAD_UNWIRED		0		NOT_ACTIVE	not computed by current consumer; retain raw Normal data	not applicable until a consumer is wired and reviewed	gra/src/game/civ-matrix.ts:41-60,71-101 (loader/accessor only); no gameplay call-site found	false
rzymianie	Rzymianie	1	eko_pieniadz_port_proc	ekonomia	ulamek	economy.ts	mul_proc	0	0	false	CURRENT_RUNTIME_DATA	DEFAULT_VALUE	CURRENT_RUNTIME_DEFAULT	gra/data/civ-matrix.json#/cywilizacje[typCywilizacji=rzymianie]/params/eko_pieniadz_port_proc	LEGACY_DOC_PRESENT	docs/encyklopedia/cywilizacje/rzymianie.md	DEAD_UNWIRED		0		NOT_ACTIVE	not computed by current consumer; retain raw Normal data	not applicable until a consumer is wired and reviewed	gra/src/game/civ-matrix.ts:41-60,71-101 (loader/accessor only); no gameplay call-site found	false
rzymianie	Rzymianie	1	eko_zywnosc_proc	ekonomia	ulamek	economy.ts	mul_proc	0	0	false	CURRENT_RUNTIME_DATA	DEFAULT_VALUE	CURRENT_RUNTIME_DEFAULT	gra/data/civ-matrix.json#/cywilizacje[typCywilizacji=rzymianie]/params/eko_zywnosc_proc	LEGACY_DOC_PRESENT	docs/encyklopedia/cywilizacje/rzymianie.md	UNWIRED		0		NOT_ACTIVE	not computed by current consumer; retain raw Normal data	not applicable until a consumer is wired and reviewed	gra/src/game/civ-matrix.ts:41-60,71-101 (loader/accessor only); no gameplay call-site found	false
rzymianie	Rzymianie	1	eko_nauka_proc	ekonomia	ulamek	economy.ts	mul_proc	0	0	false	CURRENT_RUNTIME_DATA	DEFAULT_VALUE	CURRENT_RUNTIME_DEFAULT	gra/data/civ-matrix.json#/cywilizacje[typCywilizacji=rzymianie]/params/eko_nauka_proc	LEGACY_DOC_PRESENT	docs/encyklopedia/cywilizacje/rzymianie.md	DEAD_UNWIRED		0		NOT_ACTIVE	not computed by current consumer; retain raw Normal data	not applicable until a consumer is wired and reviewed	gra/src/game/civ-matrix.ts:41-60,71-101 (loader/accessor only); no gameplay call-site found	false
rzymianie	Rzymianie	1	eko_kultura_proc	ekonomia	ulamek	economy.ts	mul_proc	0	0	false	CURRENT_RUNTIME_DATA	DEFAULT_VALUE	CURRENT_RUNTIME_DEFAULT	gra/data/civ-matrix.json#/cywilizacje[typCywilizacji=rzymianie]/params/eko_kultura_proc	LEGACY_DOC_PRESENT	docs/encyklopedia/cywilizacje/rzymianie.md	UNWIRED		0		NOT_ACTIVE	not computed by current consumer; retain raw Normal data	not applicable until a consumer is wired and reviewed	gra/src/game/civ-matrix.ts:41-60,71-101 (loader/accessor only); no gameplay call-site found	false
rzymianie	Rzymianie	1	eko_luksus_proc	ekonomia	ulamek	economy.ts	mul_proc	0	0	false	CURRENT_RUNTIME_DATA	DEFAULT_VALUE	CURRENT_RUNTIME_DEFAULT	gra/data/civ-matrix.json#/cywilizacje[typCywilizacji=rzymianie]/params/eko_luksus_proc	LEGACY_DOC_PRESENT	docs/encyklopedia/cywilizacje/rzymianie.md	UNWIRED		0		NOT_ACTIVE	not computed by current consumer; retain raw Normal data	not applicable until a consumer is wired and reviewed	gra/src/game/civ-matrix.ts:41-60,71-101 (loader/accessor only); no gameplay call-site found	false
rzymianie	Rzymianie	1	eko_zadowolenie_proc	ekonomia	ulamek	economy.ts	mul_proc	0	0	false	CURRENT_RUNTIME_DATA	DEFAULT_VALUE	CURRENT_RUNTIME_DEFAULT	gra/data/civ-matrix.json#/cywilizacje[typCywilizacji=rzymianie]/params/eko_zadowolenie_proc	LEGACY_DOC_PRESENT	docs/encyklopedia/cywilizacje/rzymianie.md	UNWIRED		0		NOT_ACTIVE	not computed by current consumer; retain raw Normal data	not applicable until a consumer is wired and reviewed	gra/src/game/civ-matrix.ts:41-60,71-101 (loader/accessor only); no gameplay call-site found	false
rzymianie	Rzymianie	1	eko_handel_brutto_proc	ekonomia	ulamek	economy.ts	mul_proc	0	0	false	CURRENT_RUNTIME_DATA	DEFAULT_VALUE	CURRENT_RUNTIME_DEFAULT	gra/data/civ-matrix.json#/cywilizacje[typCywilizacji=rzymianie]/params/eko_handel_brutto_proc	LEGACY_DOC_PRESENT	docs/encyklopedia/cywilizacje/rzymianie.md	DEAD_UNWIRED		0		NOT_ACTIVE	not computed by current consumer; retain raw Normal data	not applicable until a consumer is wired and reviewed	gra/src/game/civ-matrix.ts:41-60,71-101 (loader/accessor only); no gameplay call-site found	false
rzymianie	Rzymianie	1	eko_korupcja_proc	ekonomia	ulamek	economy.ts	mul_proc	0	0	false	CURRENT_RUNTIME_DATA	DEFAULT_VALUE	CURRENT_RUNTIME_DEFAULT	gra/data/civ-matrix.json#/cywilizacje[typCywilizacji=rzymianie]/params/eko_korupcja_proc	LEGACY_DOC_PRESENT	docs/encyklopedia/cywilizacje/rzymianie.md	UNWIRED		0		NOT_ACTIVE	not computed by current consumer; retain raw Normal data	not applicable until a consumer is wired and reviewed	gra/src/game/civ-matrix.ts:41-60,71-101 (loader/accessor only); no gameplay call-site found	false
rzymianie	Rzymianie	1	prod_koszt_budynku_proc	produkcja	ulamek	civ-bonuses.ts	mul_proc	0.2	0	true	CURRENT_RUNTIME_DATA	NON_DEFAULT_OVERRIDE	CURRENT_RUNTIME_DATA	gra/data/civ-matrix.json#/cywilizacje[typCywilizacji=rzymianie]/params/prod_koszt_budynku_proc	LEGACY_DOC_PRESENT	docs/encyklopedia/cywilizacje/rzymianie.md	DEAD_UNWIRED		0.2		NOT_ACTIVE	not computed by current consumer; retain raw Normal data	not applicable until a consumer is wired and reviewed	gra/src/game/civ-matrix.ts:41-60,71-101 (loader/accessor only); no gameplay call-site found	false
rzymianie	Rzymianie	1	prod_koszt_jednostki_proc	produkcja	ulamek	production.ts	mul_proc	0	0	false	CURRENT_RUNTIME_DATA	DEFAULT_VALUE	CURRENT_RUNTIME_DEFAULT	gra/data/civ-matrix.json#/cywilizacje[typCywilizacji=rzymianie]/params/prod_koszt_jednostki_proc	LEGACY_DOC_PRESENT	docs/encyklopedia/cywilizacje/rzymianie.md	DEAD_UNWIRED		0		NOT_ACTIVE	not computed by current consumer; retain raw Normal data	not applicable until a consumer is wired and reviewed	gra/src/game/civ-matrix.ts:41-60,71-101 (loader/accessor only); no gameplay call-site found	false
rzymianie	Rzymianie	1	prod_szybkosc_budynku_proc	produkcja	ulamek	production.ts	mul_proc	0	0	false	CURRENT_RUNTIME_DATA	DEFAULT_VALUE	CURRENT_RUNTIME_DEFAULT	gra/data/civ-matrix.json#/cywilizacje[typCywilizacji=rzymianie]/params/prod_szybkosc_budynku_proc	LEGACY_DOC_PRESENT	docs/encyklopedia/cywilizacje/rzymianie.md	UNWIRED		0		NOT_ACTIVE	not computed by current consumer; retain raw Normal data	not applicable until a consumer is wired and reviewed	gra/src/game/civ-matrix.ts:41-60,71-101 (loader/accessor only); no gameplay call-site found	false
rzymianie	Rzymianie	1	prod_szybkosc_jednostki_proc	produkcja	ulamek	production.ts	mul_proc	0	0	false	CURRENT_RUNTIME_DATA	DEFAULT_VALUE	CURRENT_RUNTIME_DEFAULT	gra/data/civ-matrix.json#/cywilizacje[typCywilizacji=rzymianie]/params/prod_szybkosc_jednostki_proc	LEGACY_DOC_PRESENT	docs/encyklopedia/cywilizacje/rzymianie.md	UNWIRED		0		NOT_ACTIVE	not computed by current consumer; retain raw Normal data	not applicable until a consumer is wired and reviewed	gra/src/game/civ-matrix.ts:41-60,71-101 (loader/accessor only); no gameplay call-site found	false
rzymianie	Rzymianie	1	prod_rush_koszt_proc	produkcja	ulamek	production.ts	mul_proc	0	0	false	CURRENT_RUNTIME_DATA	DEFAULT_VALUE	CURRENT_RUNTIME_DEFAULT	gra/data/civ-matrix.json#/cywilizacje[typCywilizacji=rzymianie]/params/prod_rush_koszt_proc	LEGACY_DOC_PRESENT	docs/encyklopedia/cywilizacje/rzymianie.md	UNWIRED		0		NOT_ACTIVE	not computed by current consumer; retain raw Normal data	not applicable until a consumer is wired and reviewed	gra/src/game/civ-matrix.ts:41-60,71-101 (loader/accessor only); no gameplay call-site found	false
rzymianie	Rzymianie	1	lud_wzrost_proc	ludnosc	ulamek	economy.ts	mul_proc	0	0	false	CURRENT_RUNTIME_DATA	DEFAULT_VALUE	CURRENT_RUNTIME_DEFAULT	gra/data/civ-matrix.json#/cywilizacje[typCywilizacji=rzymianie]/params/lud_wzrost_proc	LEGACY_DOC_PRESENT	docs/encyklopedia/cywilizacje/rzymianie.md	REAL_GAMEPLAY	0.0	0	0.0	GROWTH_DIFFICULTY_MULT	easy=raw*0.5; normal=raw; hard=raw*1.5; contribution rounded to percent	wyżej = szybszy wzrost i silniejszy AI; Hard ×1.5, Easy ×0.5	gra/src/game/population-growth-v85.ts:84-90,230-232	false
rzymianie	Rzymianie	1	lud_spadek_proc	ludnosc	ulamek	economy.ts	mul_proc	0	0	false	CURRENT_RUNTIME_DATA	DEFAULT_VALUE	CURRENT_RUNTIME_DEFAULT	gra/data/civ-matrix.json#/cywilizacje[typCywilizacji=rzymianie]/params/lud_spadek_proc	LEGACY_DOC_PRESENT	docs/encyklopedia/cywilizacje/rzymianie.md	UNWIRED		0		NOT_ACTIVE	not computed by current consumer; retain raw Normal data	not applicable until a consumer is wired and reviewed	gra/src/game/civ-matrix.ts:41-60,71-101 (loader/accessor only); no gameplay call-site found	false
rzymianie	Rzymianie	1	lud_zdrowie_proc	ludnosc	ulamek	turn-economy.ts	mul_proc	0	0	false	CURRENT_RUNTIME_DATA	DEFAULT_VALUE	CURRENT_RUNTIME_DEFAULT	gra/data/civ-matrix.json#/cywilizacje[typCywilizacji=rzymianie]/params/lud_zdrowie_proc	LEGACY_DOC_PRESENT	docs/encyklopedia/cywilizacje/rzymianie.md	UNWIRED		0		NOT_ACTIVE	not computed by current consumer; retain raw Normal data	not applicable until a consumer is wired and reviewed	gra/src/game/civ-matrix.ts:41-60,71-101 (loader/accessor only); no gameplay call-site found	false
rzymianie	Rzymianie	1	lud_zadowolenie_bazowe	ludnosc	absolut	culture-religion.ts	add	0	0	false	CURRENT_RUNTIME_DATA	DEFAULT_VALUE	CURRENT_RUNTIME_DEFAULT	gra/data/civ-matrix.json#/cywilizacje[typCywilizacji=rzymianie]/params/lud_zadowolenie_bazowe	LEGACY_DOC_PRESENT	docs/encyklopedia/cywilizacje/rzymianie.md	UNWIRED		0		NOT_ACTIVE	not computed by current consumer; retain raw Normal data	not applicable until a consumer is wired and reviewed	gra/src/game/civ-matrix.ts:41-60,71-101 (loader/accessor only); no gameplay call-site found	false
rzymianie	Rzymianie	1	lud_limit_populacji	ludnosc	absolut	cities.ts	add	10	10	false	CURRENT_RUNTIME_DATA	DEFAULT_VALUE	CURRENT_RUNTIME_DEFAULT	gra/data/civ-matrix.json#/cywilizacje[typCywilizacji=rzymianie]/params/lud_limit_populacji	LEGACY_DOC_PRESENT	docs/encyklopedia/cywilizacje/rzymianie.md	UNWIRED		10		NOT_ACTIVE	not computed by current consumer; retain raw Normal data	not applicable until a consumer is wired and reviewed	gra/src/game/civ-matrix.ts:41-60,71-101 (loader/accessor only); no gameplay call-site found	false
rzymianie	Rzymianie	1	mp_regen_proc	manpower	ulamek	manpower.ts	mul_proc	0.35	0	true	CURRENT_RUNTIME_DATA	NON_DEFAULT_OVERRIDE	CURRENT_RUNTIME_DATA	gra/data/civ-matrix.json#/cywilizacje[typCywilizacji=rzymianie]/params/mp_regen_proc	LEGACY_DOC_PRESENT	docs/encyklopedia/cywilizacje/rzymianie.md	DEAD_UNWIRED		0.35		NOT_ACTIVE	not computed by current consumer; retain raw Normal data	not applicable until a consumer is wired and reviewed	gra/src/game/civ-matrix.ts:41-60,71-101 (loader/accessor only); no gameplay call-site found	false
rzymianie	Rzymianie	1	mp_max_proc	manpower	ulamek	manpower.ts	mul_proc	0	0	false	CURRENT_RUNTIME_DATA	DEFAULT_VALUE	CURRENT_RUNTIME_DEFAULT	gra/data/civ-matrix.json#/cywilizacje[typCywilizacji=rzymianie]/params/mp_max_proc	LEGACY_DOC_PRESENT	docs/encyklopedia/cywilizacje/rzymianie.md	UNWIRED		0		NOT_ACTIVE	not computed by current consumer; retain raw Normal data	not applicable until a consumer is wired and reviewed	gra/src/game/civ-matrix.ts:41-60,71-101 (loader/accessor only); no gameplay call-site found	false
rzymianie	Rzymianie	1	mp_koszt_jednostki_proc	manpower	ulamek	manpower.ts	mul_proc	0	0	false	CURRENT_RUNTIME_DATA	DEFAULT_VALUE	CURRENT_RUNTIME_DEFAULT	gra/data/civ-matrix.json#/cywilizacje[typCywilizacji=rzymianie]/params/mp_koszt_jednostki_proc	LEGACY_DOC_PRESENT	docs/encyklopedia/cywilizacje/rzymianie.md	UNWIRED		0		NOT_ACTIVE	not computed by current consumer; retain raw Normal data	not applicable until a consumer is wired and reviewed	gra/src/game/civ-matrix.ts:41-60,71-101 (loader/accessor only); no gameplay call-site found	false
rzymianie	Rzymianie	1	wealth_cap_proc	spoleczenstwo	ulamek	wealth.ts	mul_proc	0	0	false	CURRENT_RUNTIME_DATA	DEFAULT_VALUE	CURRENT_RUNTIME_DEFAULT	gra/data/civ-matrix.json#/cywilizacje[typCywilizacji=rzymianie]/params/wealth_cap_proc	LEGACY_DOC_PRESENT	docs/encyklopedia/cywilizacje/rzymianie.md	UNWIRED		0		NOT_ACTIVE	not computed by current consumer; retain raw Normal data	not applicable until a consumer is wired and reviewed	gra/src/game/civ-matrix.ts:41-60,71-101 (loader/accessor only); no gameplay call-site found	false
rzymianie	Rzymianie	1	wealth_mnoznik_proc	spoleczenstwo	ulamek	wealth.ts	mul_proc	0	0	false	CURRENT_RUNTIME_DATA	DEFAULT_VALUE	CURRENT_RUNTIME_DEFAULT	gra/data/civ-matrix.json#/cywilizacje[typCywilizacji=rzymianie]/params/wealth_mnoznik_proc	LEGACY_DOC_PRESENT	docs/encyklopedia/cywilizacje/rzymianie.md	UNWIRED		0		NOT_ACTIVE	not computed by current consumer; retain raw Normal data	not applicable until a consumer is wired and reviewed	gra/src/game/civ-matrix.ts:41-60,71-101 (loader/accessor only); no gameplay call-site found	false
rzymianie	Rzymianie	1	kultura_naplyw_proc	spoleczenstwo	ulamek	culture-religion.ts	mul_proc	0	0	false	CURRENT_RUNTIME_DATA	DEFAULT_VALUE	CURRENT_RUNTIME_DEFAULT	gra/data/civ-matrix.json#/cywilizacje[typCywilizacji=rzymianie]/params/kultura_naplyw_proc	LEGACY_DOC_PRESENT	docs/encyklopedia/cywilizacje/rzymianie.md	UNWIRED		0		NOT_ACTIVE	not computed by current consumer; retain raw Normal data	not applicable until a consumer is wired and reviewed	gra/src/game/civ-matrix.ts:41-60,71-101 (loader/accessor only); no gameplay call-site found	false
rzymianie	Rzymianie	1	religia_spread_proc	spoleczenstwo	ulamek	culture-religion.ts	mul_proc	0	0	false	CURRENT_RUNTIME_DATA	DEFAULT_VALUE	CURRENT_RUNTIME_DEFAULT	gra/data/civ-matrix.json#/cywilizacje[typCywilizacji=rzymianie]/params/religia_spread_proc	LEGACY_DOC_PRESENT	docs/encyklopedia/cywilizacje/rzymianie.md	UNWIRED		0		NOT_ACTIVE	not computed by current consumer; retain raw Normal data	not applicable until a consumer is wired and reviewed	gra/src/game/civ-matrix.ts:41-60,71-101 (loader/accessor only); no gameplay call-site found	false
rzymianie	Rzymianie	1	porzadek_produkcja_proc	spoleczenstwo	ulamek	order.ts	mul_proc	0	0	false	CURRENT_RUNTIME_DATA	DEFAULT_VALUE	CURRENT_RUNTIME_DEFAULT	gra/data/civ-matrix.json#/cywilizacje[typCywilizacji=rzymianie]/params/porzadek_produkcja_proc	LEGACY_DOC_PRESENT	docs/encyklopedia/cywilizacje/rzymianie.md	UNWIRED		0		NOT_ACTIVE	not computed by current consumer; retain raw Normal data	not applicable until a consumer is wired and reviewed	gra/src/game/civ-matrix.ts:41-60,71-101 (loader/accessor only); no gameplay call-site found	false
rzymianie	Rzymianie	1	porzadek_pieniadz_proc	spoleczenstwo	ulamek	order.ts	mul_proc	0	0	false	CURRENT_RUNTIME_DATA	DEFAULT_VALUE	CURRENT_RUNTIME_DEFAULT	gra/data/civ-matrix.json#/cywilizacje[typCywilizacji=rzymianie]/params/porzadek_pieniadz_proc	LEGACY_DOC_PRESENT	docs/encyklopedia/cywilizacje/rzymianie.md	UNWIRED		0		NOT_ACTIVE	not computed by current consumer; retain raw Normal data	not applicable until a consumer is wired and reviewed	gra/src/game/civ-matrix.ts:41-60,71-101 (loader/accessor only); no gameplay call-site found	false
rzymianie	Rzymianie	1	porzadek_nauka_proc	spoleczenstwo	ulamek	order.ts	mul_proc	0	0	false	CURRENT_RUNTIME_DATA	DEFAULT_VALUE	CURRENT_RUNTIME_DEFAULT	gra/data/civ-matrix.json#/cywilizacje[typCywilizacji=rzymianie]/params/porzadek_nauka_proc	LEGACY_DOC_PRESENT	docs/encyklopedia/cywilizacje/rzymianie.md	UNWIRED		0		NOT_ACTIVE	not computed by current consumer; retain raw Normal data	not applicable until a consumer is wired and reviewed	gra/src/game/civ-matrix.ts:41-60,71-101 (loader/accessor only); no gameplay call-site found	false
rzymianie	Rzymianie	1	porzadek_kultura_proc	spoleczenstwo	ulamek	order.ts	mul_proc	0	0	false	CURRENT_RUNTIME_DATA	DEFAULT_VALUE	CURRENT_RUNTIME_DEFAULT	gra/data/civ-matrix.json#/cywilizacje[typCywilizacji=rzymianie]/params/porzadek_kultura_proc	LEGACY_DOC_PRESENT	docs/encyklopedia/cywilizacje/rzymianie.md	UNWIRED		0		NOT_ACTIVE	not computed by current consumer; retain raw Normal data	not applicable until a consumer is wired and reviewed	gra/src/game/civ-matrix.ts:41-60,71-101 (loader/accessor only); no gameplay call-site found	false
rzymianie	Rzymianie	1	porzadek_wzrost_proc	spoleczenstwo	ulamek	order.ts	mul_proc	0	0	false	CURRENT_RUNTIME_DATA	DEFAULT_VALUE	CURRENT_RUNTIME_DEFAULT	gra/data/civ-matrix.json#/cywilizacje[typCywilizacji=rzymianie]/params/porzadek_wzrost_proc	LEGACY_DOC_PRESENT	docs/encyklopedia/cywilizacje/rzymianie.md	UNWIRED		0		NOT_ACTIVE	not computed by current consumer; retain raw Normal data	not applicable until a consumer is wired and reviewed	gra/src/game/civ-matrix.ts:41-60,71-101 (loader/accessor only); no gameplay call-site found	false
rzymianie	Rzymianie	1	obl_obrona_miasta_proc	obleczenie	ulamek	siege.ts	mul_proc	0	0	false	CURRENT_RUNTIME_DATA	DEFAULT_VALUE	CURRENT_RUNTIME_DEFAULT	gra/data/civ-matrix.json#/cywilizacje[typCywilizacji=rzymianie]/params/obl_obrona_miasta_proc	LEGACY_DOC_PRESENT	docs/encyklopedia/cywilizacje/rzymianie.md	UNWIRED		0		NOT_ACTIVE	not computed by current consumer; retain raw Normal data	not applicable until a consumer is wired and reviewed	gra/src/game/civ-matrix.ts:41-60,71-101 (loader/accessor only); no gameplay call-site found	false
rzymianie	Rzymianie	1	obl_mur_proc	obleczenie	ulamek	siege.ts	mul_proc	0	0	false	CURRENT_RUNTIME_DATA	DEFAULT_VALUE	CURRENT_RUNTIME_DEFAULT	gra/data/civ-matrix.json#/cywilizacje[typCywilizacji=rzymianie]/params/obl_mur_proc	LEGACY_DOC_PRESENT	docs/encyklopedia/cywilizacje/rzymianie.md	UNWIRED		0		NOT_ACTIVE	not computed by current consumer; retain raw Normal data	not applicable until a consumer is wired and reviewed	gra/src/game/civ-matrix.ts:41-60,71-101 (loader/accessor only); no gameplay call-site found	false
rzymianie	Rzymianie	1	obl_machines_proc	obleczenie	ulamek	siegeMachines.ts	mul_proc	0	0	false	CURRENT_RUNTIME_DATA	DEFAULT_VALUE	CURRENT_RUNTIME_DEFAULT	gra/data/civ-matrix.json#/cywilizacje[typCywilizacji=rzymianie]/params/obl_machines_proc	LEGACY_DOC_PRESENT	docs/encyklopedia/cywilizacje/rzymianie.md	UNWIRED		0		NOT_ACTIVE	not computed by current consumer; retain raw Normal data	not applicable until a consumer is wired and reviewed	gra/src/game/civ-matrix.ts:41-60,71-101 (loader/accessor only); no gameplay call-site found	false
rzymianie	Rzymianie	1	dip_sklonnosc_sojusze	dyplomacja	skala_1_10	diplomacy.ts	skala	2	5	true	CURRENT_RUNTIME_DATA	NON_DEFAULT_OVERRIDE	CURRENT_RUNTIME_DATA	gra/data/civ-matrix.json#/cywilizacje[typCywilizacji=rzymianie]/params/dip_sklonnosc_sojusze	LEGACY_DOC_PRESENT	docs/encyklopedia/cywilizacje/rzymianie.md	UI_ONLY		2		DISPLAY_RAW	display reads raw value; no gameplay Easy/Normal/Hard effect	etykieta UI; brak wpływu na wynik gry	gra/src/game/diplomacy-display.ts:54-59,116-122	false
rzymianie	Rzymianie	1	dip_lojalnosc	dyplomacja	skala_1_10	diplomacy.ts	skala	6	5	true	CURRENT_RUNTIME_DATA	NON_DEFAULT_OVERRIDE	CURRENT_RUNTIME_DATA	gra/data/civ-matrix.json#/cywilizacje[typCywilizacji=rzymianie]/params/dip_lojalnosc	LEGACY_DOC_PRESENT	docs/encyklopedia/cywilizacje/rzymianie.md	UI_ONLY		6		DISPLAY_RAW	display reads raw value; no gameplay Easy/Normal/Hard effect	etykieta UI; brak wpływu na wynik gry	gra/src/game/diplomacy-display.ts:64-69,116-122	false
rzymianie	Rzymianie	1	dip_prog_wojny	dyplomacja	skala_1_10	diplomacy.ts	skala	8	5	true	CURRENT_RUNTIME_DATA	NON_DEFAULT_OVERRIDE	CURRENT_RUNTIME_DATA	gra/data/civ-matrix.json#/cywilizacje[typCywilizacji=rzymianie]/params/dip_prog_wojny	LEGACY_DOC_PRESENT	docs/encyklopedia/cywilizacje/rzymianie.md	UI_ONLY		8		DISPLAY_RAW	display reads raw value; no gameplay Easy/Normal/Hard effect	etykieta UI; brak wpływu na wynik gry	gra/src/game/diplomacy-display.ts:73-78,116-122	false
rzymianie	Rzymianie	1	dip_pamietliwosc	dyplomacja	skala_1_10	diplomacy.ts	skala	7	5	true	CURRENT_RUNTIME_DATA	NON_DEFAULT_OVERRIDE	CURRENT_RUNTIME_DATA	gra/data/civ-matrix.json#/cywilizacje[typCywilizacji=rzymianie]/params/dip_pamietliwosc	LEGACY_DOC_PRESENT	docs/encyklopedia/cywilizacje/rzymianie.md	UI_ONLY		7		DISPLAY_RAW	display reads raw value; no gameplay Easy/Normal/Hard effect	etykieta UI; brak wpływu na wynik gry	gra/src/game/diplomacy-display.ts:82-87,116-122	false
rzymianie	Rzymianie	1	dip_otwartosc_handel	dyplomacja	skala_1_10	diplomacy.ts	skala	5	5	false	CURRENT_RUNTIME_DATA	DEFAULT_VALUE	CURRENT_RUNTIME_DEFAULT	gra/data/civ-matrix.json#/cywilizacje[typCywilizacji=rzymianie]/params/dip_otwartosc_handel	LEGACY_DOC_PRESENT	docs/encyklopedia/cywilizacje/rzymianie.md	UI_ONLY		5		DISPLAY_RAW	display reads raw value; no gameplay Easy/Normal/Hard effect	etykieta UI; brak wpływu na wynik gry	gra/src/game/diplomacy-display.ts:44-49,116-122	false
rzymianie	Rzymianie	1	dip_nastawienie_bazowe	dyplomacja	absolut	diplomacy.ts	add	44	50	true	CURRENT_RUNTIME_DATA	NON_DEFAULT_OVERRIDE	CURRENT_RUNTIME_DATA	gra/data/civ-matrix.json#/cywilizacje[typCywilizacji=rzymianie]/params/dip_nastawienie_bazowe	LEGACY_DOC_PRESENT	docs/encyklopedia/cywilizacje/rzymianie.md	REAL_GAMEPLAY	44	44	44	CURRENT_NEUTRAL_CALLER_OMITS_DIFFICULTY	current easy=raw; normal=raw; hard=raw; caller uses default normal	direction requires decision; no arbitrary Easy/Hard	gra/src/game/civ-ai-data.ts:205-217; gra/src/game/diplomacy.ts:1376-1380	false
rzymianie	Rzymianie	1	dip_agresja_archetyp	dyplomacja	ulamek_0_1	diplomacy.ts	mul_abs	0.75	0.5	true	CURRENT_RUNTIME_DATA	NON_DEFAULT_OVERRIDE	CURRENT_RUNTIME_DATA	gra/data/civ-matrix.json#/cywilizacje[typCywilizacji=rzymianie]/params/dip_agresja_archetyp	LEGACY_DOC_PRESENT	docs/encyklopedia/cywilizacje/rzymianie.md	DEAD_UNWIRED		0.75		NOT_ACTIVE	not computed by current consumer; retain raw Normal data	not applicable until a consumer is wired and reviewed	gra/src/game/civ-matrix.ts:41-60,71-101 (loader/accessor only); no gameplay call-site found	false
rzymianie	Rzymianie	1	dip_handlowosc_archetyp	dyplomacja	ulamek_0_1	diplomacy.ts	mul_abs	0.5	0.5	false	CURRENT_RUNTIME_DATA	DEFAULT_VALUE	CURRENT_RUNTIME_DEFAULT	gra/data/civ-matrix.json#/cywilizacje[typCywilizacji=rzymianie]/params/dip_handlowosc_archetyp	LEGACY_DOC_PRESENT	docs/encyklopedia/cywilizacje/rzymianie.md	REAL_GAMEPLAY	0.5	0.5	0.5	CURRENT_NEUTRAL_MUL_ABS	current easy=raw; normal=raw; hard=raw because formula=mul_abs	direction requires decision; no arbitrary Easy/Hard	gra/src/game/civ-ai-data.ts:184-198; gra/src/game/diplomacy.ts:1267-1270; gra/src/main.ts:19553-19556,33555-33559,33916-33919	false
rzymianie	Rzymianie	1	ai_agresywnosc	ai	skala_1_10	civ-ai-data.ts	skala	8	5	true	CURRENT_RUNTIME_DATA	NON_DEFAULT_OVERRIDE	CURRENT_RUNTIME_DATA	gra/data/civ-matrix.json#/cywilizacje[typCywilizacji=rzymianie]/params/ai_agresywnosc	LEGACY_DOC_PRESENT	docs/encyklopedia/cywilizacje/rzymianie.md	REAL_GAMEPLAY	7	8	9	SKALA_1_10	easy=max(1,normal-1); normal=normal; hard=min(10,normal+1); /10	wyżej = bardziej agresywny AI; Hard +1, Easy -1	gra/src/game/civ-ai-data.ts:38-53,156-178; gra/src/game/diplomacy.ts:1261-1266; gra/src/main.ts:19784-19790,33910-33915; gra/src/game/ai.ts:4974-5036,5184-5187	false
rzymianie	Rzymianie	1	ai_ekspansywnosc	ai	skala_1_10	civ-ai-data.ts	skala	5	5	false	CURRENT_RUNTIME_DATA	DEFAULT_VALUE	CURRENT_RUNTIME_DEFAULT	gra/data/civ-matrix.json#/cywilizacje[typCywilizacji=rzymianie]/params/ai_ekspansywnosc	LEGACY_DOC_PRESENT	docs/encyklopedia/cywilizacje/rzymianie.md	REAL_GAMEPLAY	4	5	6	SKALA_1_10	easy=max(1,normal-1); normal=normal; hard=min(10,normal+1)	wyżej = większa ekspansja; Hard +1, Easy -1	gra/src/game/civ-ai-data.ts:74-102; gra/src/main.ts:33264-33296; gra/src/game/ai.ts:506-513,1097-1117,2857-2868,4257-4264	false
rzymianie	Rzymianie	1	ai_priorytet_militarny	ai	skala_1_10	civ-ai-data.ts	skala	6	5	true	CURRENT_RUNTIME_DATA	NON_DEFAULT_OVERRIDE	CURRENT_RUNTIME_DATA	gra/data/civ-matrix.json#/cywilizacje[typCywilizacji=rzymianie]/params/ai_priorytet_militarny	LEGACY_DOC_PRESENT	docs/encyklopedia/cywilizacje/rzymianie.md	REAL_GAMEPLAY	5	6	7	SKALA_1_10	easy=max(1,normal-1); normal=normal; hard=min(10,normal+1); delta=(value-5)*15	wyżej = większy score wojskowy; Hard +1, Easy -1	gra/src/game/civ-ai-data.ts:74-102; gra/src/main.ts:33264-33296; gra/src/game/ai-production-priorities.ts:6-27; gra/src/game/ai.ts:1672-1676	false
rzymianie	Rzymianie	1	ai_priorytet_ekonomia	ai	skala_1_10	civ-ai-data.ts	skala	5	5	false	CURRENT_RUNTIME_DATA	DEFAULT_VALUE	CURRENT_RUNTIME_DEFAULT	gra/data/civ-matrix.json#/cywilizacje[typCywilizacji=rzymianie]/params/ai_priorytet_ekonomia	LEGACY_DOC_PRESENT	docs/encyklopedia/cywilizacje/rzymianie.md	REAL_GAMEPLAY	4	5	6	SKALA_1_10	easy=max(1,normal-1); normal=normal; hard=min(10,normal+1); delta=(value-5)*15	wyżej = większy score ekonomiczny; Hard +1, Easy -1	gra/src/game/civ-ai-data.ts:74-102; gra/src/main.ts:33264-33296; gra/src/game/ai-production-priorities.ts:6-27; gra/src/game/ai.ts:1672-1676	false
rzymianie	Rzymianie	1	ai_priorytet_nauka	ai	skala_1_10	civ-ai-data.ts	skala	5	5	false	CURRENT_RUNTIME_DATA	DEFAULT_VALUE	CURRENT_RUNTIME_DEFAULT	gra/data/civ-matrix.json#/cywilizacje[typCywilizacji=rzymianie]/params/ai_priorytet_nauka	LEGACY_DOC_PRESENT	docs/encyklopedia/cywilizacje/rzymianie.md	REAL_GAMEPLAY	4	5	6	SKALA_1_10	easy=max(1,normal-1); normal=normal; hard=min(10,normal+1); delta=(value-5)*15	wyżej = większy score nauki; Hard +1, Easy -1	gra/src/game/civ-ai-data.ts:74-102; gra/src/main.ts:33264-33296; gra/src/game/ai-production-priorities.ts:6-27; gra/src/game/ai.ts:1672-1676	false
rzymianie	Rzymianie	1	ai_tolerancja_ryzyka	ai	skala_1_10	civ-ai-data.ts	skala	8	5	true	CURRENT_RUNTIME_DATA	NON_DEFAULT_OVERRIDE	CURRENT_RUNTIME_DATA	gra/data/civ-matrix.json#/cywilizacje[typCywilizacji=rzymianie]/params/ai_tolerancja_ryzyka	LEGACY_DOC_PRESENT	docs/encyklopedia/cywilizacje/rzymianie.md	REAL_GAMEPLAY	7	8	9	SKALA_1_10	easy=max(1,normal-1); normal=normal; hard=min(10,normal+1)	wyżej = większa tolerancja ryzyka wojny; Hard +1, Easy -1	gra/src/game/civ-ai-data.ts:74-102; gra/src/main.ts:33924-33927; gra/src/game/ai.ts:4974-5036,5184-5187	false
rzymianie	Rzymianie	1	ai_sklonnosc_podboju	ai	skala_1_10	civ-ai-data.ts	skala	4	5	true	CURRENT_RUNTIME_DATA	NON_DEFAULT_OVERRIDE	CURRENT_RUNTIME_DATA	gra/data/civ-matrix.json#/cywilizacje[typCywilizacji=rzymianie]/params/ai_sklonnosc_podboju	LEGACY_DOC_PRESENT	docs/encyklopedia/cywilizacje/rzymianie.md	REAL_GAMEPLAY	3	4	5	SKALA_1_10	easy=max(1,normal-1); normal=normal; hard=min(10,normal+1)	wyżej = większa skłonność do podboju; Hard +1, Easy -1	gra/src/game/civ-ai-data.ts:74-102; gra/src/main.ts:33264-33296,33924-33927; gra/src/game/ai.ts:4974-5036,5184-5187	false
rzymianie	Rzymianie	1	ai_profil_obronna	ai	flag_0_1	civ-ai-data.ts	flag	1	0	true	CURRENT_RUNTIME_DATA	NON_DEFAULT_OVERRIDE	CURRENT_RUNTIME_DATA	gra/data/civ-matrix.json#/cywilizacje[typCywilizacji=rzymianie]/params/ai_profil_obronna	LEGACY_DOC_PRESENT	docs/encyklopedia/cywilizacje/rzymianie.md	REAL_GAMEPLAY	1	1	1	FLAG_IDENTITY	flag raw 0/1 at Easy/Normal/Hard	1 = defensive-copy map profile; no difficulty delta	gra/src/game/civ-ai-data.ts:56-71,119-123; gra/src/main.ts:9169-9173	false
chinczycy	Chińczycy	1	meta_epoka_kamien	meta	flag_0_1	start-preview.ts	flag	1	0	true	CURRENT_RUNTIME_DATA	NON_DEFAULT_OVERRIDE	CURRENT_RUNTIME_DATA	gra/data/civ-matrix.json#/cywilizacje[typCywilizacji=chinczycy]/params/meta_epoka_kamien	LEGACY_DOC_PRESENT	docs/encyklopedia/cywilizacje/chinczycy.md	DEAD_UNWIRED		1		NOT_ACTIVE	not computed by current consumer; retain raw Normal data	not applicable until a consumer is wired and reviewed	gra/src/game/civ-matrix.ts:41-60,71-101 (loader/accessor only); no gameplay call-site found	false
chinczycy	Chińczycy	1	meta_epoka_braz	meta	flag_0_1	start-preview.ts	flag	1	0	true	CURRENT_RUNTIME_DATA	NON_DEFAULT_OVERRIDE	CURRENT_RUNTIME_DATA	gra/data/civ-matrix.json#/cywilizacje[typCywilizacji=chinczycy]/params/meta_epoka_braz	LEGACY_DOC_PRESENT	docs/encyklopedia/cywilizacje/chinczycy.md	DEAD_UNWIRED		1		NOT_ACTIVE	not computed by current consumer; retain raw Normal data	not applicable until a consumer is wired and reviewed	gra/src/game/civ-matrix.ts:41-60,71-101 (loader/accessor only); no gameplay call-site found	false
chinczycy	Chińczycy	1	meta_epoka_zelazo	meta	flag_0_1	start-preview.ts	flag	1	0	true	CURRENT_RUNTIME_DATA	NON_DEFAULT_OVERRIDE	CURRENT_RUNTIME_DATA	gra/data/civ-matrix.json#/cywilizacje[typCywilizacji=chinczycy]/params/meta_epoka_zelazo	LEGACY_DOC_PRESENT	docs/encyklopedia/cywilizacje/chinczycy.md	DEAD_UNWIRED		1		NOT_ACTIVE	not computed by current consumer; retain raw Normal data	not applicable until a consumer is wired and reviewed	gra/src/game/civ-matrix.ts:41-60,71-101 (loader/accessor only); no gameplay call-site found	false
chinczycy	Chińczycy	1	meta_mnoznik_waluta	meta	absolut	economy.ts	mul_abs	2.4	2	true	CURRENT_RUNTIME_DATA	NON_DEFAULT_OVERRIDE	CURRENT_RUNTIME_DATA	gra/data/civ-matrix.json#/cywilizacje[typCywilizacji=chinczycy]/params/meta_mnoznik_waluta	LEGACY_DOC_PRESENT	docs/encyklopedia/cywilizacje/chinczycy.md	DEAD_UNWIRED		2.4		NOT_ACTIVE	not computed by current consumer; retain raw Normal data	not applicable until a consumer is wired and reviewed	gra/src/game/civ-matrix.ts:41-60,71-101 (loader/accessor only); no gameplay call-site found	false
chinczycy	Chińczycy	1	meta_tier_roster	meta	absolut	civ-roster.ts	mul_abs	1	1	false	CURRENT_RUNTIME_DATA	DEFAULT_VALUE	CURRENT_RUNTIME_DEFAULT	gra/data/civ-matrix.json#/cywilizacje[typCywilizacji=chinczycy]/params/meta_tier_roster	LEGACY_DOC_PRESENT	docs/encyklopedia/cywilizacje/chinczycy.md	DEAD_UNWIRED		1		NOT_ACTIVE	not computed by current consumer; retain raw Normal data	not applicable until a consumer is wired and reviewed	gra/src/game/civ-matrix.ts:41-60,71-101 (loader/accessor only); no gameplay call-site found	false
chinczycy	Chińczycy	1	walka_atak_piechota	walka	ulamek	civ-bonuses.ts	mul_proc	0	0	false	CURRENT_RUNTIME_DATA	DEFAULT_VALUE	CURRENT_RUNTIME_DEFAULT	gra/data/civ-matrix.json#/cywilizacje[typCywilizacji=chinczycy]/params/walka_atak_piechota	LEGACY_DOC_PRESENT	docs/encyklopedia/cywilizacje/chinczycy.md	DEAD_UNWIRED		0		NOT_ACTIVE	not computed by current consumer; retain raw Normal data	not applicable until a consumer is wired and reviewed	gra/src/game/civ-matrix.ts:41-60,71-101 (loader/accessor only); no gameplay call-site found	false
chinczycy	Chińczycy	1	walka_atak_lukownicy	walka	ulamek	civ-bonuses.ts	mul_proc	0	0	false	CURRENT_RUNTIME_DATA	DEFAULT_VALUE	CURRENT_RUNTIME_DEFAULT	gra/data/civ-matrix.json#/cywilizacje[typCywilizacji=chinczycy]/params/walka_atak_lukownicy	LEGACY_DOC_PRESENT	docs/encyklopedia/cywilizacje/chinczycy.md	UNWIRED		0		NOT_ACTIVE	not computed by current consumer; retain raw Normal data	not applicable until a consumer is wired and reviewed	gra/src/game/civ-matrix.ts:41-60,71-101 (loader/accessor only); no gameplay call-site found	false
chinczycy	Chińczycy	1	walka_atak_kawaleria	walka	ulamek	civ-bonuses.ts	mul_proc	0	0	false	CURRENT_RUNTIME_DATA	DEFAULT_VALUE	CURRENT_RUNTIME_DEFAULT	gra/data/civ-matrix.json#/cywilizacje[typCywilizacji=chinczycy]/params/walka_atak_kawaleria	LEGACY_DOC_PRESENT	docs/encyklopedia/cywilizacje/chinczycy.md	DEAD_UNWIRED		0		NOT_ACTIVE	not computed by current consumer; retain raw Normal data	not applicable until a consumer is wired and reviewed	gra/src/game/civ-matrix.ts:41-60,71-101 (loader/accessor only); no gameplay call-site found	false
chinczycy	Chińczycy	1	walka_atak_rydwany	walka	ulamek	civ-bonuses.ts	mul_proc	0	0	false	CURRENT_RUNTIME_DATA	DEFAULT_VALUE	CURRENT_RUNTIME_DEFAULT	gra/data/civ-matrix.json#/cywilizacje[typCywilizacji=chinczycy]/params/walka_atak_rydwany	LEGACY_DOC_PRESENT	docs/encyklopedia/cywilizacje/chinczycy.md	DEAD_UNWIRED		0		NOT_ACTIVE	not computed by current consumer; retain raw Normal data	not applicable until a consumer is wired and reviewed	gra/src/game/civ-matrix.ts:41-60,71-101 (loader/accessor only); no gameplay call-site found	false
chinczycy	Chińczycy	1	walka_atak_obleczenie	walka	ulamek	civ-bonuses.ts	mul_proc	0	0	false	CURRENT_RUNTIME_DATA	DEFAULT_VALUE	CURRENT_RUNTIME_DEFAULT	gra/data/civ-matrix.json#/cywilizacje[typCywilizacji=chinczycy]/params/walka_atak_obleczenie	LEGACY_DOC_PRESENT	docs/encyklopedia/cywilizacje/chinczycy.md	DEAD_UNWIRED		0		NOT_ACTIVE	not computed by current consumer; retain raw Normal data	not applicable until a consumer is wired and reviewed	gra/src/game/civ-matrix.ts:41-60,71-101 (loader/accessor only); no gameplay call-site found	false
chinczycy	Chińczycy	1	walka_atak_morska	walka	ulamek	civ-bonuses.ts	mul_proc	0	0	false	CURRENT_RUNTIME_DATA	DEFAULT_VALUE	CURRENT_RUNTIME_DEFAULT	gra/data/civ-matrix.json#/cywilizacje[typCywilizacji=chinczycy]/params/walka_atak_morska	LEGACY_DOC_PRESENT	docs/encyklopedia/cywilizacje/chinczycy.md	UNWIRED		0		NOT_ACTIVE	not computed by current consumer; retain raw Normal data	not applicable until a consumer is wired and reviewed	gra/src/game/civ-matrix.ts:41-60,71-101 (loader/accessor only); no gameplay call-site found	false
chinczycy	Chińczycy	1	walka_atak_wszystkie	walka	ulamek	civ-bonuses.ts	mul_proc	0	0	false	CURRENT_RUNTIME_DATA	DEFAULT_VALUE	CURRENT_RUNTIME_DEFAULT	gra/data/civ-matrix.json#/cywilizacje[typCywilizacji=chinczycy]/params/walka_atak_wszystkie	LEGACY_DOC_PRESENT	docs/encyklopedia/cywilizacje/chinczycy.md	UNWIRED		0		NOT_ACTIVE	not computed by current consumer; retain raw Normal data	not applicable until a consumer is wired and reviewed	gra/src/game/civ-matrix.ts:41-60,71-101 (loader/accessor only); no gameplay call-site found	false
chinczycy	Chińczycy	1	walka_obrona_piechota	walka	ulamek	civ-bonuses.ts	mul_proc	-0.05	0	true	CURRENT_RUNTIME_DATA	NON_DEFAULT_OVERRIDE	CURRENT_RUNTIME_DATA	gra/data/civ-matrix.json#/cywilizacje[typCywilizacji=chinczycy]/params/walka_obrona_piechota	LEGACY_DOC_PRESENT	docs/encyklopedia/cywilizacje/chinczycy.md	DEAD_UNWIRED		-0.05		NOT_ACTIVE	not computed by current consumer; retain raw Normal data	not applicable until a consumer is wired and reviewed	gra/src/game/civ-matrix.ts:41-60,71-101 (loader/accessor only); no gameplay call-site found	false
chinczycy	Chińczycy	1	walka_obrona_lukownicy	walka	ulamek	civ-bonuses.ts	mul_proc	0	0	false	CURRENT_RUNTIME_DATA	DEFAULT_VALUE	CURRENT_RUNTIME_DEFAULT	gra/data/civ-matrix.json#/cywilizacje[typCywilizacji=chinczycy]/params/walka_obrona_lukownicy	LEGACY_DOC_PRESENT	docs/encyklopedia/cywilizacje/chinczycy.md	UNWIRED		0		NOT_ACTIVE	not computed by current consumer; retain raw Normal data	not applicable until a consumer is wired and reviewed	gra/src/game/civ-matrix.ts:41-60,71-101 (loader/accessor only); no gameplay call-site found	false
chinczycy	Chińczycy	1	walka_obrona_kawaleria	walka	ulamek	civ-bonuses.ts	mul_proc	0	0	false	CURRENT_RUNTIME_DATA	DEFAULT_VALUE	CURRENT_RUNTIME_DEFAULT	gra/data/civ-matrix.json#/cywilizacje[typCywilizacji=chinczycy]/params/walka_obrona_kawaleria	LEGACY_DOC_PRESENT	docs/encyklopedia/cywilizacje/chinczycy.md	UNWIRED		0		NOT_ACTIVE	not computed by current consumer; retain raw Normal data	not applicable until a consumer is wired and reviewed	gra/src/game/civ-matrix.ts:41-60,71-101 (loader/accessor only); no gameplay call-site found	false
chinczycy	Chińczycy	1	walka_obrona_rydwany	walka	ulamek	civ-bonuses.ts	mul_proc	0	0	false	CURRENT_RUNTIME_DATA	DEFAULT_VALUE	CURRENT_RUNTIME_DEFAULT	gra/data/civ-matrix.json#/cywilizacje[typCywilizacji=chinczycy]/params/walka_obrona_rydwany	LEGACY_DOC_PRESENT	docs/encyklopedia/cywilizacje/chinczycy.md	UNWIRED		0		NOT_ACTIVE	not computed by current consumer; retain raw Normal data	not applicable until a consumer is wired and reviewed	gra/src/game/civ-matrix.ts:41-60,71-101 (loader/accessor only); no gameplay call-site found	false
chinczycy	Chińczycy	1	walka_obrona_obleczenie	walka	ulamek	civ-bonuses.ts	mul_proc	0	0	false	CURRENT_RUNTIME_DATA	DEFAULT_VALUE	CURRENT_RUNTIME_DEFAULT	gra/data/civ-matrix.json#/cywilizacje[typCywilizacji=chinczycy]/params/walka_obrona_obleczenie	LEGACY_DOC_PRESENT	docs/encyklopedia/cywilizacje/chinczycy.md	UNWIRED		0		NOT_ACTIVE	not computed by current consumer; retain raw Normal data	not applicable until a consumer is wired and reviewed	gra/src/game/civ-matrix.ts:41-60,71-101 (loader/accessor only); no gameplay call-site found	false
chinczycy	Chińczycy	1	walka_obrona_morska	walka	ulamek	civ-bonuses.ts	mul_proc	0	0	false	CURRENT_RUNTIME_DATA	DEFAULT_VALUE	CURRENT_RUNTIME_DEFAULT	gra/data/civ-matrix.json#/cywilizacje[typCywilizacji=chinczycy]/params/walka_obrona_morska	LEGACY_DOC_PRESENT	docs/encyklopedia/cywilizacje/chinczycy.md	UNWIRED		0		NOT_ACTIVE	not computed by current consumer; retain raw Normal data	not applicable until a consumer is wired and reviewed	gra/src/game/civ-matrix.ts:41-60,71-101 (loader/accessor only); no gameplay call-site found	false
chinczycy	Chińczycy	1	walka_pancerz_piechota	walka	ulamek	civ-bonuses.ts	mul_proc	0	0	false	CURRENT_RUNTIME_DATA	DEFAULT_VALUE	CURRENT_RUNTIME_DEFAULT	gra/data/civ-matrix.json#/cywilizacje[typCywilizacji=chinczycy]/params/walka_pancerz_piechota	LEGACY_DOC_PRESENT	docs/encyklopedia/cywilizacje/chinczycy.md	DEAD_UNWIRED		0		NOT_ACTIVE	not computed by current consumer; retain raw Normal data	not applicable until a consumer is wired and reviewed	gra/src/game/civ-matrix.ts:41-60,71-101 (loader/accessor only); no gameplay call-site found	false
chinczycy	Chińczycy	1	walka_pancerz_lukownicy	walka	ulamek	civ-bonuses.ts	mul_proc	0	0	false	CURRENT_RUNTIME_DATA	DEFAULT_VALUE	CURRENT_RUNTIME_DEFAULT	gra/data/civ-matrix.json#/cywilizacje[typCywilizacji=chinczycy]/params/walka_pancerz_lukownicy	LEGACY_DOC_PRESENT	docs/encyklopedia/cywilizacje/chinczycy.md	UNWIRED		0		NOT_ACTIVE	not computed by current consumer; retain raw Normal data	not applicable until a consumer is wired and reviewed	gra/src/game/civ-matrix.ts:41-60,71-101 (loader/accessor only); no gameplay call-site found	false
chinczycy	Chińczycy	1	walka_pancerz_kawaleria	walka	ulamek	civ-bonuses.ts	mul_proc	0	0	false	CURRENT_RUNTIME_DATA	DEFAULT_VALUE	CURRENT_RUNTIME_DEFAULT	gra/data/civ-matrix.json#/cywilizacje[typCywilizacji=chinczycy]/params/walka_pancerz_kawaleria	LEGACY_DOC_PRESENT	docs/encyklopedia/cywilizacje/chinczycy.md	UNWIRED		0		NOT_ACTIVE	not computed by current consumer; retain raw Normal data	not applicable until a consumer is wired and reviewed	gra/src/game/civ-matrix.ts:41-60,71-101 (loader/accessor only); no gameplay call-site found	false
chinczycy	Chińczycy	1	walka_pancerz_rydwany	walka	ulamek	civ-bonuses.ts	mul_proc	0	0	false	CURRENT_RUNTIME_DATA	DEFAULT_VALUE	CURRENT_RUNTIME_DEFAULT	gra/data/civ-matrix.json#/cywilizacje[typCywilizacji=chinczycy]/params/walka_pancerz_rydwany	LEGACY_DOC_PRESENT	docs/encyklopedia/cywilizacje/chinczycy.md	UNWIRED		0		NOT_ACTIVE	not computed by current consumer; retain raw Normal data	not applicable until a consumer is wired and reviewed	gra/src/game/civ-matrix.ts:41-60,71-101 (loader/accessor only); no gameplay call-site found	false
chinczycy	Chińczycy	1	walka_uderzenie_piechota	walka	ulamek	civ-bonuses.ts	mul_proc	0	0	false	CURRENT_RUNTIME_DATA	DEFAULT_VALUE	CURRENT_RUNTIME_DEFAULT	gra/data/civ-matrix.json#/cywilizacje[typCywilizacji=chinczycy]/params/walka_uderzenie_piechota	LEGACY_DOC_PRESENT	docs/encyklopedia/cywilizacje/chinczycy.md	DEAD_UNWIRED		0		NOT_ACTIVE	not computed by current consumer; retain raw Normal data	not applicable until a consumer is wired and reviewed	gra/src/game/civ-matrix.ts:41-60,71-101 (loader/accessor only); no gameplay call-site found	false
chinczycy	Chińczycy	1	walka_uderzenie_kawaleria	walka	ulamek	civ-bonuses.ts	mul_proc	0.15	0	true	CURRENT_RUNTIME_DATA	NON_DEFAULT_OVERRIDE	CURRENT_RUNTIME_DATA	gra/data/civ-matrix.json#/cywilizacje[typCywilizacji=chinczycy]/params/walka_uderzenie_kawaleria	LEGACY_DOC_PRESENT	docs/encyklopedia/cywilizacje/chinczycy.md	DEAD_UNWIRED		0.15		NOT_ACTIVE	not computed by current consumer; retain raw Normal data	not applicable until a consumer is wired and reviewed	gra/src/game/civ-matrix.ts:41-60,71-101 (loader/accessor only); no gameplay call-site found	false
chinczycy	Chińczycy	1	walka_uderzenie_rydwany	walka	ulamek	civ-bonuses.ts	mul_proc	0	0	false	CURRENT_RUNTIME_DATA	DEFAULT_VALUE	CURRENT_RUNTIME_DEFAULT	gra/data/civ-matrix.json#/cywilizacje[typCywilizacji=chinczycy]/params/walka_uderzenie_rydwany	LEGACY_DOC_PRESENT	docs/encyklopedia/cywilizacje/chinczycy.md	UNWIRED		0		NOT_ACTIVE	not computed by current consumer; retain raw Normal data	not applicable until a consumer is wired and reviewed	gra/src/game/civ-matrix.ts:41-60,71-101 (loader/accessor only); no gameplay call-site found	false
chinczycy	Chińczycy	1	walka_dystans_lukownicy	walka	ulamek	civ-bonuses.ts	mul_proc	0.2	0	true	CURRENT_RUNTIME_DATA	NON_DEFAULT_OVERRIDE	CURRENT_RUNTIME_DATA	gra/data/civ-matrix.json#/cywilizacje[typCywilizacji=chinczycy]/params/walka_dystans_lukownicy	LEGACY_DOC_PRESENT	docs/encyklopedia/cywilizacje/chinczycy.md	DEAD_UNWIRED		0.2		NOT_ACTIVE	not computed by current consumer; retain raw Normal data	not applicable until a consumer is wired and reviewed	gra/src/game/civ-matrix.ts:41-60,71-101 (loader/accessor only); no gameplay call-site found	false
chinczycy	Chińczycy	1	walka_dystans_rydwany	walka	ulamek	civ-bonuses.ts	mul_proc	0	0	false	CURRENT_RUNTIME_DATA	DEFAULT_VALUE	CURRENT_RUNTIME_DEFAULT	gra/data/civ-matrix.json#/cywilizacje[typCywilizacji=chinczycy]/params/walka_dystans_rydwany	LEGACY_DOC_PRESENT	docs/encyklopedia/cywilizacje/chinczycy.md	UNWIRED		0		NOT_ACTIVE	not computed by current consumer; retain raw Normal data	not applicable until a consumer is wired and reviewed	gra/src/game/civ-matrix.ts:41-60,71-101 (loader/accessor only); no gameplay call-site found	false
chinczycy	Chińczycy	1	walka_hp_piechota	walka	ulamek	civ-bonuses.ts	mul_proc	0	0	false	CURRENT_RUNTIME_DATA	DEFAULT_VALUE	CURRENT_RUNTIME_DEFAULT	gra/data/civ-matrix.json#/cywilizacje[typCywilizacji=chinczycy]/params/walka_hp_piechota	LEGACY_DOC_PRESENT	docs/encyklopedia/cywilizacje/chinczycy.md	DEAD_UNWIRED		0		NOT_ACTIVE	not computed by current consumer; retain raw Normal data	not applicable until a consumer is wired and reviewed	gra/src/game/civ-matrix.ts:41-60,71-101 (loader/accessor only); no gameplay call-site found	false
chinczycy	Chińczycy	1	walka_hp_kawaleria	walka	ulamek	civ-bonuses.ts	mul_proc	0	0	false	CURRENT_RUNTIME_DATA	DEFAULT_VALUE	CURRENT_RUNTIME_DEFAULT	gra/data/civ-matrix.json#/cywilizacje[typCywilizacji=chinczycy]/params/walka_hp_kawaleria	LEGACY_DOC_PRESENT	docs/encyklopedia/cywilizacje/chinczycy.md	UNWIRED		0		NOT_ACTIVE	not computed by current consumer; retain raw Normal data	not applicable until a consumer is wired and reviewed	gra/src/game/civ-matrix.ts:41-60,71-101 (loader/accessor only); no gameplay call-site found	false
chinczycy	Chińczycy	1	walka_hp_rydwany	walka	ulamek	civ-bonuses.ts	mul_proc	0	0	false	CURRENT_RUNTIME_DATA	DEFAULT_VALUE	CURRENT_RUNTIME_DEFAULT	gra/data/civ-matrix.json#/cywilizacje[typCywilizacji=chinczycy]/params/walka_hp_rydwany	LEGACY_DOC_PRESENT	docs/encyklopedia/cywilizacje/chinczycy.md	DEAD_UNWIRED		0		NOT_ACTIVE	not computed by current consumer; retain raw Normal data	not applicable until a consumer is wired and reviewed	gra/src/game/civ-matrix.ts:41-60,71-101 (loader/accessor only); no gameplay call-site found	false
chinczycy	Chińczycy	1	walka_ruch_bitwa_proc	walka	ulamek	civ-bonuses.ts	mul_proc	0	0	false	CURRENT_RUNTIME_DATA	DEFAULT_VALUE	CURRENT_RUNTIME_DEFAULT	gra/data/civ-matrix.json#/cywilizacje[typCywilizacji=chinczycy]/params/walka_ruch_bitwa_proc	LEGACY_DOC_PRESENT	docs/encyklopedia/cywilizacje/chinczycy.md	DEAD_UNWIRED		0		NOT_ACTIVE	not computed by current consumer; retain raw Normal data	not applicable until a consumer is wired and reviewed	gra/src/game/civ-matrix.ts:41-60,71-101 (loader/accessor only); no gameplay call-site found	false
chinczycy	Chińczycy	1	walka_zasieg_proc	walka	ulamek	civ-bonuses.ts	mul_proc	0	0	false	CURRENT_RUNTIME_DATA	DEFAULT_VALUE	CURRENT_RUNTIME_DEFAULT	gra/data/civ-matrix.json#/cywilizacje[typCywilizacji=chinczycy]/params/walka_zasieg_proc	LEGACY_DOC_PRESENT	docs/encyklopedia/cywilizacje/chinczycy.md	UNWIRED		0		NOT_ACTIVE	not computed by current consumer; retain raw Normal data	not applicable until a consumer is wired and reviewed	gra/src/game/civ-matrix.ts:41-60,71-101 (loader/accessor only); no gameplay call-site found	false
chinczycy	Chińczycy	1	walka_oblezenie_proc	walka	ulamek	civ-bonuses.ts	mul_proc	0	0	false	CURRENT_RUNTIME_DATA	DEFAULT_VALUE	CURRENT_RUNTIME_DEFAULT	gra/data/civ-matrix.json#/cywilizacje[typCywilizacji=chinczycy]/params/walka_oblezenie_proc	LEGACY_DOC_PRESENT	docs/encyklopedia/cywilizacje/chinczycy.md	UNWIRED		0		NOT_ACTIVE	not computed by current consumer; retain raw Normal data	not applicable until a consumer is wired and reviewed	gra/src/game/civ-matrix.ts:41-60,71-101 (loader/accessor only); no gameplay call-site found	false
chinczycy	Chińczycy	1	walka_koszt_rekrutacji_proc	walka	ulamek	production.ts	mul_proc	0	0	false	CURRENT_RUNTIME_DATA	DEFAULT_VALUE	CURRENT_RUNTIME_DEFAULT	gra/data/civ-matrix.json#/cywilizacje[typCywilizacji=chinczycy]/params/walka_koszt_rekrutacji_proc	LEGACY_DOC_PRESENT	docs/encyklopedia/cywilizacje/chinczycy.md	DEAD_UNWIRED		0		NOT_ACTIVE	not computed by current consumer; retain raw Normal data	not applicable until a consumer is wired and reviewed	gra/src/game/civ-matrix.ts:41-60,71-101 (loader/accessor only); no gameplay call-site found	false
chinczycy	Chińczycy	1	walka_atak_piechota_teren_las	walka	ulamek	civ-bonuses.ts	mul_proc	0	0	false	CURRENT_RUNTIME_DATA	DEFAULT_VALUE	CURRENT_RUNTIME_DEFAULT	gra/data/civ-matrix.json#/cywilizacje[typCywilizacji=chinczycy]/params/walka_atak_piechota_teren_las	LEGACY_DOC_PRESENT	docs/encyklopedia/cywilizacje/chinczycy.md	DEAD_UNWIRED		0		NOT_ACTIVE	not computed by current consumer; retain raw Normal data	not applicable until a consumer is wired and reviewed	gra/src/game/civ-matrix.ts:41-60,71-101 (loader/accessor only); no gameplay call-site found	false
chinczycy	Chińczycy	1	walka_obrona_piechota_teren_las	walka	ulamek	civ-bonuses.ts	mul_proc	0	0	false	CURRENT_RUNTIME_DATA	DEFAULT_VALUE	CURRENT_RUNTIME_DEFAULT	gra/data/civ-matrix.json#/cywilizacje[typCywilizacji=chinczycy]/params/walka_obrona_piechota_teren_las	LEGACY_DOC_PRESENT	docs/encyklopedia/cywilizacje/chinczycy.md	UNWIRED		0		NOT_ACTIVE	not computed by current consumer; retain raw Normal data	not applicable until a consumer is wired and reviewed	gra/src/game/civ-matrix.ts:41-60,71-101 (loader/accessor only); no gameplay call-site found	false
chinczycy	Chińczycy	1	walka_atak_piechota_terytorium_wlasne	walka	ulamek	civ-bonuses.ts	mul_proc	0	0	false	CURRENT_RUNTIME_DATA	DEFAULT_VALUE	CURRENT_RUNTIME_DEFAULT	gra/data/civ-matrix.json#/cywilizacje[typCywilizacji=chinczycy]/params/walka_atak_piechota_terytorium_wlasne	LEGACY_DOC_PRESENT	docs/encyklopedia/cywilizacje/chinczycy.md	UNWIRED		0		NOT_ACTIVE	not computed by current consumer; retain raw Normal data	not applicable until a consumer is wired and reviewed	gra/src/game/civ-matrix.ts:41-60,71-101 (loader/accessor only); no gameplay call-site found	false
chinczycy	Chińczycy	1	walka_obrona_piechota_terytorium_wlasne	walka	ulamek	civ-bonuses.ts	mul_proc	0	0	false	CURRENT_RUNTIME_DATA	DEFAULT_VALUE	CURRENT_RUNTIME_DEFAULT	gra/data/civ-matrix.json#/cywilizacje[typCywilizacji=chinczycy]/params/walka_obrona_piechota_terytorium_wlasne	LEGACY_DOC_PRESENT	docs/encyklopedia/cywilizacje/chinczycy.md	DEAD_UNWIRED		0		NOT_ACTIVE	not computed by current consumer; retain raw Normal data	not applicable until a consumer is wired and reviewed	gra/src/game/civ-matrix.ts:41-60,71-101 (loader/accessor only); no gameplay call-site found	false
chinczycy	Chińczycy	1	walka_atak_piechota_w_murze	walka	ulamek	civ-bonuses.ts	mul_proc	0	0	false	CURRENT_RUNTIME_DATA	DEFAULT_VALUE	CURRENT_RUNTIME_DEFAULT	gra/data/civ-matrix.json#/cywilizacje[typCywilizacji=chinczycy]/params/walka_atak_piechota_w_murze	LEGACY_DOC_PRESENT	docs/encyklopedia/cywilizacje/chinczycy.md	UNWIRED		0		NOT_ACTIVE	not computed by current consumer; retain raw Normal data	not applicable until a consumer is wired and reviewed	gra/src/game/civ-matrix.ts:41-60,71-101 (loader/accessor only); no gameplay call-site found	false
chinczycy	Chińczycy	1	walka_obrona_piechota_w_murze	walka	ulamek	civ-bonuses.ts	mul_proc	0	0	false	CURRENT_RUNTIME_DATA	DEFAULT_VALUE	CURRENT_RUNTIME_DEFAULT	gra/data/civ-matrix.json#/cywilizacje[typCywilizacji=chinczycy]/params/walka_obrona_piechota_w_murze	LEGACY_DOC_PRESENT	docs/encyklopedia/cywilizacje/chinczycy.md	DEAD_UNWIRED		0		NOT_ACTIVE	not computed by current consumer; retain raw Normal data	not applicable until a consumer is wired and reviewed	gra/src/game/civ-matrix.ts:41-60,71-101 (loader/accessor only); no gameplay call-site found	false
chinczycy	Chińczycy	1	walka_atak_piechota_runda_szarzy	walka	ulamek	civ-bonuses.ts	mul_proc	0	0	false	CURRENT_RUNTIME_DATA	DEFAULT_VALUE	CURRENT_RUNTIME_DEFAULT	gra/data/civ-matrix.json#/cywilizacje[typCywilizacji=chinczycy]/params/walka_atak_piechota_runda_szarzy	LEGACY_DOC_PRESENT	docs/encyklopedia/cywilizacje/chinczycy.md	DEAD_UNWIRED		0		NOT_ACTIVE	not computed by current consumer; retain raw Normal data	not applicable until a consumer is wired and reviewed	gra/src/game/civ-matrix.ts:41-60,71-101 (loader/accessor only); no gameplay call-site found	false
chinczycy	Chińczycy	1	walka_obrona_piechota_runda_szarzy	walka	ulamek	civ-bonuses.ts	mul_proc	0	0	false	CURRENT_RUNTIME_DATA	DEFAULT_VALUE	CURRENT_RUNTIME_DEFAULT	gra/data/civ-matrix.json#/cywilizacje[typCywilizacji=chinczycy]/params/walka_obrona_piechota_runda_szarzy	LEGACY_DOC_PRESENT	docs/encyklopedia/cywilizacje/chinczycy.md	UNWIRED		0		NOT_ACTIVE	not computed by current consumer; retain raw Normal data	not applicable until a consumer is wired and reviewed	gra/src/game/civ-matrix.ts:41-60,71-101 (loader/accessor only); no gameplay call-site found	false
chinczycy	Chińczycy	1	walka_atak_piechota_teren_plytkie_morze	walka	ulamek	civ-bonuses.ts	mul_proc	0	0	false	CURRENT_RUNTIME_DATA	DEFAULT_VALUE	CURRENT_RUNTIME_DEFAULT	gra/data/civ-matrix.json#/cywilizacje[typCywilizacji=chinczycy]/params/walka_atak_piechota_teren_plytkie_morze	LEGACY_DOC_PRESENT	docs/encyklopedia/cywilizacje/chinczycy.md	UNWIRED		0		NOT_ACTIVE	not computed by current consumer; retain raw Normal data	not applicable until a consumer is wired and reviewed	gra/src/game/civ-matrix.ts:41-60,71-101 (loader/accessor only); no gameplay call-site found	false
chinczycy	Chińczycy	1	walka_obrona_piechota_teren_plytkie_morze	walka	ulamek	civ-bonuses.ts	mul_proc	0	0	false	CURRENT_RUNTIME_DATA	DEFAULT_VALUE	CURRENT_RUNTIME_DEFAULT	gra/data/civ-matrix.json#/cywilizacje[typCywilizacji=chinczycy]/params/walka_obrona_piechota_teren_plytkie_morze	LEGACY_DOC_PRESENT	docs/encyklopedia/cywilizacje/chinczycy.md	UNWIRED		0		NOT_ACTIVE	not computed by current consumer; retain raw Normal data	not applicable until a consumer is wired and reviewed	gra/src/game/civ-matrix.ts:41-60,71-101 (loader/accessor only); no gameplay call-site found	false
chinczycy	Chińczycy	1	spec_Atak	jednostka_spec	absolut	units.json+combat.ts	stat_abs	8	0	true	CURRENT_RUNTIME_DATA	NON_DEFAULT_OVERRIDE	CURRENT_RUNTIME_DATA	gra/data/civ-matrix.json#/cywilizacje[typCywilizacji=chinczycy]/params/spec_Atak	LEGACY_DOC_PRESENT	docs/encyklopedia/cywilizacje/chinczycy.md	DEAD_UNWIRED		8		NOT_ACTIVE	not computed by current consumer; retain raw Normal data	not applicable until a consumer is wired and reviewed	gra/src/game/civ-matrix.ts:41-60,71-101 (loader/accessor only); no gameplay call-site found	false
chinczycy	Chińczycy	1	spec_Obrazenia	jednostka_spec	absolut	units.json+combat.ts	stat_abs	0	0	false	CURRENT_RUNTIME_DATA	DEFAULT_VALUE	CURRENT_RUNTIME_DEFAULT	gra/data/civ-matrix.json#/cywilizacje[typCywilizacji=chinczycy]/params/spec_Obrazenia	LEGACY_DOC_PRESENT	docs/encyklopedia/cywilizacje/chinczycy.md	DEAD_UNWIRED		0		NOT_ACTIVE	not computed by current consumer; retain raw Normal data	not applicable until a consumer is wired and reviewed	gra/src/game/civ-matrix.ts:41-60,71-101 (loader/accessor only); no gameplay call-site found	false
chinczycy	Chińczycy	1	spec_Obrona	jednostka_spec	absolut	units.json+combat.ts	stat_abs	4	0	true	CURRENT_RUNTIME_DATA	NON_DEFAULT_OVERRIDE	CURRENT_RUNTIME_DATA	gra/data/civ-matrix.json#/cywilizacje[typCywilizacji=chinczycy]/params/spec_Obrona	LEGACY_DOC_PRESENT	docs/encyklopedia/cywilizacje/chinczycy.md	DEAD_UNWIRED		4		NOT_ACTIVE	not computed by current consumer; retain raw Normal data	not applicable until a consumer is wired and reviewed	gra/src/game/civ-matrix.ts:41-60,71-101 (loader/accessor only); no gameplay call-site found	false
chinczycy	Chińczycy	1	spec_Uderzenie	jednostka_spec	absolut	units.json+combat.ts	stat_abs	4	0	true	CURRENT_RUNTIME_DATA	NON_DEFAULT_OVERRIDE	CURRENT_RUNTIME_DATA	gra/data/civ-matrix.json#/cywilizacje[typCywilizacji=chinczycy]/params/spec_Uderzenie	LEGACY_DOC_PRESENT	docs/encyklopedia/cywilizacje/chinczycy.md	DEAD_UNWIRED		4		NOT_ACTIVE	not computed by current consumer; retain raw Normal data	not applicable until a consumer is wired and reviewed	gra/src/game/civ-matrix.ts:41-60,71-101 (loader/accessor only); no gameplay call-site found	false
chinczycy	Chińczycy	1	spec_Pancerz	jednostka_spec	absolut	units.json+combat.ts	stat_abs	2	0	true	CURRENT_RUNTIME_DATA	NON_DEFAULT_OVERRIDE	CURRENT_RUNTIME_DATA	gra/data/civ-matrix.json#/cywilizacje[typCywilizacji=chinczycy]/params/spec_Pancerz	LEGACY_DOC_PRESENT	docs/encyklopedia/cywilizacje/chinczycy.md	DEAD_UNWIRED		2		NOT_ACTIVE	not computed by current consumer; retain raw Normal data	not applicable until a consumer is wired and reviewed	gra/src/game/civ-matrix.ts:41-60,71-101 (loader/accessor only); no gameplay call-site found	false
chinczycy	Chińczycy	1	spec_Przebicie	jednostka_spec	absolut	units.json+combat.ts	stat_abs	2	0	true	CURRENT_RUNTIME_DATA	NON_DEFAULT_OVERRIDE	CURRENT_RUNTIME_DATA	gra/data/civ-matrix.json#/cywilizacje[typCywilizacji=chinczycy]/params/spec_Przebicie	LEGACY_DOC_PRESENT	docs/encyklopedia/cywilizacje/chinczycy.md	DEAD_UNWIRED		2		NOT_ACTIVE	not computed by current consumer; retain raw Normal data	not applicable until a consumer is wired and reviewed	gra/src/game/civ-matrix.ts:41-60,71-101 (loader/accessor only); no gameplay call-site found	false
chinczycy	Chińczycy	1	spec_Health	jednostka_spec	absolut	units.json+combat.ts	stat_abs	20	0	true	CURRENT_RUNTIME_DATA	NON_DEFAULT_OVERRIDE	CURRENT_RUNTIME_DATA	gra/data/civ-matrix.json#/cywilizacje[typCywilizacji=chinczycy]/params/spec_Health	LEGACY_DOC_PRESENT	docs/encyklopedia/cywilizacje/chinczycy.md	DEAD_UNWIRED		20		NOT_ACTIVE	not computed by current consumer; retain raw Normal data	not applicable until a consumer is wired and reviewed	gra/src/game/civ-matrix.ts:41-60,71-101 (loader/accessor only); no gameplay call-site found	false
chinczycy	Chińczycy	1	spec_Atak_dystansowy	jednostka_spec	absolut	units.json+combat.ts	stat_abs	10	0	true	CURRENT_RUNTIME_DATA	NON_DEFAULT_OVERRIDE	CURRENT_RUNTIME_DATA	gra/data/civ-matrix.json#/cywilizacje[typCywilizacji=chinczycy]/params/spec_Atak_dystansowy	LEGACY_DOC_PRESENT	docs/encyklopedia/cywilizacje/chinczycy.md	DEAD_UNWIRED		10		NOT_ACTIVE	not computed by current consumer; retain raw Normal data	not applicable until a consumer is wired and reviewed	gra/src/game/civ-matrix.ts:41-60,71-101 (loader/accessor only); no gameplay call-site found	false
chinczycy	Chińczycy	1	spec_Zasieg_hex	jednostka_spec	absolut	units.json+combat.ts	stat_abs	4	0	true	CURRENT_RUNTIME_DATA	NON_DEFAULT_OVERRIDE	CURRENT_RUNTIME_DATA	gra/data/civ-matrix.json#/cywilizacje[typCywilizacji=chinczycy]/params/spec_Zasieg_hex	LEGACY_DOC_PRESENT	docs/encyklopedia/cywilizacje/chinczycy.md	DEAD_UNWIRED		4		NOT_ACTIVE	not computed by current consumer; retain raw Normal data	not applicable until a consumer is wired and reviewed	gra/src/game/civ-matrix.ts:41-60,71-101 (loader/accessor only); no gameplay call-site found	false
chinczycy	Chińczycy	1	spec_Pociski	jednostka_spec	absolut	units.json+combat.ts	stat_abs	14	0	true	CURRENT_RUNTIME_DATA	NON_DEFAULT_OVERRIDE	CURRENT_RUNTIME_DATA	gra/data/civ-matrix.json#/cywilizacje[typCywilizacji=chinczycy]/params/spec_Pociski	LEGACY_DOC_PRESENT	docs/encyklopedia/cywilizacje/chinczycy.md	DEAD_UNWIRED		14		NOT_ACTIVE	not computed by current consumer; retain raw Normal data	not applicable until a consumer is wired and reviewed	gra/src/game/civ-matrix.ts:41-60,71-101 (loader/accessor only); no gameplay call-site found	false
chinczycy	Chińczycy	1	spec_Ruch_bitwa	jednostka_spec	absolut	units.json+combat.ts	stat_abs	3	0	true	CURRENT_RUNTIME_DATA	NON_DEFAULT_OVERRIDE	CURRENT_RUNTIME_DATA	gra/data/civ-matrix.json#/cywilizacje[typCywilizacji=chinczycy]/params/spec_Ruch_bitwa	LEGACY_DOC_PRESENT	docs/encyklopedia/cywilizacje/chinczycy.md	DEAD_UNWIRED		3		NOT_ACTIVE	not computed by current consumer; retain raw Normal data	not applicable until a consumer is wired and reviewed	gra/src/game/civ-matrix.ts:41-60,71-101 (loader/accessor only); no gameplay call-site found	false
chinczycy	Chińczycy	1	spec_Ruch_mapa	jednostka_spec	absolut	units.json+combat.ts	stat_abs	2	0	true	CURRENT_RUNTIME_DATA	NON_DEFAULT_OVERRIDE	CURRENT_RUNTIME_DATA	gra/data/civ-matrix.json#/cywilizacje[typCywilizacji=chinczycy]/params/spec_Ruch_mapa	LEGACY_DOC_PRESENT	docs/encyklopedia/cywilizacje/chinczycy.md	DEAD_UNWIRED		2		NOT_ACTIVE	not computed by current consumer; retain raw Normal data	not applicable until a consumer is wired and reviewed	gra/src/game/civ-matrix.ts:41-60,71-101 (loader/accessor only); no gameplay call-site found	false
chinczycy	Chińczycy	1	spec_Widok	jednostka_spec	absolut	units.json+combat.ts	stat_abs	2	0	true	CURRENT_RUNTIME_DATA	NON_DEFAULT_OVERRIDE	CURRENT_RUNTIME_DATA	gra/data/civ-matrix.json#/cywilizacje[typCywilizacji=chinczycy]/params/spec_Widok	LEGACY_DOC_PRESENT	docs/encyklopedia/cywilizacje/chinczycy.md	DEAD_UNWIRED		2		NOT_ACTIVE	not computed by current consumer; retain raw Normal data	not applicable until a consumer is wired and reviewed	gra/src/game/civ-matrix.ts:41-60,71-101 (loader/accessor only); no gameplay call-site found	false
chinczycy	Chińczycy	1	spec_Dezercja_proc	jednostka_spec	absolut	units.json+combat.ts	stat_abs	0.4	0	true	CURRENT_RUNTIME_DATA	NON_DEFAULT_OVERRIDE	CURRENT_RUNTIME_DATA	gra/data/civ-matrix.json#/cywilizacje[typCywilizacji=chinczycy]/params/spec_Dezercja_proc	LEGACY_DOC_PRESENT	docs/encyklopedia/cywilizacje/chinczycy.md	DEAD_UNWIRED		0.4		NOT_ACTIVE	not computed by current consumer; retain raw Normal data	not applicable until a consumer is wired and reviewed	gra/src/game/civ-matrix.ts:41-60,71-101 (loader/accessor only); no gameplay call-site found	false
chinczycy	Chińczycy	1	spec_Morale	jednostka_spec	absolut	units.json+combat.ts	stat_abs	85	0	true	CURRENT_RUNTIME_DATA	NON_DEFAULT_OVERRIDE	CURRENT_RUNTIME_DATA	gra/data/civ-matrix.json#/cywilizacje[typCywilizacji=chinczycy]/params/spec_Morale	LEGACY_DOC_PRESENT	docs/encyklopedia/cywilizacje/chinczycy.md	DEAD_UNWIRED		85		NOT_ACTIVE	not computed by current consumer; retain raw Normal data	not applicable until a consumer is wired and reviewed	gra/src/game/civ-matrix.ts:41-60,71-101 (loader/accessor only); no gameplay call-site found	false
chinczycy	Chińczycy	1	spec_Koszt_pieniadz	jednostka_spec	absolut	units.json+combat.ts	stat_abs	20	0	true	CURRENT_RUNTIME_DATA	NON_DEFAULT_OVERRIDE	CURRENT_RUNTIME_DATA	gra/data/civ-matrix.json#/cywilizacje[typCywilizacji=chinczycy]/params/spec_Koszt_pieniadz	LEGACY_DOC_PRESENT	docs/encyklopedia/cywilizacje/chinczycy.md	DEAD_UNWIRED		20		NOT_ACTIVE	not computed by current consumer; retain raw Normal data	not applicable until a consumer is wired and reviewed	gra/src/game/civ-matrix.ts:41-60,71-101 (loader/accessor only); no gameplay call-site found	false
chinczycy	Chińczycy	1	spec_Utrzymanie	jednostka_spec	absolut	units.json+combat.ts	stat_abs	2	0	true	CURRENT_RUNTIME_DATA	NON_DEFAULT_OVERRIDE	CURRENT_RUNTIME_DATA	gra/data/civ-matrix.json#/cywilizacje[typCywilizacji=chinczycy]/params/spec_Utrzymanie	LEGACY_DOC_PRESENT	docs/encyklopedia/cywilizacje/chinczycy.md	DEAD_UNWIRED		2		NOT_ACTIVE	not computed by current consumer; retain raw Normal data	not applicable until a consumer is wired and reviewed	gra/src/game/civ-matrix.ts:41-60,71-101 (loader/accessor only); no gameplay call-site found	false
chinczycy	Chińczycy	1	spec_Zywnosc_ture	jednostka_spec	absolut	units.json+combat.ts	stat_abs	1	0	true	CURRENT_RUNTIME_DATA	NON_DEFAULT_OVERRIDE	CURRENT_RUNTIME_DATA	gra/data/civ-matrix.json#/cywilizacje[typCywilizacji=chinczycy]/params/spec_Zywnosc_ture	LEGACY_DOC_PRESENT	docs/encyklopedia/cywilizacje/chinczycy.md	DEAD_UNWIRED		1		NOT_ACTIVE	not computed by current consumer; retain raw Normal data	not applicable until a consumer is wired and reviewed	gra/src/game/civ-matrix.ts:41-60,71-101 (loader/accessor only); no gameplay call-site found	false
chinczycy	Chińczycy	1	eko_praca_proc	ekonomia	ulamek	economy.ts	mul_proc	0.03	0	true	CURRENT_RUNTIME_DATA	NON_DEFAULT_OVERRIDE	CURRENT_RUNTIME_DATA	gra/data/civ-matrix.json#/cywilizacje[typCywilizacji=chinczycy]/params/eko_praca_proc	LEGACY_DOC_PRESENT	docs/encyklopedia/cywilizacje/chinczycy.md	DEAD_UNWIRED		0.03		NOT_ACTIVE	not computed by current consumer; retain raw Normal data	not applicable until a consumer is wired and reviewed	gra/src/game/civ-matrix.ts:41-60,71-101 (loader/accessor only); no gameplay call-site found	false
chinczycy	Chińczycy	1	eko_pieniadz_proc	ekonomia	ulamek	economy.ts	mul_proc	0	0	false	CURRENT_RUNTIME_DATA	DEFAULT_VALUE	CURRENT_RUNTIME_DEFAULT	gra/data/civ-matrix.json#/cywilizacje[typCywilizacji=chinczycy]/params/eko_pieniadz_proc	LEGACY_DOC_PRESENT	docs/encyklopedia/cywilizacje/chinczycy.md	DEAD_UNWIRED		0		NOT_ACTIVE	not computed by current consumer; retain raw Normal data	not applicable until a consumer is wired and reviewed	gra/src/game/civ-matrix.ts:41-60,71-101 (loader/accessor only); no gameplay call-site found	false
chinczycy	Chińczycy	1	eko_pieniadz_port_proc	ekonomia	ulamek	economy.ts	mul_proc	0	0	false	CURRENT_RUNTIME_DATA	DEFAULT_VALUE	CURRENT_RUNTIME_DEFAULT	gra/data/civ-matrix.json#/cywilizacje[typCywilizacji=chinczycy]/params/eko_pieniadz_port_proc	LEGACY_DOC_PRESENT	docs/encyklopedia/cywilizacje/chinczycy.md	DEAD_UNWIRED		0		NOT_ACTIVE	not computed by current consumer; retain raw Normal data	not applicable until a consumer is wired and reviewed	gra/src/game/civ-matrix.ts:41-60,71-101 (loader/accessor only); no gameplay call-site found	false
chinczycy	Chińczycy	1	eko_zywnosc_proc	ekonomia	ulamek	economy.ts	mul_proc	0	0	false	CURRENT_RUNTIME_DATA	DEFAULT_VALUE	CURRENT_RUNTIME_DEFAULT	gra/data/civ-matrix.json#/cywilizacje[typCywilizacji=chinczycy]/params/eko_zywnosc_proc	LEGACY_DOC_PRESENT	docs/encyklopedia/cywilizacje/chinczycy.md	UNWIRED		0		NOT_ACTIVE	not computed by current consumer; retain raw Normal data	not applicable until a consumer is wired and reviewed	gra/src/game/civ-matrix.ts:41-60,71-101 (loader/accessor only); no gameplay call-site found	false
chinczycy	Chińczycy	1	eko_nauka_proc	ekonomia	ulamek	economy.ts	mul_proc	0	0	false	CURRENT_RUNTIME_DATA	DEFAULT_VALUE	CURRENT_RUNTIME_DEFAULT	gra/data/civ-matrix.json#/cywilizacje[typCywilizacji=chinczycy]/params/eko_nauka_proc	LEGACY_DOC_PRESENT	docs/encyklopedia/cywilizacje/chinczycy.md	DEAD_UNWIRED		0		NOT_ACTIVE	not computed by current consumer; retain raw Normal data	not applicable until a consumer is wired and reviewed	gra/src/game/civ-matrix.ts:41-60,71-101 (loader/accessor only); no gameplay call-site found	false
chinczycy	Chińczycy	1	eko_kultura_proc	ekonomia	ulamek	economy.ts	mul_proc	0	0	false	CURRENT_RUNTIME_DATA	DEFAULT_VALUE	CURRENT_RUNTIME_DEFAULT	gra/data/civ-matrix.json#/cywilizacje[typCywilizacji=chinczycy]/params/eko_kultura_proc	LEGACY_DOC_PRESENT	docs/encyklopedia/cywilizacje/chinczycy.md	UNWIRED		0		NOT_ACTIVE	not computed by current consumer; retain raw Normal data	not applicable until a consumer is wired and reviewed	gra/src/game/civ-matrix.ts:41-60,71-101 (loader/accessor only); no gameplay call-site found	false
chinczycy	Chińczycy	1	eko_luksus_proc	ekonomia	ulamek	economy.ts	mul_proc	0	0	false	CURRENT_RUNTIME_DATA	DEFAULT_VALUE	CURRENT_RUNTIME_DEFAULT	gra/data/civ-matrix.json#/cywilizacje[typCywilizacji=chinczycy]/params/eko_luksus_proc	LEGACY_DOC_PRESENT	docs/encyklopedia/cywilizacje/chinczycy.md	UNWIRED		0		NOT_ACTIVE	not computed by current consumer; retain raw Normal data	not applicable until a consumer is wired and reviewed	gra/src/game/civ-matrix.ts:41-60,71-101 (loader/accessor only); no gameplay call-site found	false
chinczycy	Chińczycy	1	eko_zadowolenie_proc	ekonomia	ulamek	economy.ts	mul_proc	0	0	false	CURRENT_RUNTIME_DATA	DEFAULT_VALUE	CURRENT_RUNTIME_DEFAULT	gra/data/civ-matrix.json#/cywilizacje[typCywilizacji=chinczycy]/params/eko_zadowolenie_proc	LEGACY_DOC_PRESENT	docs/encyklopedia/cywilizacje/chinczycy.md	UNWIRED		0		NOT_ACTIVE	not computed by current consumer; retain raw Normal data	not applicable until a consumer is wired and reviewed	gra/src/game/civ-matrix.ts:41-60,71-101 (loader/accessor only); no gameplay call-site found	false
chinczycy	Chińczycy	1	eko_handel_brutto_proc	ekonomia	ulamek	economy.ts	mul_proc	0	0	false	CURRENT_RUNTIME_DATA	DEFAULT_VALUE	CURRENT_RUNTIME_DEFAULT	gra/data/civ-matrix.json#/cywilizacje[typCywilizacji=chinczycy]/params/eko_handel_brutto_proc	LEGACY_DOC_PRESENT	docs/encyklopedia/cywilizacje/chinczycy.md	DEAD_UNWIRED		0		NOT_ACTIVE	not computed by current consumer; retain raw Normal data	not applicable until a consumer is wired and reviewed	gra/src/game/civ-matrix.ts:41-60,71-101 (loader/accessor only); no gameplay call-site found	false
chinczycy	Chińczycy	1	eko_korupcja_proc	ekonomia	ulamek	economy.ts	mul_proc	0	0	false	CURRENT_RUNTIME_DATA	DEFAULT_VALUE	CURRENT_RUNTIME_DEFAULT	gra/data/civ-matrix.json#/cywilizacje[typCywilizacji=chinczycy]/params/eko_korupcja_proc	LEGACY_DOC_PRESENT	docs/encyklopedia/cywilizacje/chinczycy.md	UNWIRED		0		NOT_ACTIVE	not computed by current consumer; retain raw Normal data	not applicable until a consumer is wired and reviewed	gra/src/game/civ-matrix.ts:41-60,71-101 (loader/accessor only); no gameplay call-site found	false
chinczycy	Chińczycy	1	prod_koszt_budynku_proc	produkcja	ulamek	civ-bonuses.ts	mul_proc	0	0	false	CURRENT_RUNTIME_DATA	DEFAULT_VALUE	CURRENT_RUNTIME_DEFAULT	gra/data/civ-matrix.json#/cywilizacje[typCywilizacji=chinczycy]/params/prod_koszt_budynku_proc	LEGACY_DOC_PRESENT	docs/encyklopedia/cywilizacje/chinczycy.md	DEAD_UNWIRED		0		NOT_ACTIVE	not computed by current consumer; retain raw Normal data	not applicable until a consumer is wired and reviewed	gra/src/game/civ-matrix.ts:41-60,71-101 (loader/accessor only); no gameplay call-site found	false
chinczycy	Chińczycy	1	prod_koszt_jednostki_proc	produkcja	ulamek	production.ts	mul_proc	0	0	false	CURRENT_RUNTIME_DATA	DEFAULT_VALUE	CURRENT_RUNTIME_DEFAULT	gra/data/civ-matrix.json#/cywilizacje[typCywilizacji=chinczycy]/params/prod_koszt_jednostki_proc	LEGACY_DOC_PRESENT	docs/encyklopedia/cywilizacje/chinczycy.md	DEAD_UNWIRED		0		NOT_ACTIVE	not computed by current consumer; retain raw Normal data	not applicable until a consumer is wired and reviewed	gra/src/game/civ-matrix.ts:41-60,71-101 (loader/accessor only); no gameplay call-site found	false
chinczycy	Chińczycy	1	prod_szybkosc_budynku_proc	produkcja	ulamek	production.ts	mul_proc	0	0	false	CURRENT_RUNTIME_DATA	DEFAULT_VALUE	CURRENT_RUNTIME_DEFAULT	gra/data/civ-matrix.json#/cywilizacje[typCywilizacji=chinczycy]/params/prod_szybkosc_budynku_proc	LEGACY_DOC_PRESENT	docs/encyklopedia/cywilizacje/chinczycy.md	UNWIRED		0		NOT_ACTIVE	not computed by current consumer; retain raw Normal data	not applicable until a consumer is wired and reviewed	gra/src/game/civ-matrix.ts:41-60,71-101 (loader/accessor only); no gameplay call-site found	false
chinczycy	Chińczycy	1	prod_szybkosc_jednostki_proc	produkcja	ulamek	production.ts	mul_proc	0	0	false	CURRENT_RUNTIME_DATA	DEFAULT_VALUE	CURRENT_RUNTIME_DEFAULT	gra/data/civ-matrix.json#/cywilizacje[typCywilizacji=chinczycy]/params/prod_szybkosc_jednostki_proc	LEGACY_DOC_PRESENT	docs/encyklopedia/cywilizacje/chinczycy.md	UNWIRED		0		NOT_ACTIVE	not computed by current consumer; retain raw Normal data	not applicable until a consumer is wired and reviewed	gra/src/game/civ-matrix.ts:41-60,71-101 (loader/accessor only); no gameplay call-site found	false
chinczycy	Chińczycy	1	prod_rush_koszt_proc	produkcja	ulamek	production.ts	mul_proc	0	0	false	CURRENT_RUNTIME_DATA	DEFAULT_VALUE	CURRENT_RUNTIME_DEFAULT	gra/data/civ-matrix.json#/cywilizacje[typCywilizacji=chinczycy]/params/prod_rush_koszt_proc	LEGACY_DOC_PRESENT	docs/encyklopedia/cywilizacje/chinczycy.md	UNWIRED		0		NOT_ACTIVE	not computed by current consumer; retain raw Normal data	not applicable until a consumer is wired and reviewed	gra/src/game/civ-matrix.ts:41-60,71-101 (loader/accessor only); no gameplay call-site found	false
chinczycy	Chińczycy	1	lud_wzrost_proc	ludnosc	ulamek	economy.ts	mul_proc	0.05	0	true	CURRENT_RUNTIME_DATA	NON_DEFAULT_OVERRIDE	CURRENT_RUNTIME_DATA	gra/data/civ-matrix.json#/cywilizacje[typCywilizacji=chinczycy]/params/lud_wzrost_proc	LEGACY_DOC_PRESENT	docs/encyklopedia/cywilizacje/chinczycy.md	REAL_GAMEPLAY	0.025	0.05	0.07500000000000001	GROWTH_DIFFICULTY_MULT	easy=raw*0.5; normal=raw; hard=raw*1.5; contribution rounded to percent	wyżej = szybszy wzrost i silniejszy AI; Hard ×1.5, Easy ×0.5	gra/src/game/population-growth-v85.ts:84-90,230-232	false
chinczycy	Chińczycy	1	lud_spadek_proc	ludnosc	ulamek	economy.ts	mul_proc	0	0	false	CURRENT_RUNTIME_DATA	DEFAULT_VALUE	CURRENT_RUNTIME_DEFAULT	gra/data/civ-matrix.json#/cywilizacje[typCywilizacji=chinczycy]/params/lud_spadek_proc	LEGACY_DOC_PRESENT	docs/encyklopedia/cywilizacje/chinczycy.md	UNWIRED		0		NOT_ACTIVE	not computed by current consumer; retain raw Normal data	not applicable until a consumer is wired and reviewed	gra/src/game/civ-matrix.ts:41-60,71-101 (loader/accessor only); no gameplay call-site found	false
chinczycy	Chińczycy	1	lud_zdrowie_proc	ludnosc	ulamek	turn-economy.ts	mul_proc	0	0	false	CURRENT_RUNTIME_DATA	DEFAULT_VALUE	CURRENT_RUNTIME_DEFAULT	gra/data/civ-matrix.json#/cywilizacje[typCywilizacji=chinczycy]/params/lud_zdrowie_proc	LEGACY_DOC_PRESENT	docs/encyklopedia/cywilizacje/chinczycy.md	UNWIRED		0		NOT_ACTIVE	not computed by current consumer; retain raw Normal data	not applicable until a consumer is wired and reviewed	gra/src/game/civ-matrix.ts:41-60,71-101 (loader/accessor only); no gameplay call-site found	false
chinczycy	Chińczycy	1	lud_zadowolenie_bazowe	ludnosc	absolut	culture-religion.ts	add	0	0	false	CURRENT_RUNTIME_DATA	DEFAULT_VALUE	CURRENT_RUNTIME_DEFAULT	gra/data/civ-matrix.json#/cywilizacje[typCywilizacji=chinczycy]/params/lud_zadowolenie_bazowe	LEGACY_DOC_PRESENT	docs/encyklopedia/cywilizacje/chinczycy.md	UNWIRED		0		NOT_ACTIVE	not computed by current consumer; retain raw Normal data	not applicable until a consumer is wired and reviewed	gra/src/game/civ-matrix.ts:41-60,71-101 (loader/accessor only); no gameplay call-site found	false
chinczycy	Chińczycy	1	lud_limit_populacji	ludnosc	absolut	cities.ts	add	10	10	false	CURRENT_RUNTIME_DATA	DEFAULT_VALUE	CURRENT_RUNTIME_DEFAULT	gra/data/civ-matrix.json#/cywilizacje[typCywilizacji=chinczycy]/params/lud_limit_populacji	LEGACY_DOC_PRESENT	docs/encyklopedia/cywilizacje/chinczycy.md	UNWIRED		10		NOT_ACTIVE	not computed by current consumer; retain raw Normal data	not applicable until a consumer is wired and reviewed	gra/src/game/civ-matrix.ts:41-60,71-101 (loader/accessor only); no gameplay call-site found	false
chinczycy	Chińczycy	1	mp_regen_proc	manpower	ulamek	manpower.ts	mul_proc	0	0	false	CURRENT_RUNTIME_DATA	DEFAULT_VALUE	CURRENT_RUNTIME_DEFAULT	gra/data/civ-matrix.json#/cywilizacje[typCywilizacji=chinczycy]/params/mp_regen_proc	LEGACY_DOC_PRESENT	docs/encyklopedia/cywilizacje/chinczycy.md	DEAD_UNWIRED		0		NOT_ACTIVE	not computed by current consumer; retain raw Normal data	not applicable until a consumer is wired and reviewed	gra/src/game/civ-matrix.ts:41-60,71-101 (loader/accessor only); no gameplay call-site found	false
chinczycy	Chińczycy	1	mp_max_proc	manpower	ulamek	manpower.ts	mul_proc	0	0	false	CURRENT_RUNTIME_DATA	DEFAULT_VALUE	CURRENT_RUNTIME_DEFAULT	gra/data/civ-matrix.json#/cywilizacje[typCywilizacji=chinczycy]/params/mp_max_proc	LEGACY_DOC_PRESENT	docs/encyklopedia/cywilizacje/chinczycy.md	UNWIRED		0		NOT_ACTIVE	not computed by current consumer; retain raw Normal data	not applicable until a consumer is wired and reviewed	gra/src/game/civ-matrix.ts:41-60,71-101 (loader/accessor only); no gameplay call-site found	false
chinczycy	Chińczycy	1	mp_koszt_jednostki_proc	manpower	ulamek	manpower.ts	mul_proc	0	0	false	CURRENT_RUNTIME_DATA	DEFAULT_VALUE	CURRENT_RUNTIME_DEFAULT	gra/data/civ-matrix.json#/cywilizacje[typCywilizacji=chinczycy]/params/mp_koszt_jednostki_proc	LEGACY_DOC_PRESENT	docs/encyklopedia/cywilizacje/chinczycy.md	UNWIRED		0		NOT_ACTIVE	not computed by current consumer; retain raw Normal data	not applicable until a consumer is wired and reviewed	gra/src/game/civ-matrix.ts:41-60,71-101 (loader/accessor only); no gameplay call-site found	false
chinczycy	Chińczycy	1	wealth_cap_proc	spoleczenstwo	ulamek	wealth.ts	mul_proc	0	0	false	CURRENT_RUNTIME_DATA	DEFAULT_VALUE	CURRENT_RUNTIME_DEFAULT	gra/data/civ-matrix.json#/cywilizacje[typCywilizacji=chinczycy]/params/wealth_cap_proc	LEGACY_DOC_PRESENT	docs/encyklopedia/cywilizacje/chinczycy.md	UNWIRED		0		NOT_ACTIVE	not computed by current consumer; retain raw Normal data	not applicable until a consumer is wired and reviewed	gra/src/game/civ-matrix.ts:41-60,71-101 (loader/accessor only); no gameplay call-site found	false
chinczycy	Chińczycy	1	wealth_mnoznik_proc	spoleczenstwo	ulamek	wealth.ts	mul_proc	0	0	false	CURRENT_RUNTIME_DATA	DEFAULT_VALUE	CURRENT_RUNTIME_DEFAULT	gra/data/civ-matrix.json#/cywilizacje[typCywilizacji=chinczycy]/params/wealth_mnoznik_proc	LEGACY_DOC_PRESENT	docs/encyklopedia/cywilizacje/chinczycy.md	UNWIRED		0		NOT_ACTIVE	not computed by current consumer; retain raw Normal data	not applicable until a consumer is wired and reviewed	gra/src/game/civ-matrix.ts:41-60,71-101 (loader/accessor only); no gameplay call-site found	false
chinczycy	Chińczycy	1	kultura_naplyw_proc	spoleczenstwo	ulamek	culture-religion.ts	mul_proc	0	0	false	CURRENT_RUNTIME_DATA	DEFAULT_VALUE	CURRENT_RUNTIME_DEFAULT	gra/data/civ-matrix.json#/cywilizacje[typCywilizacji=chinczycy]/params/kultura_naplyw_proc	LEGACY_DOC_PRESENT	docs/encyklopedia/cywilizacje/chinczycy.md	UNWIRED		0		NOT_ACTIVE	not computed by current consumer; retain raw Normal data	not applicable until a consumer is wired and reviewed	gra/src/game/civ-matrix.ts:41-60,71-101 (loader/accessor only); no gameplay call-site found	false
chinczycy	Chińczycy	1	religia_spread_proc	spoleczenstwo	ulamek	culture-religion.ts	mul_proc	0	0	false	CURRENT_RUNTIME_DATA	DEFAULT_VALUE	CURRENT_RUNTIME_DEFAULT	gra/data/civ-matrix.json#/cywilizacje[typCywilizacji=chinczycy]/params/religia_spread_proc	LEGACY_DOC_PRESENT	docs/encyklopedia/cywilizacje/chinczycy.md	UNWIRED		0		NOT_ACTIVE	not computed by current consumer; retain raw Normal data	not applicable until a consumer is wired and reviewed	gra/src/game/civ-matrix.ts:41-60,71-101 (loader/accessor only); no gameplay call-site found	false
chinczycy	Chińczycy	1	porzadek_produkcja_proc	spoleczenstwo	ulamek	order.ts	mul_proc	0	0	false	CURRENT_RUNTIME_DATA	DEFAULT_VALUE	CURRENT_RUNTIME_DEFAULT	gra/data/civ-matrix.json#/cywilizacje[typCywilizacji=chinczycy]/params/porzadek_produkcja_proc	LEGACY_DOC_PRESENT	docs/encyklopedia/cywilizacje/chinczycy.md	UNWIRED		0		NOT_ACTIVE	not computed by current consumer; retain raw Normal data	not applicable until a consumer is wired and reviewed	gra/src/game/civ-matrix.ts:41-60,71-101 (loader/accessor only); no gameplay call-site found	false
chinczycy	Chińczycy	1	porzadek_pieniadz_proc	spoleczenstwo	ulamek	order.ts	mul_proc	0	0	false	CURRENT_RUNTIME_DATA	DEFAULT_VALUE	CURRENT_RUNTIME_DEFAULT	gra/data/civ-matrix.json#/cywilizacje[typCywilizacji=chinczycy]/params/porzadek_pieniadz_proc	LEGACY_DOC_PRESENT	docs/encyklopedia/cywilizacje/chinczycy.md	UNWIRED		0		NOT_ACTIVE	not computed by current consumer; retain raw Normal data	not applicable until a consumer is wired and reviewed	gra/src/game/civ-matrix.ts:41-60,71-101 (loader/accessor only); no gameplay call-site found	false
chinczycy	Chińczycy	1	porzadek_nauka_proc	spoleczenstwo	ulamek	order.ts	mul_proc	0	0	false	CURRENT_RUNTIME_DATA	DEFAULT_VALUE	CURRENT_RUNTIME_DEFAULT	gra/data/civ-matrix.json#/cywilizacje[typCywilizacji=chinczycy]/params/porzadek_nauka_proc	LEGACY_DOC_PRESENT	docs/encyklopedia/cywilizacje/chinczycy.md	UNWIRED		0		NOT_ACTIVE	not computed by current consumer; retain raw Normal data	not applicable until a consumer is wired and reviewed	gra/src/game/civ-matrix.ts:41-60,71-101 (loader/accessor only); no gameplay call-site found	false
chinczycy	Chińczycy	1	porzadek_kultura_proc	spoleczenstwo	ulamek	order.ts	mul_proc	0	0	false	CURRENT_RUNTIME_DATA	DEFAULT_VALUE	CURRENT_RUNTIME_DEFAULT	gra/data/civ-matrix.json#/cywilizacje[typCywilizacji=chinczycy]/params/porzadek_kultura_proc	LEGACY_DOC_PRESENT	docs/encyklopedia/cywilizacje/chinczycy.md	UNWIRED		0		NOT_ACTIVE	not computed by current consumer; retain raw Normal data	not applicable until a consumer is wired and reviewed	gra/src/game/civ-matrix.ts:41-60,71-101 (loader/accessor only); no gameplay call-site found	false
chinczycy	Chińczycy	1	porzadek_wzrost_proc	spoleczenstwo	ulamek	order.ts	mul_proc	0	0	false	CURRENT_RUNTIME_DATA	DEFAULT_VALUE	CURRENT_RUNTIME_DEFAULT	gra/data/civ-matrix.json#/cywilizacje[typCywilizacji=chinczycy]/params/porzadek_wzrost_proc	LEGACY_DOC_PRESENT	docs/encyklopedia/cywilizacje/chinczycy.md	UNWIRED		0		NOT_ACTIVE	not computed by current consumer; retain raw Normal data	not applicable until a consumer is wired and reviewed	gra/src/game/civ-matrix.ts:41-60,71-101 (loader/accessor only); no gameplay call-site found	false
chinczycy	Chińczycy	1	obl_obrona_miasta_proc	obleczenie	ulamek	siege.ts	mul_proc	0	0	false	CURRENT_RUNTIME_DATA	DEFAULT_VALUE	CURRENT_RUNTIME_DEFAULT	gra/data/civ-matrix.json#/cywilizacje[typCywilizacji=chinczycy]/params/obl_obrona_miasta_proc	LEGACY_DOC_PRESENT	docs/encyklopedia/cywilizacje/chinczycy.md	UNWIRED		0		NOT_ACTIVE	not computed by current consumer; retain raw Normal data	not applicable until a consumer is wired and reviewed	gra/src/game/civ-matrix.ts:41-60,71-101 (loader/accessor only); no gameplay call-site found	false
chinczycy	Chińczycy	1	obl_mur_proc	obleczenie	ulamek	siege.ts	mul_proc	0	0	false	CURRENT_RUNTIME_DATA	DEFAULT_VALUE	CURRENT_RUNTIME_DEFAULT	gra/data/civ-matrix.json#/cywilizacje[typCywilizacji=chinczycy]/params/obl_mur_proc	LEGACY_DOC_PRESENT	docs/encyklopedia/cywilizacje/chinczycy.md	UNWIRED		0		NOT_ACTIVE	not computed by current consumer; retain raw Normal data	not applicable until a consumer is wired and reviewed	gra/src/game/civ-matrix.ts:41-60,71-101 (loader/accessor only); no gameplay call-site found	false
chinczycy	Chińczycy	1	obl_machines_proc	obleczenie	ulamek	siegeMachines.ts	mul_proc	0	0	false	CURRENT_RUNTIME_DATA	DEFAULT_VALUE	CURRENT_RUNTIME_DEFAULT	gra/data/civ-matrix.json#/cywilizacje[typCywilizacji=chinczycy]/params/obl_machines_proc	LEGACY_DOC_PRESENT	docs/encyklopedia/cywilizacje/chinczycy.md	UNWIRED		0		NOT_ACTIVE	not computed by current consumer; retain raw Normal data	not applicable until a consumer is wired and reviewed	gra/src/game/civ-matrix.ts:41-60,71-101 (loader/accessor only); no gameplay call-site found	false
chinczycy	Chińczycy	1	dip_sklonnosc_sojusze	dyplomacja	skala_1_10	diplomacy.ts	skala	8	5	true	CURRENT_RUNTIME_DATA	NON_DEFAULT_OVERRIDE	CURRENT_RUNTIME_DATA	gra/data/civ-matrix.json#/cywilizacje[typCywilizacji=chinczycy]/params/dip_sklonnosc_sojusze	LEGACY_DOC_PRESENT	docs/encyklopedia/cywilizacje/chinczycy.md	UI_ONLY		8		DISPLAY_RAW	display reads raw value; no gameplay Easy/Normal/Hard effect	etykieta UI; brak wpływu na wynik gry	gra/src/game/diplomacy-display.ts:54-59,116-122	false
chinczycy	Chińczycy	1	dip_lojalnosc	dyplomacja	skala_1_10	diplomacy.ts	skala	7	5	true	CURRENT_RUNTIME_DATA	NON_DEFAULT_OVERRIDE	CURRENT_RUNTIME_DATA	gra/data/civ-matrix.json#/cywilizacje[typCywilizacji=chinczycy]/params/dip_lojalnosc	LEGACY_DOC_PRESENT	docs/encyklopedia/cywilizacje/chinczycy.md	UI_ONLY		7		DISPLAY_RAW	display reads raw value; no gameplay Easy/Normal/Hard effect	etykieta UI; brak wpływu na wynik gry	gra/src/game/diplomacy-display.ts:64-69,116-122	false
chinczycy	Chińczycy	1	dip_prog_wojny	dyplomacja	skala_1_10	diplomacy.ts	skala	2	5	true	CURRENT_RUNTIME_DATA	NON_DEFAULT_OVERRIDE	CURRENT_RUNTIME_DATA	gra/data/civ-matrix.json#/cywilizacje[typCywilizacji=chinczycy]/params/dip_prog_wojny	LEGACY_DOC_PRESENT	docs/encyklopedia/cywilizacje/chinczycy.md	UI_ONLY		2		DISPLAY_RAW	display reads raw value; no gameplay Easy/Normal/Hard effect	etykieta UI; brak wpływu na wynik gry	gra/src/game/diplomacy-display.ts:73-78,116-122	false
chinczycy	Chińczycy	1	dip_pamietliwosc	dyplomacja	skala_1_10	diplomacy.ts	skala	5	5	false	CURRENT_RUNTIME_DATA	DEFAULT_VALUE	CURRENT_RUNTIME_DEFAULT	gra/data/civ-matrix.json#/cywilizacje[typCywilizacji=chinczycy]/params/dip_pamietliwosc	LEGACY_DOC_PRESENT	docs/encyklopedia/cywilizacje/chinczycy.md	UI_ONLY		5		DISPLAY_RAW	display reads raw value; no gameplay Easy/Normal/Hard effect	etykieta UI; brak wpływu na wynik gry	gra/src/game/diplomacy-display.ts:82-87,116-122	false
chinczycy	Chińczycy	1	dip_otwartosc_handel	dyplomacja	skala_1_10	diplomacy.ts	skala	8	5	true	CURRENT_RUNTIME_DATA	NON_DEFAULT_OVERRIDE	CURRENT_RUNTIME_DATA	gra/data/civ-matrix.json#/cywilizacje[typCywilizacji=chinczycy]/params/dip_otwartosc_handel	LEGACY_DOC_PRESENT	docs/encyklopedia/cywilizacje/chinczycy.md	UI_ONLY		8		DISPLAY_RAW	display reads raw value; no gameplay Easy/Normal/Hard effect	etykieta UI; brak wpływu na wynik gry	gra/src/game/diplomacy-display.ts:44-49,116-122	false
chinczycy	Chińczycy	1	dip_nastawienie_bazowe	dyplomacja	absolut	diplomacy.ts	add	66	50	true	CURRENT_RUNTIME_DATA	NON_DEFAULT_OVERRIDE	CURRENT_RUNTIME_DATA	gra/data/civ-matrix.json#/cywilizacje[typCywilizacji=chinczycy]/params/dip_nastawienie_bazowe	LEGACY_DOC_PRESENT	docs/encyklopedia/cywilizacje/chinczycy.md	REAL_GAMEPLAY	66	66	66	CURRENT_NEUTRAL_CALLER_OMITS_DIFFICULTY	current easy=raw; normal=raw; hard=raw; caller uses default normal	direction requires decision; no arbitrary Easy/Hard	gra/src/game/civ-ai-data.ts:205-217; gra/src/game/diplomacy.ts:1376-1380	false
chinczycy	Chińczycy	1	dip_agresja_archetyp	dyplomacja	ulamek_0_1	diplomacy.ts	mul_abs	0.2	0.5	true	CURRENT_RUNTIME_DATA	NON_DEFAULT_OVERRIDE	CURRENT_RUNTIME_DATA	gra/data/civ-matrix.json#/cywilizacje[typCywilizacji=chinczycy]/params/dip_agresja_archetyp	LEGACY_DOC_PRESENT	docs/encyklopedia/cywilizacje/chinczycy.md	DEAD_UNWIRED		0.2		NOT_ACTIVE	not computed by current consumer; retain raw Normal data	not applicable until a consumer is wired and reviewed	gra/src/game/civ-matrix.ts:41-60,71-101 (loader/accessor only); no gameplay call-site found	false
chinczycy	Chińczycy	1	dip_handlowosc_archetyp	dyplomacja	ulamek_0_1	diplomacy.ts	mul_abs	0.85	0.5	true	CURRENT_RUNTIME_DATA	NON_DEFAULT_OVERRIDE	CURRENT_RUNTIME_DATA	gra/data/civ-matrix.json#/cywilizacje[typCywilizacji=chinczycy]/params/dip_handlowosc_archetyp	LEGACY_DOC_PRESENT	docs/encyklopedia/cywilizacje/chinczycy.md	REAL_GAMEPLAY	0.85	0.85	0.85	CURRENT_NEUTRAL_MUL_ABS	current easy=raw; normal=raw; hard=raw because formula=mul_abs	direction requires decision; no arbitrary Easy/Hard	gra/src/game/civ-ai-data.ts:184-198; gra/src/game/diplomacy.ts:1267-1270; gra/src/main.ts:19553-19556,33555-33559,33916-33919	false
chinczycy	Chińczycy	1	ai_agresywnosc	ai	skala_1_10	civ-ai-data.ts	skala	2	5	true	CURRENT_RUNTIME_DATA	NON_DEFAULT_OVERRIDE	CURRENT_RUNTIME_DATA	gra/data/civ-matrix.json#/cywilizacje[typCywilizacji=chinczycy]/params/ai_agresywnosc	LEGACY_DOC_PRESENT	docs/encyklopedia/cywilizacje/chinczycy.md	REAL_GAMEPLAY	1	2	3	SKALA_1_10	easy=max(1,normal-1); normal=normal; hard=min(10,normal+1); /10	wyżej = bardziej agresywny AI; Hard +1, Easy -1	gra/src/game/civ-ai-data.ts:38-53,156-178; gra/src/game/diplomacy.ts:1261-1266; gra/src/main.ts:19784-19790,33910-33915; gra/src/game/ai.ts:4974-5036,5184-5187	false
chinczycy	Chińczycy	1	ai_ekspansywnosc	ai	skala_1_10	civ-ai-data.ts	skala	2	5	true	CURRENT_RUNTIME_DATA	NON_DEFAULT_OVERRIDE	CURRENT_RUNTIME_DATA	gra/data/civ-matrix.json#/cywilizacje[typCywilizacji=chinczycy]/params/ai_ekspansywnosc	LEGACY_DOC_PRESENT	docs/encyklopedia/cywilizacje/chinczycy.md	REAL_GAMEPLAY	1	2	3	SKALA_1_10	easy=max(1,normal-1); normal=normal; hard=min(10,normal+1)	wyżej = większa ekspansja; Hard +1, Easy -1	gra/src/game/civ-ai-data.ts:74-102; gra/src/main.ts:33264-33296; gra/src/game/ai.ts:506-513,1097-1117,2857-2868,4257-4264	false
chinczycy	Chińczycy	1	ai_priorytet_militarny	ai	skala_1_10	civ-ai-data.ts	skala	4	5	true	CURRENT_RUNTIME_DATA	NON_DEFAULT_OVERRIDE	CURRENT_RUNTIME_DATA	gra/data/civ-matrix.json#/cywilizacje[typCywilizacji=chinczycy]/params/ai_priorytet_militarny	LEGACY_DOC_PRESENT	docs/encyklopedia/cywilizacje/chinczycy.md	REAL_GAMEPLAY	3	4	5	SKALA_1_10	easy=max(1,normal-1); normal=normal; hard=min(10,normal+1); delta=(value-5)*15	wyżej = większy score wojskowy; Hard +1, Easy -1	gra/src/game/civ-ai-data.ts:74-102; gra/src/main.ts:33264-33296; gra/src/game/ai-production-priorities.ts:6-27; gra/src/game/ai.ts:1672-1676	false
chinczycy	Chińczycy	1	ai_priorytet_ekonomia	ai	skala_1_10	civ-ai-data.ts	skala	6	5	true	CURRENT_RUNTIME_DATA	NON_DEFAULT_OVERRIDE	CURRENT_RUNTIME_DATA	gra/data/civ-matrix.json#/cywilizacje[typCywilizacji=chinczycy]/params/ai_priorytet_ekonomia	LEGACY_DOC_PRESENT	docs/encyklopedia/cywilizacje/chinczycy.md	REAL_GAMEPLAY	5	6	7	SKALA_1_10	easy=max(1,normal-1); normal=normal; hard=min(10,normal+1); delta=(value-5)*15	wyżej = większy score ekonomiczny; Hard +1, Easy -1	gra/src/game/civ-ai-data.ts:74-102; gra/src/main.ts:33264-33296; gra/src/game/ai-production-priorities.ts:6-27; gra/src/game/ai.ts:1672-1676	false
chinczycy	Chińczycy	1	ai_priorytet_nauka	ai	skala_1_10	civ-ai-data.ts	skala	6	5	true	CURRENT_RUNTIME_DATA	NON_DEFAULT_OVERRIDE	CURRENT_RUNTIME_DATA	gra/data/civ-matrix.json#/cywilizacje[typCywilizacji=chinczycy]/params/ai_priorytet_nauka	LEGACY_DOC_PRESENT	docs/encyklopedia/cywilizacje/chinczycy.md	REAL_GAMEPLAY	5	6	7	SKALA_1_10	easy=max(1,normal-1); normal=normal; hard=min(10,normal+1); delta=(value-5)*15	wyżej = większy score nauki; Hard +1, Easy -1	gra/src/game/civ-ai-data.ts:74-102; gra/src/main.ts:33264-33296; gra/src/game/ai-production-priorities.ts:6-27; gra/src/game/ai.ts:1672-1676	false
chinczycy	Chińczycy	1	ai_tolerancja_ryzyka	ai	skala_1_10	civ-ai-data.ts	skala	2	5	true	CURRENT_RUNTIME_DATA	NON_DEFAULT_OVERRIDE	CURRENT_RUNTIME_DATA	gra/data/civ-matrix.json#/cywilizacje[typCywilizacji=chinczycy]/params/ai_tolerancja_ryzyka	LEGACY_DOC_PRESENT	docs/encyklopedia/cywilizacje/chinczycy.md	REAL_GAMEPLAY	1	2	3	SKALA_1_10	easy=max(1,normal-1); normal=normal; hard=min(10,normal+1)	wyżej = większa tolerancja ryzyka wojny; Hard +1, Easy -1	gra/src/game/civ-ai-data.ts:74-102; gra/src/main.ts:33924-33927; gra/src/game/ai.ts:4974-5036,5184-5187	false
chinczycy	Chińczycy	1	ai_sklonnosc_podboju	ai	skala_1_10	civ-ai-data.ts	skala	1	5	true	CURRENT_RUNTIME_DATA	NON_DEFAULT_OVERRIDE	CURRENT_RUNTIME_DATA	gra/data/civ-matrix.json#/cywilizacje[typCywilizacji=chinczycy]/params/ai_sklonnosc_podboju	LEGACY_DOC_PRESENT	docs/encyklopedia/cywilizacje/chinczycy.md	REAL_GAMEPLAY	1	1	2	SKALA_1_10	easy=max(1,normal-1); normal=normal; hard=min(10,normal+1)	wyżej = większa skłonność do podboju; Hard +1, Easy -1	gra/src/game/civ-ai-data.ts:74-102; gra/src/main.ts:33264-33296,33924-33927; gra/src/game/ai.ts:4974-5036,5184-5187	false
chinczycy	Chińczycy	1	ai_profil_obronna	ai	flag_0_1	civ-ai-data.ts	flag	1	0	true	CURRENT_RUNTIME_DATA	NON_DEFAULT_OVERRIDE	CURRENT_RUNTIME_DATA	gra/data/civ-matrix.json#/cywilizacje[typCywilizacji=chinczycy]/params/ai_profil_obronna	LEGACY_DOC_PRESENT	docs/encyklopedia/cywilizacje/chinczycy.md	REAL_GAMEPLAY	1	1	1	FLAG_IDENTITY	flag raw 0/1 at Easy/Normal/Hard	1 = defensive-copy map profile; no difficulty delta	gra/src/game/civ-ai-data.ts:56-71,119-123; gra/src/main.ts:9169-9173	false
inkowie	Inkowie	1	meta_epoka_kamien	meta	flag_0_1	start-preview.ts	flag	1	0	true	CURRENT_RUNTIME_DATA	NON_DEFAULT_OVERRIDE	CURRENT_RUNTIME_DATA	gra/data/civ-matrix.json#/cywilizacje[typCywilizacji=inkowie]/params/meta_epoka_kamien	LEGACY_DOC_PRESENT	docs/encyklopedia/cywilizacje/inkowie.md	DEAD_UNWIRED		1		NOT_ACTIVE	not computed by current consumer; retain raw Normal data	not applicable until a consumer is wired and reviewed	gra/src/game/civ-matrix.ts:41-60,71-101 (loader/accessor only); no gameplay call-site found	false
inkowie	Inkowie	1	meta_epoka_braz	meta	flag_0_1	start-preview.ts	flag	1	0	true	CURRENT_RUNTIME_DATA	NON_DEFAULT_OVERRIDE	CURRENT_RUNTIME_DATA	gra/data/civ-matrix.json#/cywilizacje[typCywilizacji=inkowie]/params/meta_epoka_braz	LEGACY_DOC_PRESENT	docs/encyklopedia/cywilizacje/inkowie.md	DEAD_UNWIRED		1		NOT_ACTIVE	not computed by current consumer; retain raw Normal data	not applicable until a consumer is wired and reviewed	gra/src/game/civ-matrix.ts:41-60,71-101 (loader/accessor only); no gameplay call-site found	false
inkowie	Inkowie	1	meta_epoka_zelazo	meta	flag_0_1	start-preview.ts	flag	1	0	true	CURRENT_RUNTIME_DATA	NON_DEFAULT_OVERRIDE	CURRENT_RUNTIME_DATA	gra/data/civ-matrix.json#/cywilizacje[typCywilizacji=inkowie]/params/meta_epoka_zelazo	LEGACY_DOC_PRESENT	docs/encyklopedia/cywilizacje/inkowie.md	DEAD_UNWIRED		1		NOT_ACTIVE	not computed by current consumer; retain raw Normal data	not applicable until a consumer is wired and reviewed	gra/src/game/civ-matrix.ts:41-60,71-101 (loader/accessor only); no gameplay call-site found	false
inkowie	Inkowie	1	meta_mnoznik_waluta	meta	absolut	economy.ts	mul_abs	1.9	2	true	CURRENT_RUNTIME_DATA	NON_DEFAULT_OVERRIDE	CURRENT_RUNTIME_DATA	gra/data/civ-matrix.json#/cywilizacje[typCywilizacji=inkowie]/params/meta_mnoznik_waluta	LEGACY_DOC_PRESENT	docs/encyklopedia/cywilizacje/inkowie.md	DEAD_UNWIRED		1.9		NOT_ACTIVE	not computed by current consumer; retain raw Normal data	not applicable until a consumer is wired and reviewed	gra/src/game/civ-matrix.ts:41-60,71-101 (loader/accessor only); no gameplay call-site found	false
inkowie	Inkowie	1	meta_tier_roster	meta	absolut	civ-roster.ts	mul_abs	1	1	false	CURRENT_RUNTIME_DATA	DEFAULT_VALUE	CURRENT_RUNTIME_DEFAULT	gra/data/civ-matrix.json#/cywilizacje[typCywilizacji=inkowie]/params/meta_tier_roster	LEGACY_DOC_PRESENT	docs/encyklopedia/cywilizacje/inkowie.md	DEAD_UNWIRED		1		NOT_ACTIVE	not computed by current consumer; retain raw Normal data	not applicable until a consumer is wired and reviewed	gra/src/game/civ-matrix.ts:41-60,71-101 (loader/accessor only); no gameplay call-site found	false
inkowie	Inkowie	1	walka_atak_piechota	walka	ulamek	civ-bonuses.ts	mul_proc	0	0	false	CURRENT_RUNTIME_DATA	DEFAULT_VALUE	CURRENT_RUNTIME_DEFAULT	gra/data/civ-matrix.json#/cywilizacje[typCywilizacji=inkowie]/params/walka_atak_piechota	LEGACY_DOC_PRESENT	docs/encyklopedia/cywilizacje/inkowie.md	DEAD_UNWIRED		0		NOT_ACTIVE	not computed by current consumer; retain raw Normal data	not applicable until a consumer is wired and reviewed	gra/src/game/civ-matrix.ts:41-60,71-101 (loader/accessor only); no gameplay call-site found	false
inkowie	Inkowie	1	walka_atak_lukownicy	walka	ulamek	civ-bonuses.ts	mul_proc	0	0	false	CURRENT_RUNTIME_DATA	DEFAULT_VALUE	CURRENT_RUNTIME_DEFAULT	gra/data/civ-matrix.json#/cywilizacje[typCywilizacji=inkowie]/params/walka_atak_lukownicy	LEGACY_DOC_PRESENT	docs/encyklopedia/cywilizacje/inkowie.md	UNWIRED		0		NOT_ACTIVE	not computed by current consumer; retain raw Normal data	not applicable until a consumer is wired and reviewed	gra/src/game/civ-matrix.ts:41-60,71-101 (loader/accessor only); no gameplay call-site found	false
inkowie	Inkowie	1	walka_atak_kawaleria	walka	ulamek	civ-bonuses.ts	mul_proc	-0.15	0	true	CURRENT_RUNTIME_DATA	NON_DEFAULT_OVERRIDE	CURRENT_RUNTIME_DATA	gra/data/civ-matrix.json#/cywilizacje[typCywilizacji=inkowie]/params/walka_atak_kawaleria	LEGACY_DOC_PRESENT	docs/encyklopedia/cywilizacje/inkowie.md	DEAD_UNWIRED		-0.15		NOT_ACTIVE	not computed by current consumer; retain raw Normal data	not applicable until a consumer is wired and reviewed	gra/src/game/civ-matrix.ts:41-60,71-101 (loader/accessor only); no gameplay call-site found	false
inkowie	Inkowie	1	walka_atak_rydwany	walka	ulamek	civ-bonuses.ts	mul_proc	-0.15	0	true	CURRENT_RUNTIME_DATA	NON_DEFAULT_OVERRIDE	CURRENT_RUNTIME_DATA	gra/data/civ-matrix.json#/cywilizacje[typCywilizacji=inkowie]/params/walka_atak_rydwany	LEGACY_DOC_PRESENT	docs/encyklopedia/cywilizacje/inkowie.md	DEAD_UNWIRED		-0.15		NOT_ACTIVE	not computed by current consumer; retain raw Normal data	not applicable until a consumer is wired and reviewed	gra/src/game/civ-matrix.ts:41-60,71-101 (loader/accessor only); no gameplay call-site found	false
inkowie	Inkowie	1	walka_atak_obleczenie	walka	ulamek	civ-bonuses.ts	mul_proc	0	0	false	CURRENT_RUNTIME_DATA	DEFAULT_VALUE	CURRENT_RUNTIME_DEFAULT	gra/data/civ-matrix.json#/cywilizacje[typCywilizacji=inkowie]/params/walka_atak_obleczenie	LEGACY_DOC_PRESENT	docs/encyklopedia/cywilizacje/inkowie.md	DEAD_UNWIRED		0		NOT_ACTIVE	not computed by current consumer; retain raw Normal data	not applicable until a consumer is wired and reviewed	gra/src/game/civ-matrix.ts:41-60,71-101 (loader/accessor only); no gameplay call-site found	false
inkowie	Inkowie	1	walka_atak_morska	walka	ulamek	civ-bonuses.ts	mul_proc	0	0	false	CURRENT_RUNTIME_DATA	DEFAULT_VALUE	CURRENT_RUNTIME_DEFAULT	gra/data/civ-matrix.json#/cywilizacje[typCywilizacji=inkowie]/params/walka_atak_morska	LEGACY_DOC_PRESENT	docs/encyklopedia/cywilizacje/inkowie.md	UNWIRED		0		NOT_ACTIVE	not computed by current consumer; retain raw Normal data	not applicable until a consumer is wired and reviewed	gra/src/game/civ-matrix.ts:41-60,71-101 (loader/accessor only); no gameplay call-site found	false
inkowie	Inkowie	1	walka_atak_wszystkie	walka	ulamek	civ-bonuses.ts	mul_proc	0	0	false	CURRENT_RUNTIME_DATA	DEFAULT_VALUE	CURRENT_RUNTIME_DEFAULT	gra/data/civ-matrix.json#/cywilizacje[typCywilizacji=inkowie]/params/walka_atak_wszystkie	LEGACY_DOC_PRESENT	docs/encyklopedia/cywilizacje/inkowie.md	UNWIRED		0		NOT_ACTIVE	not computed by current consumer; retain raw Normal data	not applicable until a consumer is wired and reviewed	gra/src/game/civ-matrix.ts:41-60,71-101 (loader/accessor only); no gameplay call-site found	false
inkowie	Inkowie	1	walka_obrona_piechota	walka	ulamek	civ-bonuses.ts	mul_proc	0	0	false	CURRENT_RUNTIME_DATA	DEFAULT_VALUE	CURRENT_RUNTIME_DEFAULT	gra/data/civ-matrix.json#/cywilizacje[typCywilizacji=inkowie]/params/walka_obrona_piechota	LEGACY_DOC_PRESENT	docs/encyklopedia/cywilizacje/inkowie.md	DEAD_UNWIRED		0		NOT_ACTIVE	not computed by current consumer; retain raw Normal data	not applicable until a consumer is wired and reviewed	gra/src/game/civ-matrix.ts:41-60,71-101 (loader/accessor only); no gameplay call-site found	false
inkowie	Inkowie	1	walka_obrona_lukownicy	walka	ulamek	civ-bonuses.ts	mul_proc	0	0	false	CURRENT_RUNTIME_DATA	DEFAULT_VALUE	CURRENT_RUNTIME_DEFAULT	gra/data/civ-matrix.json#/cywilizacje[typCywilizacji=inkowie]/params/walka_obrona_lukownicy	LEGACY_DOC_PRESENT	docs/encyklopedia/cywilizacje/inkowie.md	UNWIRED		0		NOT_ACTIVE	not computed by current consumer; retain raw Normal data	not applicable until a consumer is wired and reviewed	gra/src/game/civ-matrix.ts:41-60,71-101 (loader/accessor only); no gameplay call-site found	false
inkowie	Inkowie	1	walka_obrona_kawaleria	walka	ulamek	civ-bonuses.ts	mul_proc	0	0	false	CURRENT_RUNTIME_DATA	DEFAULT_VALUE	CURRENT_RUNTIME_DEFAULT	gra/data/civ-matrix.json#/cywilizacje[typCywilizacji=inkowie]/params/walka_obrona_kawaleria	LEGACY_DOC_PRESENT	docs/encyklopedia/cywilizacje/inkowie.md	UNWIRED		0		NOT_ACTIVE	not computed by current consumer; retain raw Normal data	not applicable until a consumer is wired and reviewed	gra/src/game/civ-matrix.ts:41-60,71-101 (loader/accessor only); no gameplay call-site found	false
inkowie	Inkowie	1	walka_obrona_rydwany	walka	ulamek	civ-bonuses.ts	mul_proc	0	0	false	CURRENT_RUNTIME_DATA	DEFAULT_VALUE	CURRENT_RUNTIME_DEFAULT	gra/data/civ-matrix.json#/cywilizacje[typCywilizacji=inkowie]/params/walka_obrona_rydwany	LEGACY_DOC_PRESENT	docs/encyklopedia/cywilizacje/inkowie.md	UNWIRED		0		NOT_ACTIVE	not computed by current consumer; retain raw Normal data	not applicable until a consumer is wired and reviewed	gra/src/game/civ-matrix.ts:41-60,71-101 (loader/accessor only); no gameplay call-site found	false
inkowie	Inkowie	1	walka_obrona_obleczenie	walka	ulamek	civ-bonuses.ts	mul_proc	0	0	false	CURRENT_RUNTIME_DATA	DEFAULT_VALUE	CURRENT_RUNTIME_DEFAULT	gra/data/civ-matrix.json#/cywilizacje[typCywilizacji=inkowie]/params/walka_obrona_obleczenie	LEGACY_DOC_PRESENT	docs/encyklopedia/cywilizacje/inkowie.md	UNWIRED		0		NOT_ACTIVE	not computed by current consumer; retain raw Normal data	not applicable until a consumer is wired and reviewed	gra/src/game/civ-matrix.ts:41-60,71-101 (loader/accessor only); no gameplay call-site found	false
inkowie	Inkowie	1	walka_obrona_morska	walka	ulamek	civ-bonuses.ts	mul_proc	0	0	false	CURRENT_RUNTIME_DATA	DEFAULT_VALUE	CURRENT_RUNTIME_DEFAULT	gra/data/civ-matrix.json#/cywilizacje[typCywilizacji=inkowie]/params/walka_obrona_morska	LEGACY_DOC_PRESENT	docs/encyklopedia/cywilizacje/inkowie.md	UNWIRED		0		NOT_ACTIVE	not computed by current consumer; retain raw Normal data	not applicable until a consumer is wired and reviewed	gra/src/game/civ-matrix.ts:41-60,71-101 (loader/accessor only); no gameplay call-site found	false
inkowie	Inkowie	1	walka_pancerz_piechota	walka	ulamek	civ-bonuses.ts	mul_proc	0	0	false	CURRENT_RUNTIME_DATA	DEFAULT_VALUE	CURRENT_RUNTIME_DEFAULT	gra/data/civ-matrix.json#/cywilizacje[typCywilizacji=inkowie]/params/walka_pancerz_piechota	LEGACY_DOC_PRESENT	docs/encyklopedia/cywilizacje/inkowie.md	DEAD_UNWIRED		0		NOT_ACTIVE	not computed by current consumer; retain raw Normal data	not applicable until a consumer is wired and reviewed	gra/src/game/civ-matrix.ts:41-60,71-101 (loader/accessor only); no gameplay call-site found	false
inkowie	Inkowie	1	walka_pancerz_lukownicy	walka	ulamek	civ-bonuses.ts	mul_proc	0	0	false	CURRENT_RUNTIME_DATA	DEFAULT_VALUE	CURRENT_RUNTIME_DEFAULT	gra/data/civ-matrix.json#/cywilizacje[typCywilizacji=inkowie]/params/walka_pancerz_lukownicy	LEGACY_DOC_PRESENT	docs/encyklopedia/cywilizacje/inkowie.md	UNWIRED		0		NOT_ACTIVE	not computed by current consumer; retain raw Normal data	not applicable until a consumer is wired and reviewed	gra/src/game/civ-matrix.ts:41-60,71-101 (loader/accessor only); no gameplay call-site found	false
inkowie	Inkowie	1	walka_pancerz_kawaleria	walka	ulamek	civ-bonuses.ts	mul_proc	0	0	false	CURRENT_RUNTIME_DATA	DEFAULT_VALUE	CURRENT_RUNTIME_DEFAULT	gra/data/civ-matrix.json#/cywilizacje[typCywilizacji=inkowie]/params/walka_pancerz_kawaleria	LEGACY_DOC_PRESENT	docs/encyklopedia/cywilizacje/inkowie.md	UNWIRED		0		NOT_ACTIVE	not computed by current consumer; retain raw Normal data	not applicable until a consumer is wired and reviewed	gra/src/game/civ-matrix.ts:41-60,71-101 (loader/accessor only); no gameplay call-site found	false
inkowie	Inkowie	1	walka_pancerz_rydwany	walka	ulamek	civ-bonuses.ts	mul_proc	0	0	false	CURRENT_RUNTIME_DATA	DEFAULT_VALUE	CURRENT_RUNTIME_DEFAULT	gra/data/civ-matrix.json#/cywilizacje[typCywilizacji=inkowie]/params/walka_pancerz_rydwany	LEGACY_DOC_PRESENT	docs/encyklopedia/cywilizacje/inkowie.md	UNWIRED		0		NOT_ACTIVE	not computed by current consumer; retain raw Normal data	not applicable until a consumer is wired and reviewed	gra/src/game/civ-matrix.ts:41-60,71-101 (loader/accessor only); no gameplay call-site found	false
inkowie	Inkowie	1	walka_uderzenie_piechota	walka	ulamek	civ-bonuses.ts	mul_proc	0	0	false	CURRENT_RUNTIME_DATA	DEFAULT_VALUE	CURRENT_RUNTIME_DEFAULT	gra/data/civ-matrix.json#/cywilizacje[typCywilizacji=inkowie]/params/walka_uderzenie_piechota	LEGACY_DOC_PRESENT	docs/encyklopedia/cywilizacje/inkowie.md	DEAD_UNWIRED		0		NOT_ACTIVE	not computed by current consumer; retain raw Normal data	not applicable until a consumer is wired and reviewed	gra/src/game/civ-matrix.ts:41-60,71-101 (loader/accessor only); no gameplay call-site found	false
inkowie	Inkowie	1	walka_uderzenie_kawaleria	walka	ulamek	civ-bonuses.ts	mul_proc	0	0	false	CURRENT_RUNTIME_DATA	DEFAULT_VALUE	CURRENT_RUNTIME_DEFAULT	gra/data/civ-matrix.json#/cywilizacje[typCywilizacji=inkowie]/params/walka_uderzenie_kawaleria	LEGACY_DOC_PRESENT	docs/encyklopedia/cywilizacje/inkowie.md	DEAD_UNWIRED		0		NOT_ACTIVE	not computed by current consumer; retain raw Normal data	not applicable until a consumer is wired and reviewed	gra/src/game/civ-matrix.ts:41-60,71-101 (loader/accessor only); no gameplay call-site found	false
inkowie	Inkowie	1	walka_uderzenie_rydwany	walka	ulamek	civ-bonuses.ts	mul_proc	0	0	false	CURRENT_RUNTIME_DATA	DEFAULT_VALUE	CURRENT_RUNTIME_DEFAULT	gra/data/civ-matrix.json#/cywilizacje[typCywilizacji=inkowie]/params/walka_uderzenie_rydwany	LEGACY_DOC_PRESENT	docs/encyklopedia/cywilizacje/inkowie.md	UNWIRED		0		NOT_ACTIVE	not computed by current consumer; retain raw Normal data	not applicable until a consumer is wired and reviewed	gra/src/game/civ-matrix.ts:41-60,71-101 (loader/accessor only); no gameplay call-site found	false
inkowie	Inkowie	1	walka_dystans_lukownicy	walka	ulamek	civ-bonuses.ts	mul_proc	0	0	false	CURRENT_RUNTIME_DATA	DEFAULT_VALUE	CURRENT_RUNTIME_DEFAULT	gra/data/civ-matrix.json#/cywilizacje[typCywilizacji=inkowie]/params/walka_dystans_lukownicy	LEGACY_DOC_PRESENT	docs/encyklopedia/cywilizacje/inkowie.md	DEAD_UNWIRED		0		NOT_ACTIVE	not computed by current consumer; retain raw Normal data	not applicable until a consumer is wired and reviewed	gra/src/game/civ-matrix.ts:41-60,71-101 (loader/accessor only); no gameplay call-site found	false
inkowie	Inkowie	1	walka_dystans_rydwany	walka	ulamek	civ-bonuses.ts	mul_proc	0	0	false	CURRENT_RUNTIME_DATA	DEFAULT_VALUE	CURRENT_RUNTIME_DEFAULT	gra/data/civ-matrix.json#/cywilizacje[typCywilizacji=inkowie]/params/walka_dystans_rydwany	LEGACY_DOC_PRESENT	docs/encyklopedia/cywilizacje/inkowie.md	UNWIRED		0		NOT_ACTIVE	not computed by current consumer; retain raw Normal data	not applicable until a consumer is wired and reviewed	gra/src/game/civ-matrix.ts:41-60,71-101 (loader/accessor only); no gameplay call-site found	false
inkowie	Inkowie	1	walka_hp_piechota	walka	ulamek	civ-bonuses.ts	mul_proc	0	0	false	CURRENT_RUNTIME_DATA	DEFAULT_VALUE	CURRENT_RUNTIME_DEFAULT	gra/data/civ-matrix.json#/cywilizacje[typCywilizacji=inkowie]/params/walka_hp_piechota	LEGACY_DOC_PRESENT	docs/encyklopedia/cywilizacje/inkowie.md	DEAD_UNWIRED		0		NOT_ACTIVE	not computed by current consumer; retain raw Normal data	not applicable until a consumer is wired and reviewed	gra/src/game/civ-matrix.ts:41-60,71-101 (loader/accessor only); no gameplay call-site found	false
inkowie	Inkowie	1	walka_hp_kawaleria	walka	ulamek	civ-bonuses.ts	mul_proc	0	0	false	CURRENT_RUNTIME_DATA	DEFAULT_VALUE	CURRENT_RUNTIME_DEFAULT	gra/data/civ-matrix.json#/cywilizacje[typCywilizacji=inkowie]/params/walka_hp_kawaleria	LEGACY_DOC_PRESENT	docs/encyklopedia/cywilizacje/inkowie.md	UNWIRED		0		NOT_ACTIVE	not computed by current consumer; retain raw Normal data	not applicable until a consumer is wired and reviewed	gra/src/game/civ-matrix.ts:41-60,71-101 (loader/accessor only); no gameplay call-site found	false
inkowie	Inkowie	1	walka_hp_rydwany	walka	ulamek	civ-bonuses.ts	mul_proc	0	0	false	CURRENT_RUNTIME_DATA	DEFAULT_VALUE	CURRENT_RUNTIME_DEFAULT	gra/data/civ-matrix.json#/cywilizacje[typCywilizacji=inkowie]/params/walka_hp_rydwany	LEGACY_DOC_PRESENT	docs/encyklopedia/cywilizacje/inkowie.md	DEAD_UNWIRED		0		NOT_ACTIVE	not computed by current consumer; retain raw Normal data	not applicable until a consumer is wired and reviewed	gra/src/game/civ-matrix.ts:41-60,71-101 (loader/accessor only); no gameplay call-site found	false
inkowie	Inkowie	1	walka_ruch_bitwa_proc	walka	ulamek	civ-bonuses.ts	mul_proc	0	0	false	CURRENT_RUNTIME_DATA	DEFAULT_VALUE	CURRENT_RUNTIME_DEFAULT	gra/data/civ-matrix.json#/cywilizacje[typCywilizacji=inkowie]/params/walka_ruch_bitwa_proc	LEGACY_DOC_PRESENT	docs/encyklopedia/cywilizacje/inkowie.md	DEAD_UNWIRED		0		NOT_ACTIVE	not computed by current consumer; retain raw Normal data	not applicable until a consumer is wired and reviewed	gra/src/game/civ-matrix.ts:41-60,71-101 (loader/accessor only); no gameplay call-site found	false
inkowie	Inkowie	1	walka_zasieg_proc	walka	ulamek	civ-bonuses.ts	mul_proc	0	0	false	CURRENT_RUNTIME_DATA	DEFAULT_VALUE	CURRENT_RUNTIME_DEFAULT	gra/data/civ-matrix.json#/cywilizacje[typCywilizacji=inkowie]/params/walka_zasieg_proc	LEGACY_DOC_PRESENT	docs/encyklopedia/cywilizacje/inkowie.md	UNWIRED		0		NOT_ACTIVE	not computed by current consumer; retain raw Normal data	not applicable until a consumer is wired and reviewed	gra/src/game/civ-matrix.ts:41-60,71-101 (loader/accessor only); no gameplay call-site found	false
inkowie	Inkowie	1	walka_oblezenie_proc	walka	ulamek	civ-bonuses.ts	mul_proc	0	0	false	CURRENT_RUNTIME_DATA	DEFAULT_VALUE	CURRENT_RUNTIME_DEFAULT	gra/data/civ-matrix.json#/cywilizacje[typCywilizacji=inkowie]/params/walka_oblezenie_proc	LEGACY_DOC_PRESENT	docs/encyklopedia/cywilizacje/inkowie.md	UNWIRED		0		NOT_ACTIVE	not computed by current consumer; retain raw Normal data	not applicable until a consumer is wired and reviewed	gra/src/game/civ-matrix.ts:41-60,71-101 (loader/accessor only); no gameplay call-site found	false
inkowie	Inkowie	1	walka_koszt_rekrutacji_proc	walka	ulamek	production.ts	mul_proc	0	0	false	CURRENT_RUNTIME_DATA	DEFAULT_VALUE	CURRENT_RUNTIME_DEFAULT	gra/data/civ-matrix.json#/cywilizacje[typCywilizacji=inkowie]/params/walka_koszt_rekrutacji_proc	LEGACY_DOC_PRESENT	docs/encyklopedia/cywilizacje/inkowie.md	DEAD_UNWIRED		0		NOT_ACTIVE	not computed by current consumer; retain raw Normal data	not applicable until a consumer is wired and reviewed	gra/src/game/civ-matrix.ts:41-60,71-101 (loader/accessor only); no gameplay call-site found	false
inkowie	Inkowie	1	walka_atak_piechota_teren_las	walka	ulamek	civ-bonuses.ts	mul_proc	0.2	0	true	CURRENT_RUNTIME_DATA	NON_DEFAULT_OVERRIDE	CURRENT_RUNTIME_DATA	gra/data/civ-matrix.json#/cywilizacje[typCywilizacji=inkowie]/params/walka_atak_piechota_teren_las	LEGACY_DOC_PRESENT	docs/encyklopedia/cywilizacje/inkowie.md	DEAD_UNWIRED		0.2		NOT_ACTIVE	not computed by current consumer; retain raw Normal data	not applicable until a consumer is wired and reviewed	gra/src/game/civ-matrix.ts:41-60,71-101 (loader/accessor only); no gameplay call-site found	false
inkowie	Inkowie	1	walka_obrona_piechota_teren_las	walka	ulamek	civ-bonuses.ts	mul_proc	0	0	false	CURRENT_RUNTIME_DATA	DEFAULT_VALUE	CURRENT_RUNTIME_DEFAULT	gra/data/civ-matrix.json#/cywilizacje[typCywilizacji=inkowie]/params/walka_obrona_piechota_teren_las	LEGACY_DOC_PRESENT	docs/encyklopedia/cywilizacje/inkowie.md	UNWIRED		0		NOT_ACTIVE	not computed by current consumer; retain raw Normal data	not applicable until a consumer is wired and reviewed	gra/src/game/civ-matrix.ts:41-60,71-101 (loader/accessor only); no gameplay call-site found	false
inkowie	Inkowie	1	walka_atak_piechota_terytorium_wlasne	walka	ulamek	civ-bonuses.ts	mul_proc	0	0	false	CURRENT_RUNTIME_DATA	DEFAULT_VALUE	CURRENT_RUNTIME_DEFAULT	gra/data/civ-matrix.json#/cywilizacje[typCywilizacji=inkowie]/params/walka_atak_piechota_terytorium_wlasne	LEGACY_DOC_PRESENT	docs/encyklopedia/cywilizacje/inkowie.md	UNWIRED		0		NOT_ACTIVE	not computed by current consumer; retain raw Normal data	not applicable until a consumer is wired and reviewed	gra/src/game/civ-matrix.ts:41-60,71-101 (loader/accessor only); no gameplay call-site found	false
inkowie	Inkowie	1	walka_obrona_piechota_terytorium_wlasne	walka	ulamek	civ-bonuses.ts	mul_proc	0	0	false	CURRENT_RUNTIME_DATA	DEFAULT_VALUE	CURRENT_RUNTIME_DEFAULT	gra/data/civ-matrix.json#/cywilizacje[typCywilizacji=inkowie]/params/walka_obrona_piechota_terytorium_wlasne	LEGACY_DOC_PRESENT	docs/encyklopedia/cywilizacje/inkowie.md	DEAD_UNWIRED		0		NOT_ACTIVE	not computed by current consumer; retain raw Normal data	not applicable until a consumer is wired and reviewed	gra/src/game/civ-matrix.ts:41-60,71-101 (loader/accessor only); no gameplay call-site found	false
inkowie	Inkowie	1	walka_atak_piechota_w_murze	walka	ulamek	civ-bonuses.ts	mul_proc	0	0	false	CURRENT_RUNTIME_DATA	DEFAULT_VALUE	CURRENT_RUNTIME_DEFAULT	gra/data/civ-matrix.json#/cywilizacje[typCywilizacji=inkowie]/params/walka_atak_piechota_w_murze	LEGACY_DOC_PRESENT	docs/encyklopedia/cywilizacje/inkowie.md	UNWIRED		0		NOT_ACTIVE	not computed by current consumer; retain raw Normal data	not applicable until a consumer is wired and reviewed	gra/src/game/civ-matrix.ts:41-60,71-101 (loader/accessor only); no gameplay call-site found	false
inkowie	Inkowie	1	walka_obrona_piechota_w_murze	walka	ulamek	civ-bonuses.ts	mul_proc	0	0	false	CURRENT_RUNTIME_DATA	DEFAULT_VALUE	CURRENT_RUNTIME_DEFAULT	gra/data/civ-matrix.json#/cywilizacje[typCywilizacji=inkowie]/params/walka_obrona_piechota_w_murze	LEGACY_DOC_PRESENT	docs/encyklopedia/cywilizacje/inkowie.md	DEAD_UNWIRED		0		NOT_ACTIVE	not computed by current consumer; retain raw Normal data	not applicable until a consumer is wired and reviewed	gra/src/game/civ-matrix.ts:41-60,71-101 (loader/accessor only); no gameplay call-site found	false
inkowie	Inkowie	1	walka_atak_piechota_runda_szarzy	walka	ulamek	civ-bonuses.ts	mul_proc	0	0	false	CURRENT_RUNTIME_DATA	DEFAULT_VALUE	CURRENT_RUNTIME_DEFAULT	gra/data/civ-matrix.json#/cywilizacje[typCywilizacji=inkowie]/params/walka_atak_piechota_runda_szarzy	LEGACY_DOC_PRESENT	docs/encyklopedia/cywilizacje/inkowie.md	DEAD_UNWIRED		0		NOT_ACTIVE	not computed by current consumer; retain raw Normal data	not applicable until a consumer is wired and reviewed	gra/src/game/civ-matrix.ts:41-60,71-101 (loader/accessor only); no gameplay call-site found	false
inkowie	Inkowie	1	walka_obrona_piechota_runda_szarzy	walka	ulamek	civ-bonuses.ts	mul_proc	0	0	false	CURRENT_RUNTIME_DATA	DEFAULT_VALUE	CURRENT_RUNTIME_DEFAULT	gra/data/civ-matrix.json#/cywilizacje[typCywilizacji=inkowie]/params/walka_obrona_piechota_runda_szarzy	LEGACY_DOC_PRESENT	docs/encyklopedia/cywilizacje/inkowie.md	UNWIRED		0		NOT_ACTIVE	not computed by current consumer; retain raw Normal data	not applicable until a consumer is wired and reviewed	gra/src/game/civ-matrix.ts:41-60,71-101 (loader/accessor only); no gameplay call-site found	false
inkowie	Inkowie	1	walka_atak_piechota_teren_plytkie_morze	walka	ulamek	civ-bonuses.ts	mul_proc	0	0	false	CURRENT_RUNTIME_DATA	DEFAULT_VALUE	CURRENT_RUNTIME_DEFAULT	gra/data/civ-matrix.json#/cywilizacje[typCywilizacji=inkowie]/params/walka_atak_piechota_teren_plytkie_morze	LEGACY_DOC_PRESENT	docs/encyklopedia/cywilizacje/inkowie.md	UNWIRED		0		NOT_ACTIVE	not computed by current consumer; retain raw Normal data	not applicable until a consumer is wired and reviewed	gra/src/game/civ-matrix.ts:41-60,71-101 (loader/accessor only); no gameplay call-site found	false
inkowie	Inkowie	1	walka_obrona_piechota_teren_plytkie_morze	walka	ulamek	civ-bonuses.ts	mul_proc	0	0	false	CURRENT_RUNTIME_DATA	DEFAULT_VALUE	CURRENT_RUNTIME_DEFAULT	gra/data/civ-matrix.json#/cywilizacje[typCywilizacji=inkowie]/params/walka_obrona_piechota_teren_plytkie_morze	LEGACY_DOC_PRESENT	docs/encyklopedia/cywilizacje/inkowie.md	UNWIRED		0		NOT_ACTIVE	not computed by current consumer; retain raw Normal data	not applicable until a consumer is wired and reviewed	gra/src/game/civ-matrix.ts:41-60,71-101 (loader/accessor only); no gameplay call-site found	false
inkowie	Inkowie	1	spec_Atak	jednostka_spec	absolut	units.json+combat.ts	stat_abs	8	0	true	CURRENT_RUNTIME_DATA	NON_DEFAULT_OVERRIDE	CURRENT_RUNTIME_DATA	gra/data/civ-matrix.json#/cywilizacje[typCywilizacji=inkowie]/params/spec_Atak	LEGACY_DOC_PRESENT	docs/encyklopedia/cywilizacje/inkowie.md	DEAD_UNWIRED		8		NOT_ACTIVE	not computed by current consumer; retain raw Normal data	not applicable until a consumer is wired and reviewed	gra/src/game/civ-matrix.ts:41-60,71-101 (loader/accessor only); no gameplay call-site found	false
inkowie	Inkowie	1	spec_Obrazenia	jednostka_spec	absolut	units.json+combat.ts	stat_abs	0	0	false	CURRENT_RUNTIME_DATA	DEFAULT_VALUE	CURRENT_RUNTIME_DEFAULT	gra/data/civ-matrix.json#/cywilizacje[typCywilizacji=inkowie]/params/spec_Obrazenia	LEGACY_DOC_PRESENT	docs/encyklopedia/cywilizacje/inkowie.md	DEAD_UNWIRED		0		NOT_ACTIVE	not computed by current consumer; retain raw Normal data	not applicable until a consumer is wired and reviewed	gra/src/game/civ-matrix.ts:41-60,71-101 (loader/accessor only); no gameplay call-site found	false
inkowie	Inkowie	1	spec_Obrona	jednostka_spec	absolut	units.json+combat.ts	stat_abs	4	0	true	CURRENT_RUNTIME_DATA	NON_DEFAULT_OVERRIDE	CURRENT_RUNTIME_DATA	gra/data/civ-matrix.json#/cywilizacje[typCywilizacji=inkowie]/params/spec_Obrona	LEGACY_DOC_PRESENT	docs/encyklopedia/cywilizacje/inkowie.md	DEAD_UNWIRED		4		NOT_ACTIVE	not computed by current consumer; retain raw Normal data	not applicable until a consumer is wired and reviewed	gra/src/game/civ-matrix.ts:41-60,71-101 (loader/accessor only); no gameplay call-site found	false
inkowie	Inkowie	1	spec_Uderzenie	jednostka_spec	absolut	units.json+combat.ts	stat_abs	8	0	true	CURRENT_RUNTIME_DATA	NON_DEFAULT_OVERRIDE	CURRENT_RUNTIME_DATA	gra/data/civ-matrix.json#/cywilizacje[typCywilizacji=inkowie]/params/spec_Uderzenie	LEGACY_DOC_PRESENT	docs/encyklopedia/cywilizacje/inkowie.md	DEAD_UNWIRED		8		NOT_ACTIVE	not computed by current consumer; retain raw Normal data	not applicable until a consumer is wired and reviewed	gra/src/game/civ-matrix.ts:41-60,71-101 (loader/accessor only); no gameplay call-site found	false
inkowie	Inkowie	1	spec_Pancerz	jednostka_spec	absolut	units.json+combat.ts	stat_abs	2	0	true	CURRENT_RUNTIME_DATA	NON_DEFAULT_OVERRIDE	CURRENT_RUNTIME_DATA	gra/data/civ-matrix.json#/cywilizacje[typCywilizacji=inkowie]/params/spec_Pancerz	LEGACY_DOC_PRESENT	docs/encyklopedia/cywilizacje/inkowie.md	DEAD_UNWIRED		2		NOT_ACTIVE	not computed by current consumer; retain raw Normal data	not applicable until a consumer is wired and reviewed	gra/src/game/civ-matrix.ts:41-60,71-101 (loader/accessor only); no gameplay call-site found	false
inkowie	Inkowie	1	spec_Przebicie	jednostka_spec	absolut	units.json+combat.ts	stat_abs	6	0	true	CURRENT_RUNTIME_DATA	NON_DEFAULT_OVERRIDE	CURRENT_RUNTIME_DATA	gra/data/civ-matrix.json#/cywilizacje[typCywilizacji=inkowie]/params/spec_Przebicie	LEGACY_DOC_PRESENT	docs/encyklopedia/cywilizacje/inkowie.md	DEAD_UNWIRED		6		NOT_ACTIVE	not computed by current consumer; retain raw Normal data	not applicable until a consumer is wired and reviewed	gra/src/game/civ-matrix.ts:41-60,71-101 (loader/accessor only); no gameplay call-site found	false
inkowie	Inkowie	1	spec_Health	jednostka_spec	absolut	units.json+combat.ts	stat_abs	40	0	true	CURRENT_RUNTIME_DATA	NON_DEFAULT_OVERRIDE	CURRENT_RUNTIME_DATA	gra/data/civ-matrix.json#/cywilizacje[typCywilizacji=inkowie]/params/spec_Health	LEGACY_DOC_PRESENT	docs/encyklopedia/cywilizacje/inkowie.md	DEAD_UNWIRED		40		NOT_ACTIVE	not computed by current consumer; retain raw Normal data	not applicable until a consumer is wired and reviewed	gra/src/game/civ-matrix.ts:41-60,71-101 (loader/accessor only); no gameplay call-site found	false
inkowie	Inkowie	1	spec_Atak_dystansowy	jednostka_spec	absolut	units.json+combat.ts	stat_abs	0	0	false	CURRENT_RUNTIME_DATA	DEFAULT_VALUE	CURRENT_RUNTIME_DEFAULT	gra/data/civ-matrix.json#/cywilizacje[typCywilizacji=inkowie]/params/spec_Atak_dystansowy	LEGACY_DOC_PRESENT	docs/encyklopedia/cywilizacje/inkowie.md	DEAD_UNWIRED		0		NOT_ACTIVE	not computed by current consumer; retain raw Normal data	not applicable until a consumer is wired and reviewed	gra/src/game/civ-matrix.ts:41-60,71-101 (loader/accessor only); no gameplay call-site found	false
inkowie	Inkowie	1	spec_Zasieg_hex	jednostka_spec	absolut	units.json+combat.ts	stat_abs	0	0	false	CURRENT_RUNTIME_DATA	DEFAULT_VALUE	CURRENT_RUNTIME_DEFAULT	gra/data/civ-matrix.json#/cywilizacje[typCywilizacji=inkowie]/params/spec_Zasieg_hex	LEGACY_DOC_PRESENT	docs/encyklopedia/cywilizacje/inkowie.md	DEAD_UNWIRED		0		NOT_ACTIVE	not computed by current consumer; retain raw Normal data	not applicable until a consumer is wired and reviewed	gra/src/game/civ-matrix.ts:41-60,71-101 (loader/accessor only); no gameplay call-site found	false
inkowie	Inkowie	1	spec_Pociski	jednostka_spec	absolut	units.json+combat.ts	stat_abs	0	0	false	CURRENT_RUNTIME_DATA	DEFAULT_VALUE	CURRENT_RUNTIME_DEFAULT	gra/data/civ-matrix.json#/cywilizacje[typCywilizacji=inkowie]/params/spec_Pociski	LEGACY_DOC_PRESENT	docs/encyklopedia/cywilizacje/inkowie.md	DEAD_UNWIRED		0		NOT_ACTIVE	not computed by current consumer; retain raw Normal data	not applicable until a consumer is wired and reviewed	gra/src/game/civ-matrix.ts:41-60,71-101 (loader/accessor only); no gameplay call-site found	false
inkowie	Inkowie	1	spec_Ruch_bitwa	jednostka_spec	absolut	units.json+combat.ts	stat_abs	4	0	true	CURRENT_RUNTIME_DATA	NON_DEFAULT_OVERRIDE	CURRENT_RUNTIME_DATA	gra/data/civ-matrix.json#/cywilizacje[typCywilizacji=inkowie]/params/spec_Ruch_bitwa	LEGACY_DOC_PRESENT	docs/encyklopedia/cywilizacje/inkowie.md	DEAD_UNWIRED		4		NOT_ACTIVE	not computed by current consumer; retain raw Normal data	not applicable until a consumer is wired and reviewed	gra/src/game/civ-matrix.ts:41-60,71-101 (loader/accessor only); no gameplay call-site found	false
inkowie	Inkowie	1	spec_Ruch_mapa	jednostka_spec	absolut	units.json+combat.ts	stat_abs	3	0	true	CURRENT_RUNTIME_DATA	NON_DEFAULT_OVERRIDE	CURRENT_RUNTIME_DATA	gra/data/civ-matrix.json#/cywilizacje[typCywilizacji=inkowie]/params/spec_Ruch_mapa	LEGACY_DOC_PRESENT	docs/encyklopedia/cywilizacje/inkowie.md	DEAD_UNWIRED		3		NOT_ACTIVE	not computed by current consumer; retain raw Normal data	not applicable until a consumer is wired and reviewed	gra/src/game/civ-matrix.ts:41-60,71-101 (loader/accessor only); no gameplay call-site found	false
inkowie	Inkowie	1	spec_Widok	jednostka_spec	absolut	units.json+combat.ts	stat_abs	3	0	true	CURRENT_RUNTIME_DATA	NON_DEFAULT_OVERRIDE	CURRENT_RUNTIME_DATA	gra/data/civ-matrix.json#/cywilizacje[typCywilizacji=inkowie]/params/spec_Widok	LEGACY_DOC_PRESENT	docs/encyklopedia/cywilizacje/inkowie.md	DEAD_UNWIRED		3		NOT_ACTIVE	not computed by current consumer; retain raw Normal data	not applicable until a consumer is wired and reviewed	gra/src/game/civ-matrix.ts:41-60,71-101 (loader/accessor only); no gameplay call-site found	false
inkowie	Inkowie	1	spec_Dezercja_proc	jednostka_spec	absolut	units.json+combat.ts	stat_abs	0.1	0	true	CURRENT_RUNTIME_DATA	NON_DEFAULT_OVERRIDE	CURRENT_RUNTIME_DATA	gra/data/civ-matrix.json#/cywilizacje[typCywilizacji=inkowie]/params/spec_Dezercja_proc	LEGACY_DOC_PRESENT	docs/encyklopedia/cywilizacje/inkowie.md	DEAD_UNWIRED		0.1		NOT_ACTIVE	not computed by current consumer; retain raw Normal data	not applicable until a consumer is wired and reviewed	gra/src/game/civ-matrix.ts:41-60,71-101 (loader/accessor only); no gameplay call-site found	false
inkowie	Inkowie	1	spec_Morale	jednostka_spec	absolut	units.json+combat.ts	stat_abs	100	0	true	CURRENT_RUNTIME_DATA	NON_DEFAULT_OVERRIDE	CURRENT_RUNTIME_DATA	gra/data/civ-matrix.json#/cywilizacje[typCywilizacji=inkowie]/params/spec_Morale	LEGACY_DOC_PRESENT	docs/encyklopedia/cywilizacje/inkowie.md	DEAD_UNWIRED		100		NOT_ACTIVE	not computed by current consumer; retain raw Normal data	not applicable until a consumer is wired and reviewed	gra/src/game/civ-matrix.ts:41-60,71-101 (loader/accessor only); no gameplay call-site found	false
inkowie	Inkowie	1	spec_Koszt_pieniadz	jednostka_spec	absolut	units.json+combat.ts	stat_abs	26	0	true	CURRENT_RUNTIME_DATA	NON_DEFAULT_OVERRIDE	CURRENT_RUNTIME_DATA	gra/data/civ-matrix.json#/cywilizacje[typCywilizacji=inkowie]/params/spec_Koszt_pieniadz	LEGACY_DOC_PRESENT	docs/encyklopedia/cywilizacje/inkowie.md	DEAD_UNWIRED		26		NOT_ACTIVE	not computed by current consumer; retain raw Normal data	not applicable until a consumer is wired and reviewed	gra/src/game/civ-matrix.ts:41-60,71-101 (loader/accessor only); no gameplay call-site found	false
inkowie	Inkowie	1	spec_Utrzymanie	jednostka_spec	absolut	units.json+combat.ts	stat_abs	2	0	true	CURRENT_RUNTIME_DATA	NON_DEFAULT_OVERRIDE	CURRENT_RUNTIME_DATA	gra/data/civ-matrix.json#/cywilizacje[typCywilizacji=inkowie]/params/spec_Utrzymanie	LEGACY_DOC_PRESENT	docs/encyklopedia/cywilizacje/inkowie.md	DEAD_UNWIRED		2		NOT_ACTIVE	not computed by current consumer; retain raw Normal data	not applicable until a consumer is wired and reviewed	gra/src/game/civ-matrix.ts:41-60,71-101 (loader/accessor only); no gameplay call-site found	false
inkowie	Inkowie	1	spec_Zywnosc_ture	jednostka_spec	absolut	units.json+combat.ts	stat_abs	1	0	true	CURRENT_RUNTIME_DATA	NON_DEFAULT_OVERRIDE	CURRENT_RUNTIME_DATA	gra/data/civ-matrix.json#/cywilizacje[typCywilizacji=inkowie]/params/spec_Zywnosc_ture	LEGACY_DOC_PRESENT	docs/encyklopedia/cywilizacje/inkowie.md	DEAD_UNWIRED		1		NOT_ACTIVE	not computed by current consumer; retain raw Normal data	not applicable until a consumer is wired and reviewed	gra/src/game/civ-matrix.ts:41-60,71-101 (loader/accessor only); no gameplay call-site found	false
inkowie	Inkowie	1	eko_praca_proc	ekonomia	ulamek	economy.ts	mul_proc	-0.03	0	true	CURRENT_RUNTIME_DATA	NON_DEFAULT_OVERRIDE	CURRENT_RUNTIME_DATA	gra/data/civ-matrix.json#/cywilizacje[typCywilizacji=inkowie]/params/eko_praca_proc	LEGACY_DOC_PRESENT	docs/encyklopedia/cywilizacje/inkowie.md	DEAD_UNWIRED		-0.03		NOT_ACTIVE	not computed by current consumer; retain raw Normal data	not applicable until a consumer is wired and reviewed	gra/src/game/civ-matrix.ts:41-60,71-101 (loader/accessor only); no gameplay call-site found	false
inkowie	Inkowie	1	eko_pieniadz_proc	ekonomia	ulamek	economy.ts	mul_proc	0	0	false	CURRENT_RUNTIME_DATA	DEFAULT_VALUE	CURRENT_RUNTIME_DEFAULT	gra/data/civ-matrix.json#/cywilizacje[typCywilizacji=inkowie]/params/eko_pieniadz_proc	LEGACY_DOC_PRESENT	docs/encyklopedia/cywilizacje/inkowie.md	DEAD_UNWIRED		0		NOT_ACTIVE	not computed by current consumer; retain raw Normal data	not applicable until a consumer is wired and reviewed	gra/src/game/civ-matrix.ts:41-60,71-101 (loader/accessor only); no gameplay call-site found	false
inkowie	Inkowie	1	eko_pieniadz_port_proc	ekonomia	ulamek	economy.ts	mul_proc	0	0	false	CURRENT_RUNTIME_DATA	DEFAULT_VALUE	CURRENT_RUNTIME_DEFAULT	gra/data/civ-matrix.json#/cywilizacje[typCywilizacji=inkowie]/params/eko_pieniadz_port_proc	LEGACY_DOC_PRESENT	docs/encyklopedia/cywilizacje/inkowie.md	DEAD_UNWIRED		0		NOT_ACTIVE	not computed by current consumer; retain raw Normal data	not applicable until a consumer is wired and reviewed	gra/src/game/civ-matrix.ts:41-60,71-101 (loader/accessor only); no gameplay call-site found	false
inkowie	Inkowie	1	eko_zywnosc_proc	ekonomia	ulamek	economy.ts	mul_proc	0	0	false	CURRENT_RUNTIME_DATA	DEFAULT_VALUE	CURRENT_RUNTIME_DEFAULT	gra/data/civ-matrix.json#/cywilizacje[typCywilizacji=inkowie]/params/eko_zywnosc_proc	LEGACY_DOC_PRESENT	docs/encyklopedia/cywilizacje/inkowie.md	UNWIRED		0		NOT_ACTIVE	not computed by current consumer; retain raw Normal data	not applicable until a consumer is wired and reviewed	gra/src/game/civ-matrix.ts:41-60,71-101 (loader/accessor only); no gameplay call-site found	false
inkowie	Inkowie	1	eko_nauka_proc	ekonomia	ulamek	economy.ts	mul_proc	0.15	0	true	CURRENT_RUNTIME_DATA	NON_DEFAULT_OVERRIDE	CURRENT_RUNTIME_DATA	gra/data/civ-matrix.json#/cywilizacje[typCywilizacji=inkowie]/params/eko_nauka_proc	LEGACY_DOC_PRESENT	docs/encyklopedia/cywilizacje/inkowie.md	DEAD_UNWIRED		0.15		NOT_ACTIVE	not computed by current consumer; retain raw Normal data	not applicable until a consumer is wired and reviewed	gra/src/game/civ-matrix.ts:41-60,71-101 (loader/accessor only); no gameplay call-site found	false
inkowie	Inkowie	1	eko_kultura_proc	ekonomia	ulamek	economy.ts	mul_proc	0	0	false	CURRENT_RUNTIME_DATA	DEFAULT_VALUE	CURRENT_RUNTIME_DEFAULT	gra/data/civ-matrix.json#/cywilizacje[typCywilizacji=inkowie]/params/eko_kultura_proc	LEGACY_DOC_PRESENT	docs/encyklopedia/cywilizacje/inkowie.md	UNWIRED		0		NOT_ACTIVE	not computed by current consumer; retain raw Normal data	not applicable until a consumer is wired and reviewed	gra/src/game/civ-matrix.ts:41-60,71-101 (loader/accessor only); no gameplay call-site found	false
inkowie	Inkowie	1	eko_luksus_proc	ekonomia	ulamek	economy.ts	mul_proc	0	0	false	CURRENT_RUNTIME_DATA	DEFAULT_VALUE	CURRENT_RUNTIME_DEFAULT	gra/data/civ-matrix.json#/cywilizacje[typCywilizacji=inkowie]/params/eko_luksus_proc	LEGACY_DOC_PRESENT	docs/encyklopedia/cywilizacje/inkowie.md	UNWIRED		0		NOT_ACTIVE	not computed by current consumer; retain raw Normal data	not applicable until a consumer is wired and reviewed	gra/src/game/civ-matrix.ts:41-60,71-101 (loader/accessor only); no gameplay call-site found	false
inkowie	Inkowie	1	eko_zadowolenie_proc	ekonomia	ulamek	economy.ts	mul_proc	0	0	false	CURRENT_RUNTIME_DATA	DEFAULT_VALUE	CURRENT_RUNTIME_DEFAULT	gra/data/civ-matrix.json#/cywilizacje[typCywilizacji=inkowie]/params/eko_zadowolenie_proc	LEGACY_DOC_PRESENT	docs/encyklopedia/cywilizacje/inkowie.md	UNWIRED		0		NOT_ACTIVE	not computed by current consumer; retain raw Normal data	not applicable until a consumer is wired and reviewed	gra/src/game/civ-matrix.ts:41-60,71-101 (loader/accessor only); no gameplay call-site found	false
inkowie	Inkowie	1	eko_handel_brutto_proc	ekonomia	ulamek	economy.ts	mul_proc	0	0	false	CURRENT_RUNTIME_DATA	DEFAULT_VALUE	CURRENT_RUNTIME_DEFAULT	gra/data/civ-matrix.json#/cywilizacje[typCywilizacji=inkowie]/params/eko_handel_brutto_proc	LEGACY_DOC_PRESENT	docs/encyklopedia/cywilizacje/inkowie.md	DEAD_UNWIRED		0		NOT_ACTIVE	not computed by current consumer; retain raw Normal data	not applicable until a consumer is wired and reviewed	gra/src/game/civ-matrix.ts:41-60,71-101 (loader/accessor only); no gameplay call-site found	false
inkowie	Inkowie	1	eko_korupcja_proc	ekonomia	ulamek	economy.ts	mul_proc	0	0	false	CURRENT_RUNTIME_DATA	DEFAULT_VALUE	CURRENT_RUNTIME_DEFAULT	gra/data/civ-matrix.json#/cywilizacje[typCywilizacji=inkowie]/params/eko_korupcja_proc	LEGACY_DOC_PRESENT	docs/encyklopedia/cywilizacje/inkowie.md	UNWIRED		0		NOT_ACTIVE	not computed by current consumer; retain raw Normal data	not applicable until a consumer is wired and reviewed	gra/src/game/civ-matrix.ts:41-60,71-101 (loader/accessor only); no gameplay call-site found	false
inkowie	Inkowie	1	prod_koszt_budynku_proc	produkcja	ulamek	civ-bonuses.ts	mul_proc	0	0	false	CURRENT_RUNTIME_DATA	DEFAULT_VALUE	CURRENT_RUNTIME_DEFAULT	gra/data/civ-matrix.json#/cywilizacje[typCywilizacji=inkowie]/params/prod_koszt_budynku_proc	LEGACY_DOC_PRESENT	docs/encyklopedia/cywilizacje/inkowie.md	DEAD_UNWIRED		0		NOT_ACTIVE	not computed by current consumer; retain raw Normal data	not applicable until a consumer is wired and reviewed	gra/src/game/civ-matrix.ts:41-60,71-101 (loader/accessor only); no gameplay call-site found	false
inkowie	Inkowie	1	prod_koszt_jednostki_proc	produkcja	ulamek	production.ts	mul_proc	0	0	false	CURRENT_RUNTIME_DATA	DEFAULT_VALUE	CURRENT_RUNTIME_DEFAULT	gra/data/civ-matrix.json#/cywilizacje[typCywilizacji=inkowie]/params/prod_koszt_jednostki_proc	LEGACY_DOC_PRESENT	docs/encyklopedia/cywilizacje/inkowie.md	DEAD_UNWIRED		0		NOT_ACTIVE	not computed by current consumer; retain raw Normal data	not applicable until a consumer is wired and reviewed	gra/src/game/civ-matrix.ts:41-60,71-101 (loader/accessor only); no gameplay call-site found	false
inkowie	Inkowie	1	prod_szybkosc_budynku_proc	produkcja	ulamek	production.ts	mul_proc	0	0	false	CURRENT_RUNTIME_DATA	DEFAULT_VALUE	CURRENT_RUNTIME_DEFAULT	gra/data/civ-matrix.json#/cywilizacje[typCywilizacji=inkowie]/params/prod_szybkosc_budynku_proc	LEGACY_DOC_PRESENT	docs/encyklopedia/cywilizacje/inkowie.md	UNWIRED		0		NOT_ACTIVE	not computed by current consumer; retain raw Normal data	not applicable until a consumer is wired and reviewed	gra/src/game/civ-matrix.ts:41-60,71-101 (loader/accessor only); no gameplay call-site found	false
inkowie	Inkowie	1	prod_szybkosc_jednostki_proc	produkcja	ulamek	production.ts	mul_proc	0	0	false	CURRENT_RUNTIME_DATA	DEFAULT_VALUE	CURRENT_RUNTIME_DEFAULT	gra/data/civ-matrix.json#/cywilizacje[typCywilizacji=inkowie]/params/prod_szybkosc_jednostki_proc	LEGACY_DOC_PRESENT	docs/encyklopedia/cywilizacje/inkowie.md	UNWIRED		0		NOT_ACTIVE	not computed by current consumer; retain raw Normal data	not applicable until a consumer is wired and reviewed	gra/src/game/civ-matrix.ts:41-60,71-101 (loader/accessor only); no gameplay call-site found	false
inkowie	Inkowie	1	prod_rush_koszt_proc	produkcja	ulamek	production.ts	mul_proc	0	0	false	CURRENT_RUNTIME_DATA	DEFAULT_VALUE	CURRENT_RUNTIME_DEFAULT	gra/data/civ-matrix.json#/cywilizacje[typCywilizacji=inkowie]/params/prod_rush_koszt_proc	LEGACY_DOC_PRESENT	docs/encyklopedia/cywilizacje/inkowie.md	UNWIRED		0		NOT_ACTIVE	not computed by current consumer; retain raw Normal data	not applicable until a consumer is wired and reviewed	gra/src/game/civ-matrix.ts:41-60,71-101 (loader/accessor only); no gameplay call-site found	false
inkowie	Inkowie	1	lud_wzrost_proc	ludnosc	ulamek	economy.ts	mul_proc	0	0	false	CURRENT_RUNTIME_DATA	DEFAULT_VALUE	CURRENT_RUNTIME_DEFAULT	gra/data/civ-matrix.json#/cywilizacje[typCywilizacji=inkowie]/params/lud_wzrost_proc	LEGACY_DOC_PRESENT	docs/encyklopedia/cywilizacje/inkowie.md	REAL_GAMEPLAY	0.0	0	0.0	GROWTH_DIFFICULTY_MULT	easy=raw*0.5; normal=raw; hard=raw*1.5; contribution rounded to percent	wyżej = szybszy wzrost i silniejszy AI; Hard ×1.5, Easy ×0.5	gra/src/game/population-growth-v85.ts:84-90,230-232	false
inkowie	Inkowie	1	lud_spadek_proc	ludnosc	ulamek	economy.ts	mul_proc	0	0	false	CURRENT_RUNTIME_DATA	DEFAULT_VALUE	CURRENT_RUNTIME_DEFAULT	gra/data/civ-matrix.json#/cywilizacje[typCywilizacji=inkowie]/params/lud_spadek_proc	LEGACY_DOC_PRESENT	docs/encyklopedia/cywilizacje/inkowie.md	UNWIRED		0		NOT_ACTIVE	not computed by current consumer; retain raw Normal data	not applicable until a consumer is wired and reviewed	gra/src/game/civ-matrix.ts:41-60,71-101 (loader/accessor only); no gameplay call-site found	false
inkowie	Inkowie	1	lud_zdrowie_proc	ludnosc	ulamek	turn-economy.ts	mul_proc	0	0	false	CURRENT_RUNTIME_DATA	DEFAULT_VALUE	CURRENT_RUNTIME_DEFAULT	gra/data/civ-matrix.json#/cywilizacje[typCywilizacji=inkowie]/params/lud_zdrowie_proc	LEGACY_DOC_PRESENT	docs/encyklopedia/cywilizacje/inkowie.md	UNWIRED		0		NOT_ACTIVE	not computed by current consumer; retain raw Normal data	not applicable until a consumer is wired and reviewed	gra/src/game/civ-matrix.ts:41-60,71-101 (loader/accessor only); no gameplay call-site found	false
inkowie	Inkowie	1	lud_zadowolenie_bazowe	ludnosc	absolut	culture-religion.ts	add	0	0	false	CURRENT_RUNTIME_DATA	DEFAULT_VALUE	CURRENT_RUNTIME_DEFAULT	gra/data/civ-matrix.json#/cywilizacje[typCywilizacji=inkowie]/params/lud_zadowolenie_bazowe	LEGACY_DOC_PRESENT	docs/encyklopedia/cywilizacje/inkowie.md	UNWIRED		0		NOT_ACTIVE	not computed by current consumer; retain raw Normal data	not applicable until a consumer is wired and reviewed	gra/src/game/civ-matrix.ts:41-60,71-101 (loader/accessor only); no gameplay call-site found	false
inkowie	Inkowie	1	lud_limit_populacji	ludnosc	absolut	cities.ts	add	10	10	false	CURRENT_RUNTIME_DATA	DEFAULT_VALUE	CURRENT_RUNTIME_DEFAULT	gra/data/civ-matrix.json#/cywilizacje[typCywilizacji=inkowie]/params/lud_limit_populacji	LEGACY_DOC_PRESENT	docs/encyklopedia/cywilizacje/inkowie.md	UNWIRED		10		NOT_ACTIVE	not computed by current consumer; retain raw Normal data	not applicable until a consumer is wired and reviewed	gra/src/game/civ-matrix.ts:41-60,71-101 (loader/accessor only); no gameplay call-site found	false
inkowie	Inkowie	1	mp_regen_proc	manpower	ulamek	manpower.ts	mul_proc	0	0	false	CURRENT_RUNTIME_DATA	DEFAULT_VALUE	CURRENT_RUNTIME_DEFAULT	gra/data/civ-matrix.json#/cywilizacje[typCywilizacji=inkowie]/params/mp_regen_proc	LEGACY_DOC_PRESENT	docs/encyklopedia/cywilizacje/inkowie.md	DEAD_UNWIRED		0		NOT_ACTIVE	not computed by current consumer; retain raw Normal data	not applicable until a consumer is wired and reviewed	gra/src/game/civ-matrix.ts:41-60,71-101 (loader/accessor only); no gameplay call-site found	false
inkowie	Inkowie	1	mp_max_proc	manpower	ulamek	manpower.ts	mul_proc	0	0	false	CURRENT_RUNTIME_DATA	DEFAULT_VALUE	CURRENT_RUNTIME_DEFAULT	gra/data/civ-matrix.json#/cywilizacje[typCywilizacji=inkowie]/params/mp_max_proc	LEGACY_DOC_PRESENT	docs/encyklopedia/cywilizacje/inkowie.md	UNWIRED		0		NOT_ACTIVE	not computed by current consumer; retain raw Normal data	not applicable until a consumer is wired and reviewed	gra/src/game/civ-matrix.ts:41-60,71-101 (loader/accessor only); no gameplay call-site found	false
inkowie	Inkowie	1	mp_koszt_jednostki_proc	manpower	ulamek	manpower.ts	mul_proc	0	0	false	CURRENT_RUNTIME_DATA	DEFAULT_VALUE	CURRENT_RUNTIME_DEFAULT	gra/data/civ-matrix.json#/cywilizacje[typCywilizacji=inkowie]/params/mp_koszt_jednostki_proc	LEGACY_DOC_PRESENT	docs/encyklopedia/cywilizacje/inkowie.md	UNWIRED		0		NOT_ACTIVE	not computed by current consumer; retain raw Normal data	not applicable until a consumer is wired and reviewed	gra/src/game/civ-matrix.ts:41-60,71-101 (loader/accessor only); no gameplay call-site found	false
inkowie	Inkowie	1	wealth_cap_proc	spoleczenstwo	ulamek	wealth.ts	mul_proc	0	0	false	CURRENT_RUNTIME_DATA	DEFAULT_VALUE	CURRENT_RUNTIME_DEFAULT	gra/data/civ-matrix.json#/cywilizacje[typCywilizacji=inkowie]/params/wealth_cap_proc	LEGACY_DOC_PRESENT	docs/encyklopedia/cywilizacje/inkowie.md	UNWIRED		0		NOT_ACTIVE	not computed by current consumer; retain raw Normal data	not applicable until a consumer is wired and reviewed	gra/src/game/civ-matrix.ts:41-60,71-101 (loader/accessor only); no gameplay call-site found	false
inkowie	Inkowie	1	wealth_mnoznik_proc	spoleczenstwo	ulamek	wealth.ts	mul_proc	0	0	false	CURRENT_RUNTIME_DATA	DEFAULT_VALUE	CURRENT_RUNTIME_DEFAULT	gra/data/civ-matrix.json#/cywilizacje[typCywilizacji=inkowie]/params/wealth_mnoznik_proc	LEGACY_DOC_PRESENT	docs/encyklopedia/cywilizacje/inkowie.md	UNWIRED		0		NOT_ACTIVE	not computed by current consumer; retain raw Normal data	not applicable until a consumer is wired and reviewed	gra/src/game/civ-matrix.ts:41-60,71-101 (loader/accessor only); no gameplay call-site found	false
inkowie	Inkowie	1	kultura_naplyw_proc	spoleczenstwo	ulamek	culture-religion.ts	mul_proc	0	0	false	CURRENT_RUNTIME_DATA	DEFAULT_VALUE	CURRENT_RUNTIME_DEFAULT	gra/data/civ-matrix.json#/cywilizacje[typCywilizacji=inkowie]/params/kultura_naplyw_proc	LEGACY_DOC_PRESENT	docs/encyklopedia/cywilizacje/inkowie.md	UNWIRED		0		NOT_ACTIVE	not computed by current consumer; retain raw Normal data	not applicable until a consumer is wired and reviewed	gra/src/game/civ-matrix.ts:41-60,71-101 (loader/accessor only); no gameplay call-site found	false
inkowie	Inkowie	1	religia_spread_proc	spoleczenstwo	ulamek	culture-religion.ts	mul_proc	0	0	false	CURRENT_RUNTIME_DATA	DEFAULT_VALUE	CURRENT_RUNTIME_DEFAULT	gra/data/civ-matrix.json#/cywilizacje[typCywilizacji=inkowie]/params/religia_spread_proc	LEGACY_DOC_PRESENT	docs/encyklopedia/cywilizacje/inkowie.md	UNWIRED		0		NOT_ACTIVE	not computed by current consumer; retain raw Normal data	not applicable until a consumer is wired and reviewed	gra/src/game/civ-matrix.ts:41-60,71-101 (loader/accessor only); no gameplay call-site found	false
inkowie	Inkowie	1	porzadek_produkcja_proc	spoleczenstwo	ulamek	order.ts	mul_proc	0	0	false	CURRENT_RUNTIME_DATA	DEFAULT_VALUE	CURRENT_RUNTIME_DEFAULT	gra/data/civ-matrix.json#/cywilizacje[typCywilizacji=inkowie]/params/porzadek_produkcja_proc	LEGACY_DOC_PRESENT	docs/encyklopedia/cywilizacje/inkowie.md	UNWIRED		0		NOT_ACTIVE	not computed by current consumer; retain raw Normal data	not applicable until a consumer is wired and reviewed	gra/src/game/civ-matrix.ts:41-60,71-101 (loader/accessor only); no gameplay call-site found	false
inkowie	Inkowie	1	porzadek_pieniadz_proc	spoleczenstwo	ulamek	order.ts	mul_proc	0	0	false	CURRENT_RUNTIME_DATA	DEFAULT_VALUE	CURRENT_RUNTIME_DEFAULT	gra/data/civ-matrix.json#/cywilizacje[typCywilizacji=inkowie]/params/porzadek_pieniadz_proc	LEGACY_DOC_PRESENT	docs/encyklopedia/cywilizacje/inkowie.md	UNWIRED		0		NOT_ACTIVE	not computed by current consumer; retain raw Normal data	not applicable until a consumer is wired and reviewed	gra/src/game/civ-matrix.ts:41-60,71-101 (loader/accessor only); no gameplay call-site found	false
inkowie	Inkowie	1	porzadek_nauka_proc	spoleczenstwo	ulamek	order.ts	mul_proc	0	0	false	CURRENT_RUNTIME_DATA	DEFAULT_VALUE	CURRENT_RUNTIME_DEFAULT	gra/data/civ-matrix.json#/cywilizacje[typCywilizacji=inkowie]/params/porzadek_nauka_proc	LEGACY_DOC_PRESENT	docs/encyklopedia/cywilizacje/inkowie.md	UNWIRED		0		NOT_ACTIVE	not computed by current consumer; retain raw Normal data	not applicable until a consumer is wired and reviewed	gra/src/game/civ-matrix.ts:41-60,71-101 (loader/accessor only); no gameplay call-site found	false
inkowie	Inkowie	1	porzadek_kultura_proc	spoleczenstwo	ulamek	order.ts	mul_proc	0	0	false	CURRENT_RUNTIME_DATA	DEFAULT_VALUE	CURRENT_RUNTIME_DEFAULT	gra/data/civ-matrix.json#/cywilizacje[typCywilizacji=inkowie]/params/porzadek_kultura_proc	LEGACY_DOC_PRESENT	docs/encyklopedia/cywilizacje/inkowie.md	UNWIRED		0		NOT_ACTIVE	not computed by current consumer; retain raw Normal data	not applicable until a consumer is wired and reviewed	gra/src/game/civ-matrix.ts:41-60,71-101 (loader/accessor only); no gameplay call-site found	false
inkowie	Inkowie	1	porzadek_wzrost_proc	spoleczenstwo	ulamek	order.ts	mul_proc	0	0	false	CURRENT_RUNTIME_DATA	DEFAULT_VALUE	CURRENT_RUNTIME_DEFAULT	gra/data/civ-matrix.json#/cywilizacje[typCywilizacji=inkowie]/params/porzadek_wzrost_proc	LEGACY_DOC_PRESENT	docs/encyklopedia/cywilizacje/inkowie.md	UNWIRED		0		NOT_ACTIVE	not computed by current consumer; retain raw Normal data	not applicable until a consumer is wired and reviewed	gra/src/game/civ-matrix.ts:41-60,71-101 (loader/accessor only); no gameplay call-site found	false
inkowie	Inkowie	1	obl_obrona_miasta_proc	obleczenie	ulamek	siege.ts	mul_proc	0	0	false	CURRENT_RUNTIME_DATA	DEFAULT_VALUE	CURRENT_RUNTIME_DEFAULT	gra/data/civ-matrix.json#/cywilizacje[typCywilizacji=inkowie]/params/obl_obrona_miasta_proc	LEGACY_DOC_PRESENT	docs/encyklopedia/cywilizacje/inkowie.md	UNWIRED		0		NOT_ACTIVE	not computed by current consumer; retain raw Normal data	not applicable until a consumer is wired and reviewed	gra/src/game/civ-matrix.ts:41-60,71-101 (loader/accessor only); no gameplay call-site found	false
inkowie	Inkowie	1	obl_mur_proc	obleczenie	ulamek	siege.ts	mul_proc	0	0	false	CURRENT_RUNTIME_DATA	DEFAULT_VALUE	CURRENT_RUNTIME_DEFAULT	gra/data/civ-matrix.json#/cywilizacje[typCywilizacji=inkowie]/params/obl_mur_proc	LEGACY_DOC_PRESENT	docs/encyklopedia/cywilizacje/inkowie.md	UNWIRED		0		NOT_ACTIVE	not computed by current consumer; retain raw Normal data	not applicable until a consumer is wired and reviewed	gra/src/game/civ-matrix.ts:41-60,71-101 (loader/accessor only); no gameplay call-site found	false
inkowie	Inkowie	1	obl_machines_proc	obleczenie	ulamek	siegeMachines.ts	mul_proc	0	0	false	CURRENT_RUNTIME_DATA	DEFAULT_VALUE	CURRENT_RUNTIME_DEFAULT	gra/data/civ-matrix.json#/cywilizacje[typCywilizacji=inkowie]/params/obl_machines_proc	LEGACY_DOC_PRESENT	docs/encyklopedia/cywilizacje/inkowie.md	UNWIRED		0		NOT_ACTIVE	not computed by current consumer; retain raw Normal data	not applicable until a consumer is wired and reviewed	gra/src/game/civ-matrix.ts:41-60,71-101 (loader/accessor only); no gameplay call-site found	false
inkowie	Inkowie	1	dip_sklonnosc_sojusze	dyplomacja	skala_1_10	diplomacy.ts	skala	6	5	true	CURRENT_RUNTIME_DATA	NON_DEFAULT_OVERRIDE	CURRENT_RUNTIME_DATA	gra/data/civ-matrix.json#/cywilizacje[typCywilizacji=inkowie]/params/dip_sklonnosc_sojusze	LEGACY_DOC_PRESENT	docs/encyklopedia/cywilizacje/inkowie.md	UI_ONLY		6		DISPLAY_RAW	display reads raw value; no gameplay Easy/Normal/Hard effect	etykieta UI; brak wpływu na wynik gry	gra/src/game/diplomacy-display.ts:54-59,116-122	false
inkowie	Inkowie	1	dip_lojalnosc	dyplomacja	skala_1_10	diplomacy.ts	skala	7	5	true	CURRENT_RUNTIME_DATA	NON_DEFAULT_OVERRIDE	CURRENT_RUNTIME_DATA	gra/data/civ-matrix.json#/cywilizacje[typCywilizacji=inkowie]/params/dip_lojalnosc	LEGACY_DOC_PRESENT	docs/encyklopedia/cywilizacje/inkowie.md	UI_ONLY		7		DISPLAY_RAW	display reads raw value; no gameplay Easy/Normal/Hard effect	etykieta UI; brak wpływu na wynik gry	gra/src/game/diplomacy-display.ts:64-69,116-122	false
inkowie	Inkowie	1	dip_prog_wojny	dyplomacja	skala_1_10	diplomacy.ts	skala	4	5	true	CURRENT_RUNTIME_DATA	NON_DEFAULT_OVERRIDE	CURRENT_RUNTIME_DATA	gra/data/civ-matrix.json#/cywilizacje[typCywilizacji=inkowie]/params/dip_prog_wojny	LEGACY_DOC_PRESENT	docs/encyklopedia/cywilizacje/inkowie.md	UI_ONLY		4		DISPLAY_RAW	display reads raw value; no gameplay Easy/Normal/Hard effect	etykieta UI; brak wpływu na wynik gry	gra/src/game/diplomacy-display.ts:73-78,116-122	false
inkowie	Inkowie	1	dip_pamietliwosc	dyplomacja	skala_1_10	diplomacy.ts	skala	6	5	true	CURRENT_RUNTIME_DATA	NON_DEFAULT_OVERRIDE	CURRENT_RUNTIME_DATA	gra/data/civ-matrix.json#/cywilizacje[typCywilizacji=inkowie]/params/dip_pamietliwosc	LEGACY_DOC_PRESENT	docs/encyklopedia/cywilizacje/inkowie.md	UI_ONLY		6		DISPLAY_RAW	display reads raw value; no gameplay Easy/Normal/Hard effect	etykieta UI; brak wpływu na wynik gry	gra/src/game/diplomacy-display.ts:82-87,116-122	false
inkowie	Inkowie	1	dip_otwartosc_handel	dyplomacja	skala_1_10	diplomacy.ts	skala	2	5	true	CURRENT_RUNTIME_DATA	NON_DEFAULT_OVERRIDE	CURRENT_RUNTIME_DATA	gra/data/civ-matrix.json#/cywilizacje[typCywilizacji=inkowie]/params/dip_otwartosc_handel	LEGACY_DOC_PRESENT	docs/encyklopedia/cywilizacje/inkowie.md	UI_ONLY		2		DISPLAY_RAW	display reads raw value; no gameplay Easy/Normal/Hard effect	etykieta UI; brak wpływu na wynik gry	gra/src/game/diplomacy-display.ts:44-49,116-122	false
inkowie	Inkowie	1	dip_nastawienie_bazowe	dyplomacja	absolut	diplomacy.ts	add	45	50	true	CURRENT_RUNTIME_DATA	NON_DEFAULT_OVERRIDE	CURRENT_RUNTIME_DATA	gra/data/civ-matrix.json#/cywilizacje[typCywilizacji=inkowie]/params/dip_nastawienie_bazowe	LEGACY_DOC_PRESENT	docs/encyklopedia/cywilizacje/inkowie.md	REAL_GAMEPLAY	45	45	45	CURRENT_NEUTRAL_CALLER_OMITS_DIFFICULTY	current easy=raw; normal=raw; hard=raw; caller uses default normal	direction requires decision; no arbitrary Easy/Hard	gra/src/game/civ-ai-data.ts:205-217; gra/src/game/diplomacy.ts:1376-1380	false
inkowie	Inkowie	1	dip_agresja_archetyp	dyplomacja	ulamek_0_1	diplomacy.ts	mul_abs	0.45	0.5	true	CURRENT_RUNTIME_DATA	NON_DEFAULT_OVERRIDE	CURRENT_RUNTIME_DATA	gra/data/civ-matrix.json#/cywilizacje[typCywilizacji=inkowie]/params/dip_agresja_archetyp	LEGACY_DOC_PRESENT	docs/encyklopedia/cywilizacje/inkowie.md	DEAD_UNWIRED		0.45		NOT_ACTIVE	not computed by current consumer; retain raw Normal data	not applicable until a consumer is wired and reviewed	gra/src/game/civ-matrix.ts:41-60,71-101 (loader/accessor only); no gameplay call-site found	false
inkowie	Inkowie	1	dip_handlowosc_archetyp	dyplomacja	ulamek_0_1	diplomacy.ts	mul_abs	0.25	0.5	true	CURRENT_RUNTIME_DATA	NON_DEFAULT_OVERRIDE	CURRENT_RUNTIME_DATA	gra/data/civ-matrix.json#/cywilizacje[typCywilizacji=inkowie]/params/dip_handlowosc_archetyp	LEGACY_DOC_PRESENT	docs/encyklopedia/cywilizacje/inkowie.md	REAL_GAMEPLAY	0.25	0.25	0.25	CURRENT_NEUTRAL_MUL_ABS	current easy=raw; normal=raw; hard=raw because formula=mul_abs	direction requires decision; no arbitrary Easy/Hard	gra/src/game/civ-ai-data.ts:184-198; gra/src/game/diplomacy.ts:1267-1270; gra/src/main.ts:19553-19556,33555-33559,33916-33919	false
inkowie	Inkowie	1	ai_agresywnosc	ai	skala_1_10	civ-ai-data.ts	skala	4	5	true	CURRENT_RUNTIME_DATA	NON_DEFAULT_OVERRIDE	CURRENT_RUNTIME_DATA	gra/data/civ-matrix.json#/cywilizacje[typCywilizacji=inkowie]/params/ai_agresywnosc	LEGACY_DOC_PRESENT	docs/encyklopedia/cywilizacje/inkowie.md	REAL_GAMEPLAY	3	4	5	SKALA_1_10	easy=max(1,normal-1); normal=normal; hard=min(10,normal+1); /10	wyżej = bardziej agresywny AI; Hard +1, Easy -1	gra/src/game/civ-ai-data.ts:38-53,156-178; gra/src/game/diplomacy.ts:1261-1266; gra/src/main.ts:19784-19790,33910-33915; gra/src/game/ai.ts:4974-5036,5184-5187	false
inkowie	Inkowie	1	ai_ekspansywnosc	ai	skala_1_10	civ-ai-data.ts	skala	3	5	true	CURRENT_RUNTIME_DATA	NON_DEFAULT_OVERRIDE	CURRENT_RUNTIME_DATA	gra/data/civ-matrix.json#/cywilizacje[typCywilizacji=inkowie]/params/ai_ekspansywnosc	LEGACY_DOC_PRESENT	docs/encyklopedia/cywilizacje/inkowie.md	REAL_GAMEPLAY	2	3	4	SKALA_1_10	easy=max(1,normal-1); normal=normal; hard=min(10,normal+1)	wyżej = większa ekspansja; Hard +1, Easy -1	gra/src/game/civ-ai-data.ts:74-102; gra/src/main.ts:33264-33296; gra/src/game/ai.ts:506-513,1097-1117,2857-2868,4257-4264	false
inkowie	Inkowie	1	ai_priorytet_militarny	ai	skala_1_10	civ-ai-data.ts	skala	5	5	false	CURRENT_RUNTIME_DATA	DEFAULT_VALUE	CURRENT_RUNTIME_DEFAULT	gra/data/civ-matrix.json#/cywilizacje[typCywilizacji=inkowie]/params/ai_priorytet_militarny	LEGACY_DOC_PRESENT	docs/encyklopedia/cywilizacje/inkowie.md	REAL_GAMEPLAY	4	5	6	SKALA_1_10	easy=max(1,normal-1); normal=normal; hard=min(10,normal+1); delta=(value-5)*15	wyżej = większy score wojskowy; Hard +1, Easy -1	gra/src/game/civ-ai-data.ts:74-102; gra/src/main.ts:33264-33296; gra/src/game/ai-production-priorities.ts:6-27; gra/src/game/ai.ts:1672-1676	false
inkowie	Inkowie	1	ai_priorytet_ekonomia	ai	skala_1_10	civ-ai-data.ts	skala	5	5	false	CURRENT_RUNTIME_DATA	DEFAULT_VALUE	CURRENT_RUNTIME_DEFAULT	gra/data/civ-matrix.json#/cywilizacje[typCywilizacji=inkowie]/params/ai_priorytet_ekonomia	LEGACY_DOC_PRESENT	docs/encyklopedia/cywilizacje/inkowie.md	REAL_GAMEPLAY	4	5	6	SKALA_1_10	easy=max(1,normal-1); normal=normal; hard=min(10,normal+1); delta=(value-5)*15	wyżej = większy score ekonomiczny; Hard +1, Easy -1	gra/src/game/civ-ai-data.ts:74-102; gra/src/main.ts:33264-33296; gra/src/game/ai-production-priorities.ts:6-27; gra/src/game/ai.ts:1672-1676	false
inkowie	Inkowie	1	ai_priorytet_nauka	ai	skala_1_10	civ-ai-data.ts	skala	5	5	false	CURRENT_RUNTIME_DATA	DEFAULT_VALUE	CURRENT_RUNTIME_DEFAULT	gra/data/civ-matrix.json#/cywilizacje[typCywilizacji=inkowie]/params/ai_priorytet_nauka	LEGACY_DOC_PRESENT	docs/encyklopedia/cywilizacje/inkowie.md	REAL_GAMEPLAY	4	5	6	SKALA_1_10	easy=max(1,normal-1); normal=normal; hard=min(10,normal+1); delta=(value-5)*15	wyżej = większy score nauki; Hard +1, Easy -1	gra/src/game/civ-ai-data.ts:74-102; gra/src/main.ts:33264-33296; gra/src/game/ai-production-priorities.ts:6-27; gra/src/game/ai.ts:1672-1676	false
inkowie	Inkowie	1	ai_tolerancja_ryzyka	ai	skala_1_10	civ-ai-data.ts	skala	4	5	true	CURRENT_RUNTIME_DATA	NON_DEFAULT_OVERRIDE	CURRENT_RUNTIME_DATA	gra/data/civ-matrix.json#/cywilizacje[typCywilizacji=inkowie]/params/ai_tolerancja_ryzyka	LEGACY_DOC_PRESENT	docs/encyklopedia/cywilizacje/inkowie.md	REAL_GAMEPLAY	3	4	5	SKALA_1_10	easy=max(1,normal-1); normal=normal; hard=min(10,normal+1)	wyżej = większa tolerancja ryzyka wojny; Hard +1, Easy -1	gra/src/game/civ-ai-data.ts:74-102; gra/src/main.ts:33924-33927; gra/src/game/ai.ts:4974-5036,5184-5187	false
inkowie	Inkowie	1	ai_sklonnosc_podboju	ai	skala_1_10	civ-ai-data.ts	skala	3	5	true	CURRENT_RUNTIME_DATA	NON_DEFAULT_OVERRIDE	CURRENT_RUNTIME_DATA	gra/data/civ-matrix.json#/cywilizacje[typCywilizacji=inkowie]/params/ai_sklonnosc_podboju	LEGACY_DOC_PRESENT	docs/encyklopedia/cywilizacje/inkowie.md	REAL_GAMEPLAY	2	3	4	SKALA_1_10	easy=max(1,normal-1); normal=normal; hard=min(10,normal+1)	wyżej = większa skłonność do podboju; Hard +1, Easy -1	gra/src/game/civ-ai-data.ts:74-102; gra/src/main.ts:33264-33296,33924-33927; gra/src/game/ai.ts:4974-5036,5184-5187	false
inkowie	Inkowie	1	ai_profil_obronna	ai	flag_0_1	civ-ai-data.ts	flag	1	0	true	CURRENT_RUNTIME_DATA	NON_DEFAULT_OVERRIDE	CURRENT_RUNTIME_DATA	gra/data/civ-matrix.json#/cywilizacje[typCywilizacji=inkowie]/params/ai_profil_obronna	LEGACY_DOC_PRESENT	docs/encyklopedia/cywilizacje/inkowie.md	REAL_GAMEPLAY	1	1	1	FLAG_IDENTITY	flag raw 0/1 at Easy/Normal/Hard	1 = defensive-copy map profile; no difficulty delta	gra/src/game/civ-ai-data.ts:56-71,119-123; gra/src/main.ts:9169-9173	false
zulusi	Zulusi	1	meta_epoka_kamien	meta	flag_0_1	start-preview.ts	flag	1	0	true	CURRENT_RUNTIME_DATA	NON_DEFAULT_OVERRIDE	CURRENT_RUNTIME_DATA	gra/data/civ-matrix.json#/cywilizacje[typCywilizacji=zulusi]/params/meta_epoka_kamien	LEGACY_DOC_PRESENT	docs/encyklopedia/cywilizacje/zulusi.md	DEAD_UNWIRED		1		NOT_ACTIVE	not computed by current consumer; retain raw Normal data	not applicable until a consumer is wired and reviewed	gra/src/game/civ-matrix.ts:41-60,71-101 (loader/accessor only); no gameplay call-site found	false
zulusi	Zulusi	1	meta_epoka_braz	meta	flag_0_1	start-preview.ts	flag	1	0	true	CURRENT_RUNTIME_DATA	NON_DEFAULT_OVERRIDE	CURRENT_RUNTIME_DATA	gra/data/civ-matrix.json#/cywilizacje[typCywilizacji=zulusi]/params/meta_epoka_braz	LEGACY_DOC_PRESENT	docs/encyklopedia/cywilizacje/zulusi.md	DEAD_UNWIRED		1		NOT_ACTIVE	not computed by current consumer; retain raw Normal data	not applicable until a consumer is wired and reviewed	gra/src/game/civ-matrix.ts:41-60,71-101 (loader/accessor only); no gameplay call-site found	false
zulusi	Zulusi	1	meta_epoka_zelazo	meta	flag_0_1	start-preview.ts	flag	1	0	true	CURRENT_RUNTIME_DATA	NON_DEFAULT_OVERRIDE	CURRENT_RUNTIME_DATA	gra/data/civ-matrix.json#/cywilizacje[typCywilizacji=zulusi]/params/meta_epoka_zelazo	LEGACY_DOC_PRESENT	docs/encyklopedia/cywilizacje/zulusi.md	DEAD_UNWIRED		1		NOT_ACTIVE	not computed by current consumer; retain raw Normal data	not applicable until a consumer is wired and reviewed	gra/src/game/civ-matrix.ts:41-60,71-101 (loader/accessor only); no gameplay call-site found	false
zulusi	Zulusi	1	meta_mnoznik_waluta	meta	absolut	economy.ts	mul_abs	1.8	2	true	CURRENT_RUNTIME_DATA	NON_DEFAULT_OVERRIDE	CURRENT_RUNTIME_DATA	gra/data/civ-matrix.json#/cywilizacje[typCywilizacji=zulusi]/params/meta_mnoznik_waluta	LEGACY_DOC_PRESENT	docs/encyklopedia/cywilizacje/zulusi.md	DEAD_UNWIRED		1.8		NOT_ACTIVE	not computed by current consumer; retain raw Normal data	not applicable until a consumer is wired and reviewed	gra/src/game/civ-matrix.ts:41-60,71-101 (loader/accessor only); no gameplay call-site found	false
zulusi	Zulusi	1	meta_tier_roster	meta	absolut	civ-roster.ts	mul_abs	1	1	false	CURRENT_RUNTIME_DATA	DEFAULT_VALUE	CURRENT_RUNTIME_DEFAULT	gra/data/civ-matrix.json#/cywilizacje[typCywilizacji=zulusi]/params/meta_tier_roster	LEGACY_DOC_PRESENT	docs/encyklopedia/cywilizacje/zulusi.md	DEAD_UNWIRED		1		NOT_ACTIVE	not computed by current consumer; retain raw Normal data	not applicable until a consumer is wired and reviewed	gra/src/game/civ-matrix.ts:41-60,71-101 (loader/accessor only); no gameplay call-site found	false
zulusi	Zulusi	1	walka_atak_piechota	walka	ulamek	civ-bonuses.ts	mul_proc	0	0	false	CURRENT_RUNTIME_DATA	DEFAULT_VALUE	CURRENT_RUNTIME_DEFAULT	gra/data/civ-matrix.json#/cywilizacje[typCywilizacji=zulusi]/params/walka_atak_piechota	LEGACY_DOC_PRESENT	docs/encyklopedia/cywilizacje/zulusi.md	DEAD_UNWIRED		0		NOT_ACTIVE	not computed by current consumer; retain raw Normal data	not applicable until a consumer is wired and reviewed	gra/src/game/civ-matrix.ts:41-60,71-101 (loader/accessor only); no gameplay call-site found	false
zulusi	Zulusi	1	walka_atak_lukownicy	walka	ulamek	civ-bonuses.ts	mul_proc	0	0	false	CURRENT_RUNTIME_DATA	DEFAULT_VALUE	CURRENT_RUNTIME_DEFAULT	gra/data/civ-matrix.json#/cywilizacje[typCywilizacji=zulusi]/params/walka_atak_lukownicy	LEGACY_DOC_PRESENT	docs/encyklopedia/cywilizacje/zulusi.md	UNWIRED		0		NOT_ACTIVE	not computed by current consumer; retain raw Normal data	not applicable until a consumer is wired and reviewed	gra/src/game/civ-matrix.ts:41-60,71-101 (loader/accessor only); no gameplay call-site found	false
zulusi	Zulusi	1	walka_atak_kawaleria	walka	ulamek	civ-bonuses.ts	mul_proc	0	0	false	CURRENT_RUNTIME_DATA	DEFAULT_VALUE	CURRENT_RUNTIME_DEFAULT	gra/data/civ-matrix.json#/cywilizacje[typCywilizacji=zulusi]/params/walka_atak_kawaleria	LEGACY_DOC_PRESENT	docs/encyklopedia/cywilizacje/zulusi.md	DEAD_UNWIRED		0		NOT_ACTIVE	not computed by current consumer; retain raw Normal data	not applicable until a consumer is wired and reviewed	gra/src/game/civ-matrix.ts:41-60,71-101 (loader/accessor only); no gameplay call-site found	false
zulusi	Zulusi	1	walka_atak_rydwany	walka	ulamek	civ-bonuses.ts	mul_proc	0	0	false	CURRENT_RUNTIME_DATA	DEFAULT_VALUE	CURRENT_RUNTIME_DEFAULT	gra/data/civ-matrix.json#/cywilizacje[typCywilizacji=zulusi]/params/walka_atak_rydwany	LEGACY_DOC_PRESENT	docs/encyklopedia/cywilizacje/zulusi.md	DEAD_UNWIRED		0		NOT_ACTIVE	not computed by current consumer; retain raw Normal data	not applicable until a consumer is wired and reviewed	gra/src/game/civ-matrix.ts:41-60,71-101 (loader/accessor only); no gameplay call-site found	false
zulusi	Zulusi	1	walka_atak_obleczenie	walka	ulamek	civ-bonuses.ts	mul_proc	0	0	false	CURRENT_RUNTIME_DATA	DEFAULT_VALUE	CURRENT_RUNTIME_DEFAULT	gra/data/civ-matrix.json#/cywilizacje[typCywilizacji=zulusi]/params/walka_atak_obleczenie	LEGACY_DOC_PRESENT	docs/encyklopedia/cywilizacje/zulusi.md	DEAD_UNWIRED		0		NOT_ACTIVE	not computed by current consumer; retain raw Normal data	not applicable until a consumer is wired and reviewed	gra/src/game/civ-matrix.ts:41-60,71-101 (loader/accessor only); no gameplay call-site found	false
zulusi	Zulusi	1	walka_atak_morska	walka	ulamek	civ-bonuses.ts	mul_proc	0	0	false	CURRENT_RUNTIME_DATA	DEFAULT_VALUE	CURRENT_RUNTIME_DEFAULT	gra/data/civ-matrix.json#/cywilizacje[typCywilizacji=zulusi]/params/walka_atak_morska	LEGACY_DOC_PRESENT	docs/encyklopedia/cywilizacje/zulusi.md	UNWIRED		0		NOT_ACTIVE	not computed by current consumer; retain raw Normal data	not applicable until a consumer is wired and reviewed	gra/src/game/civ-matrix.ts:41-60,71-101 (loader/accessor only); no gameplay call-site found	false
zulusi	Zulusi	1	walka_atak_wszystkie	walka	ulamek	civ-bonuses.ts	mul_proc	0	0	false	CURRENT_RUNTIME_DATA	DEFAULT_VALUE	CURRENT_RUNTIME_DEFAULT	gra/data/civ-matrix.json#/cywilizacje[typCywilizacji=zulusi]/params/walka_atak_wszystkie	LEGACY_DOC_PRESENT	docs/encyklopedia/cywilizacje/zulusi.md	UNWIRED		0		NOT_ACTIVE	not computed by current consumer; retain raw Normal data	not applicable until a consumer is wired and reviewed	gra/src/game/civ-matrix.ts:41-60,71-101 (loader/accessor only); no gameplay call-site found	false
zulusi	Zulusi	1	walka_obrona_piechota	walka	ulamek	civ-bonuses.ts	mul_proc	0	0	false	CURRENT_RUNTIME_DATA	DEFAULT_VALUE	CURRENT_RUNTIME_DEFAULT	gra/data/civ-matrix.json#/cywilizacje[typCywilizacji=zulusi]/params/walka_obrona_piechota	LEGACY_DOC_PRESENT	docs/encyklopedia/cywilizacje/zulusi.md	DEAD_UNWIRED		0		NOT_ACTIVE	not computed by current consumer; retain raw Normal data	not applicable until a consumer is wired and reviewed	gra/src/game/civ-matrix.ts:41-60,71-101 (loader/accessor only); no gameplay call-site found	false
zulusi	Zulusi	1	walka_obrona_lukownicy	walka	ulamek	civ-bonuses.ts	mul_proc	0	0	false	CURRENT_RUNTIME_DATA	DEFAULT_VALUE	CURRENT_RUNTIME_DEFAULT	gra/data/civ-matrix.json#/cywilizacje[typCywilizacji=zulusi]/params/walka_obrona_lukownicy	LEGACY_DOC_PRESENT	docs/encyklopedia/cywilizacje/zulusi.md	UNWIRED		0		NOT_ACTIVE	not computed by current consumer; retain raw Normal data	not applicable until a consumer is wired and reviewed	gra/src/game/civ-matrix.ts:41-60,71-101 (loader/accessor only); no gameplay call-site found	false
zulusi	Zulusi	1	walka_obrona_kawaleria	walka	ulamek	civ-bonuses.ts	mul_proc	0	0	false	CURRENT_RUNTIME_DATA	DEFAULT_VALUE	CURRENT_RUNTIME_DEFAULT	gra/data/civ-matrix.json#/cywilizacje[typCywilizacji=zulusi]/params/walka_obrona_kawaleria	LEGACY_DOC_PRESENT	docs/encyklopedia/cywilizacje/zulusi.md	UNWIRED		0		NOT_ACTIVE	not computed by current consumer; retain raw Normal data	not applicable until a consumer is wired and reviewed	gra/src/game/civ-matrix.ts:41-60,71-101 (loader/accessor only); no gameplay call-site found	false
zulusi	Zulusi	1	walka_obrona_rydwany	walka	ulamek	civ-bonuses.ts	mul_proc	0	0	false	CURRENT_RUNTIME_DATA	DEFAULT_VALUE	CURRENT_RUNTIME_DEFAULT	gra/data/civ-matrix.json#/cywilizacje[typCywilizacji=zulusi]/params/walka_obrona_rydwany	LEGACY_DOC_PRESENT	docs/encyklopedia/cywilizacje/zulusi.md	UNWIRED		0		NOT_ACTIVE	not computed by current consumer; retain raw Normal data	not applicable until a consumer is wired and reviewed	gra/src/game/civ-matrix.ts:41-60,71-101 (loader/accessor only); no gameplay call-site found	false
zulusi	Zulusi	1	walka_obrona_obleczenie	walka	ulamek	civ-bonuses.ts	mul_proc	0	0	false	CURRENT_RUNTIME_DATA	DEFAULT_VALUE	CURRENT_RUNTIME_DEFAULT	gra/data/civ-matrix.json#/cywilizacje[typCywilizacji=zulusi]/params/walka_obrona_obleczenie	LEGACY_DOC_PRESENT	docs/encyklopedia/cywilizacje/zulusi.md	UNWIRED		0		NOT_ACTIVE	not computed by current consumer; retain raw Normal data	not applicable until a consumer is wired and reviewed	gra/src/game/civ-matrix.ts:41-60,71-101 (loader/accessor only); no gameplay call-site found	false
zulusi	Zulusi	1	walka_obrona_morska	walka	ulamek	civ-bonuses.ts	mul_proc	0	0	false	CURRENT_RUNTIME_DATA	DEFAULT_VALUE	CURRENT_RUNTIME_DEFAULT	gra/data/civ-matrix.json#/cywilizacje[typCywilizacji=zulusi]/params/walka_obrona_morska	LEGACY_DOC_PRESENT	docs/encyklopedia/cywilizacje/zulusi.md	UNWIRED		0		NOT_ACTIVE	not computed by current consumer; retain raw Normal data	not applicable until a consumer is wired and reviewed	gra/src/game/civ-matrix.ts:41-60,71-101 (loader/accessor only); no gameplay call-site found	false
zulusi	Zulusi	1	walka_pancerz_piechota	walka	ulamek	civ-bonuses.ts	mul_proc	0	0	false	CURRENT_RUNTIME_DATA	DEFAULT_VALUE	CURRENT_RUNTIME_DEFAULT	gra/data/civ-matrix.json#/cywilizacje[typCywilizacji=zulusi]/params/walka_pancerz_piechota	LEGACY_DOC_PRESENT	docs/encyklopedia/cywilizacje/zulusi.md	DEAD_UNWIRED		0		NOT_ACTIVE	not computed by current consumer; retain raw Normal data	not applicable until a consumer is wired and reviewed	gra/src/game/civ-matrix.ts:41-60,71-101 (loader/accessor only); no gameplay call-site found	false
zulusi	Zulusi	1	walka_pancerz_lukownicy	walka	ulamek	civ-bonuses.ts	mul_proc	0	0	false	CURRENT_RUNTIME_DATA	DEFAULT_VALUE	CURRENT_RUNTIME_DEFAULT	gra/data/civ-matrix.json#/cywilizacje[typCywilizacji=zulusi]/params/walka_pancerz_lukownicy	LEGACY_DOC_PRESENT	docs/encyklopedia/cywilizacje/zulusi.md	UNWIRED		0		NOT_ACTIVE	not computed by current consumer; retain raw Normal data	not applicable until a consumer is wired and reviewed	gra/src/game/civ-matrix.ts:41-60,71-101 (loader/accessor only); no gameplay call-site found	false
zulusi	Zulusi	1	walka_pancerz_kawaleria	walka	ulamek	civ-bonuses.ts	mul_proc	0	0	false	CURRENT_RUNTIME_DATA	DEFAULT_VALUE	CURRENT_RUNTIME_DEFAULT	gra/data/civ-matrix.json#/cywilizacje[typCywilizacji=zulusi]/params/walka_pancerz_kawaleria	LEGACY_DOC_PRESENT	docs/encyklopedia/cywilizacje/zulusi.md	UNWIRED		0		NOT_ACTIVE	not computed by current consumer; retain raw Normal data	not applicable until a consumer is wired and reviewed	gra/src/game/civ-matrix.ts:41-60,71-101 (loader/accessor only); no gameplay call-site found	false
zulusi	Zulusi	1	walka_pancerz_rydwany	walka	ulamek	civ-bonuses.ts	mul_proc	0	0	false	CURRENT_RUNTIME_DATA	DEFAULT_VALUE	CURRENT_RUNTIME_DEFAULT	gra/data/civ-matrix.json#/cywilizacje[typCywilizacji=zulusi]/params/walka_pancerz_rydwany	LEGACY_DOC_PRESENT	docs/encyklopedia/cywilizacje/zulusi.md	UNWIRED		0		NOT_ACTIVE	not computed by current consumer; retain raw Normal data	not applicable until a consumer is wired and reviewed	gra/src/game/civ-matrix.ts:41-60,71-101 (loader/accessor only); no gameplay call-site found	false
zulusi	Zulusi	1	walka_uderzenie_piechota	walka	ulamek	civ-bonuses.ts	mul_proc	0	0	false	CURRENT_RUNTIME_DATA	DEFAULT_VALUE	CURRENT_RUNTIME_DEFAULT	gra/data/civ-matrix.json#/cywilizacje[typCywilizacji=zulusi]/params/walka_uderzenie_piechota	LEGACY_DOC_PRESENT	docs/encyklopedia/cywilizacje/zulusi.md	DEAD_UNWIRED		0		NOT_ACTIVE	not computed by current consumer; retain raw Normal data	not applicable until a consumer is wired and reviewed	gra/src/game/civ-matrix.ts:41-60,71-101 (loader/accessor only); no gameplay call-site found	false
zulusi	Zulusi	1	walka_uderzenie_kawaleria	walka	ulamek	civ-bonuses.ts	mul_proc	0	0	false	CURRENT_RUNTIME_DATA	DEFAULT_VALUE	CURRENT_RUNTIME_DEFAULT	gra/data/civ-matrix.json#/cywilizacje[typCywilizacji=zulusi]/params/walka_uderzenie_kawaleria	LEGACY_DOC_PRESENT	docs/encyklopedia/cywilizacje/zulusi.md	DEAD_UNWIRED		0		NOT_ACTIVE	not computed by current consumer; retain raw Normal data	not applicable until a consumer is wired and reviewed	gra/src/game/civ-matrix.ts:41-60,71-101 (loader/accessor only); no gameplay call-site found	false
zulusi	Zulusi	1	walka_uderzenie_rydwany	walka	ulamek	civ-bonuses.ts	mul_proc	0	0	false	CURRENT_RUNTIME_DATA	DEFAULT_VALUE	CURRENT_RUNTIME_DEFAULT	gra/data/civ-matrix.json#/cywilizacje[typCywilizacji=zulusi]/params/walka_uderzenie_rydwany	LEGACY_DOC_PRESENT	docs/encyklopedia/cywilizacje/zulusi.md	UNWIRED		0		NOT_ACTIVE	not computed by current consumer; retain raw Normal data	not applicable until a consumer is wired and reviewed	gra/src/game/civ-matrix.ts:41-60,71-101 (loader/accessor only); no gameplay call-site found	false
zulusi	Zulusi	1	walka_dystans_lukownicy	walka	ulamek	civ-bonuses.ts	mul_proc	-0.1	0	true	CURRENT_RUNTIME_DATA	NON_DEFAULT_OVERRIDE	CURRENT_RUNTIME_DATA	gra/data/civ-matrix.json#/cywilizacje[typCywilizacji=zulusi]/params/walka_dystans_lukownicy	LEGACY_DOC_PRESENT	docs/encyklopedia/cywilizacje/zulusi.md	DEAD_UNWIRED		-0.1		NOT_ACTIVE	not computed by current consumer; retain raw Normal data	not applicable until a consumer is wired and reviewed	gra/src/game/civ-matrix.ts:41-60,71-101 (loader/accessor only); no gameplay call-site found	false
zulusi	Zulusi	1	walka_dystans_rydwany	walka	ulamek	civ-bonuses.ts	mul_proc	0	0	false	CURRENT_RUNTIME_DATA	DEFAULT_VALUE	CURRENT_RUNTIME_DEFAULT	gra/data/civ-matrix.json#/cywilizacje[typCywilizacji=zulusi]/params/walka_dystans_rydwany	LEGACY_DOC_PRESENT	docs/encyklopedia/cywilizacje/zulusi.md	UNWIRED		0		NOT_ACTIVE	not computed by current consumer; retain raw Normal data	not applicable until a consumer is wired and reviewed	gra/src/game/civ-matrix.ts:41-60,71-101 (loader/accessor only); no gameplay call-site found	false
zulusi	Zulusi	1	walka_hp_piechota	walka	ulamek	civ-bonuses.ts	mul_proc	0	0	false	CURRENT_RUNTIME_DATA	DEFAULT_VALUE	CURRENT_RUNTIME_DEFAULT	gra/data/civ-matrix.json#/cywilizacje[typCywilizacji=zulusi]/params/walka_hp_piechota	LEGACY_DOC_PRESENT	docs/encyklopedia/cywilizacje/zulusi.md	DEAD_UNWIRED		0		NOT_ACTIVE	not computed by current consumer; retain raw Normal data	not applicable until a consumer is wired and reviewed	gra/src/game/civ-matrix.ts:41-60,71-101 (loader/accessor only); no gameplay call-site found	false
zulusi	Zulusi	1	walka_hp_kawaleria	walka	ulamek	civ-bonuses.ts	mul_proc	0	0	false	CURRENT_RUNTIME_DATA	DEFAULT_VALUE	CURRENT_RUNTIME_DEFAULT	gra/data/civ-matrix.json#/cywilizacje[typCywilizacji=zulusi]/params/walka_hp_kawaleria	LEGACY_DOC_PRESENT	docs/encyklopedia/cywilizacje/zulusi.md	UNWIRED		0		NOT_ACTIVE	not computed by current consumer; retain raw Normal data	not applicable until a consumer is wired and reviewed	gra/src/game/civ-matrix.ts:41-60,71-101 (loader/accessor only); no gameplay call-site found	false
zulusi	Zulusi	1	walka_hp_rydwany	walka	ulamek	civ-bonuses.ts	mul_proc	0	0	false	CURRENT_RUNTIME_DATA	DEFAULT_VALUE	CURRENT_RUNTIME_DEFAULT	gra/data/civ-matrix.json#/cywilizacje[typCywilizacji=zulusi]/params/walka_hp_rydwany	LEGACY_DOC_PRESENT	docs/encyklopedia/cywilizacje/zulusi.md	DEAD_UNWIRED		0		NOT_ACTIVE	not computed by current consumer; retain raw Normal data	not applicable until a consumer is wired and reviewed	gra/src/game/civ-matrix.ts:41-60,71-101 (loader/accessor only); no gameplay call-site found	false
zulusi	Zulusi	1	walka_ruch_bitwa_proc	walka	ulamek	civ-bonuses.ts	mul_proc	0.2	0	true	CURRENT_RUNTIME_DATA	NON_DEFAULT_OVERRIDE	CURRENT_RUNTIME_DATA	gra/data/civ-matrix.json#/cywilizacje[typCywilizacji=zulusi]/params/walka_ruch_bitwa_proc	LEGACY_DOC_PRESENT	docs/encyklopedia/cywilizacje/zulusi.md	DEAD_UNWIRED		0.2		NOT_ACTIVE	not computed by current consumer; retain raw Normal data	not applicable until a consumer is wired and reviewed	gra/src/game/civ-matrix.ts:41-60,71-101 (loader/accessor only); no gameplay call-site found	false
zulusi	Zulusi	1	walka_zasieg_proc	walka	ulamek	civ-bonuses.ts	mul_proc	0	0	false	CURRENT_RUNTIME_DATA	DEFAULT_VALUE	CURRENT_RUNTIME_DEFAULT	gra/data/civ-matrix.json#/cywilizacje[typCywilizacji=zulusi]/params/walka_zasieg_proc	LEGACY_DOC_PRESENT	docs/encyklopedia/cywilizacje/zulusi.md	UNWIRED		0		NOT_ACTIVE	not computed by current consumer; retain raw Normal data	not applicable until a consumer is wired and reviewed	gra/src/game/civ-matrix.ts:41-60,71-101 (loader/accessor only); no gameplay call-site found	false
zulusi	Zulusi	1	walka_oblezenie_proc	walka	ulamek	civ-bonuses.ts	mul_proc	0	0	false	CURRENT_RUNTIME_DATA	DEFAULT_VALUE	CURRENT_RUNTIME_DEFAULT	gra/data/civ-matrix.json#/cywilizacje[typCywilizacji=zulusi]/params/walka_oblezenie_proc	LEGACY_DOC_PRESENT	docs/encyklopedia/cywilizacje/zulusi.md	UNWIRED		0		NOT_ACTIVE	not computed by current consumer; retain raw Normal data	not applicable until a consumer is wired and reviewed	gra/src/game/civ-matrix.ts:41-60,71-101 (loader/accessor only); no gameplay call-site found	false
zulusi	Zulusi	1	walka_koszt_rekrutacji_proc	walka	ulamek	production.ts	mul_proc	0.1	0	true	CURRENT_RUNTIME_DATA	NON_DEFAULT_OVERRIDE	CURRENT_RUNTIME_DATA	gra/data/civ-matrix.json#/cywilizacje[typCywilizacji=zulusi]/params/walka_koszt_rekrutacji_proc	LEGACY_DOC_PRESENT	docs/encyklopedia/cywilizacje/zulusi.md	DEAD_UNWIRED		0.1		NOT_ACTIVE	not computed by current consumer; retain raw Normal data	not applicable until a consumer is wired and reviewed	gra/src/game/civ-matrix.ts:41-60,71-101 (loader/accessor only); no gameplay call-site found	false
zulusi	Zulusi	1	walka_atak_piechota_teren_las	walka	ulamek	civ-bonuses.ts	mul_proc	0	0	false	CURRENT_RUNTIME_DATA	DEFAULT_VALUE	CURRENT_RUNTIME_DEFAULT	gra/data/civ-matrix.json#/cywilizacje[typCywilizacji=zulusi]/params/walka_atak_piechota_teren_las	LEGACY_DOC_PRESENT	docs/encyklopedia/cywilizacje/zulusi.md	DEAD_UNWIRED		0		NOT_ACTIVE	not computed by current consumer; retain raw Normal data	not applicable until a consumer is wired and reviewed	gra/src/game/civ-matrix.ts:41-60,71-101 (loader/accessor only); no gameplay call-site found	false
zulusi	Zulusi	1	walka_obrona_piechota_teren_las	walka	ulamek	civ-bonuses.ts	mul_proc	0	0	false	CURRENT_RUNTIME_DATA	DEFAULT_VALUE	CURRENT_RUNTIME_DEFAULT	gra/data/civ-matrix.json#/cywilizacje[typCywilizacji=zulusi]/params/walka_obrona_piechota_teren_las	LEGACY_DOC_PRESENT	docs/encyklopedia/cywilizacje/zulusi.md	UNWIRED		0		NOT_ACTIVE	not computed by current consumer; retain raw Normal data	not applicable until a consumer is wired and reviewed	gra/src/game/civ-matrix.ts:41-60,71-101 (loader/accessor only); no gameplay call-site found	false
zulusi	Zulusi	1	walka_atak_piechota_terytorium_wlasne	walka	ulamek	civ-bonuses.ts	mul_proc	0	0	false	CURRENT_RUNTIME_DATA	DEFAULT_VALUE	CURRENT_RUNTIME_DEFAULT	gra/data/civ-matrix.json#/cywilizacje[typCywilizacji=zulusi]/params/walka_atak_piechota_terytorium_wlasne	LEGACY_DOC_PRESENT	docs/encyklopedia/cywilizacje/zulusi.md	UNWIRED		0		NOT_ACTIVE	not computed by current consumer; retain raw Normal data	not applicable until a consumer is wired and reviewed	gra/src/game/civ-matrix.ts:41-60,71-101 (loader/accessor only); no gameplay call-site found	false
zulusi	Zulusi	1	walka_obrona_piechota_terytorium_wlasne	walka	ulamek	civ-bonuses.ts	mul_proc	0	0	false	CURRENT_RUNTIME_DATA	DEFAULT_VALUE	CURRENT_RUNTIME_DEFAULT	gra/data/civ-matrix.json#/cywilizacje[typCywilizacji=zulusi]/params/walka_obrona_piechota_terytorium_wlasne	LEGACY_DOC_PRESENT	docs/encyklopedia/cywilizacje/zulusi.md	DEAD_UNWIRED		0		NOT_ACTIVE	not computed by current consumer; retain raw Normal data	not applicable until a consumer is wired and reviewed	gra/src/game/civ-matrix.ts:41-60,71-101 (loader/accessor only); no gameplay call-site found	false
zulusi	Zulusi	1	walka_atak_piechota_w_murze	walka	ulamek	civ-bonuses.ts	mul_proc	0	0	false	CURRENT_RUNTIME_DATA	DEFAULT_VALUE	CURRENT_RUNTIME_DEFAULT	gra/data/civ-matrix.json#/cywilizacje[typCywilizacji=zulusi]/params/walka_atak_piechota_w_murze	LEGACY_DOC_PRESENT	docs/encyklopedia/cywilizacje/zulusi.md	UNWIRED		0		NOT_ACTIVE	not computed by current consumer; retain raw Normal data	not applicable until a consumer is wired and reviewed	gra/src/game/civ-matrix.ts:41-60,71-101 (loader/accessor only); no gameplay call-site found	false
zulusi	Zulusi	1	walka_obrona_piechota_w_murze	walka	ulamek	civ-bonuses.ts	mul_proc	0	0	false	CURRENT_RUNTIME_DATA	DEFAULT_VALUE	CURRENT_RUNTIME_DEFAULT	gra/data/civ-matrix.json#/cywilizacje[typCywilizacji=zulusi]/params/walka_obrona_piechota_w_murze	LEGACY_DOC_PRESENT	docs/encyklopedia/cywilizacje/zulusi.md	DEAD_UNWIRED		0		NOT_ACTIVE	not computed by current consumer; retain raw Normal data	not applicable until a consumer is wired and reviewed	gra/src/game/civ-matrix.ts:41-60,71-101 (loader/accessor only); no gameplay call-site found	false
zulusi	Zulusi	1	walka_atak_piechota_runda_szarzy	walka	ulamek	civ-bonuses.ts	mul_proc	0	0	false	CURRENT_RUNTIME_DATA	DEFAULT_VALUE	CURRENT_RUNTIME_DEFAULT	gra/data/civ-matrix.json#/cywilizacje[typCywilizacji=zulusi]/params/walka_atak_piechota_runda_szarzy	LEGACY_DOC_PRESENT	docs/encyklopedia/cywilizacje/zulusi.md	DEAD_UNWIRED		0		NOT_ACTIVE	not computed by current consumer; retain raw Normal data	not applicable until a consumer is wired and reviewed	gra/src/game/civ-matrix.ts:41-60,71-101 (loader/accessor only); no gameplay call-site found	false
zulusi	Zulusi	1	walka_obrona_piechota_runda_szarzy	walka	ulamek	civ-bonuses.ts	mul_proc	0	0	false	CURRENT_RUNTIME_DATA	DEFAULT_VALUE	CURRENT_RUNTIME_DEFAULT	gra/data/civ-matrix.json#/cywilizacje[typCywilizacji=zulusi]/params/walka_obrona_piechota_runda_szarzy	LEGACY_DOC_PRESENT	docs/encyklopedia/cywilizacje/zulusi.md	UNWIRED		0		NOT_ACTIVE	not computed by current consumer; retain raw Normal data	not applicable until a consumer is wired and reviewed	gra/src/game/civ-matrix.ts:41-60,71-101 (loader/accessor only); no gameplay call-site found	false
zulusi	Zulusi	1	walka_atak_piechota_teren_plytkie_morze	walka	ulamek	civ-bonuses.ts	mul_proc	0	0	false	CURRENT_RUNTIME_DATA	DEFAULT_VALUE	CURRENT_RUNTIME_DEFAULT	gra/data/civ-matrix.json#/cywilizacje[typCywilizacji=zulusi]/params/walka_atak_piechota_teren_plytkie_morze	LEGACY_DOC_PRESENT	docs/encyklopedia/cywilizacje/zulusi.md	UNWIRED		0		NOT_ACTIVE	not computed by current consumer; retain raw Normal data	not applicable until a consumer is wired and reviewed	gra/src/game/civ-matrix.ts:41-60,71-101 (loader/accessor only); no gameplay call-site found	false
zulusi	Zulusi	1	walka_obrona_piechota_teren_plytkie_morze	walka	ulamek	civ-bonuses.ts	mul_proc	0	0	false	CURRENT_RUNTIME_DATA	DEFAULT_VALUE	CURRENT_RUNTIME_DEFAULT	gra/data/civ-matrix.json#/cywilizacje[typCywilizacji=zulusi]/params/walka_obrona_piechota_teren_plytkie_morze	LEGACY_DOC_PRESENT	docs/encyklopedia/cywilizacje/zulusi.md	UNWIRED		0		NOT_ACTIVE	not computed by current consumer; retain raw Normal data	not applicable until a consumer is wired and reviewed	gra/src/game/civ-matrix.ts:41-60,71-101 (loader/accessor only); no gameplay call-site found	false
zulusi	Zulusi	1	spec_Atak	jednostka_spec	absolut	units.json+combat.ts	stat_abs	3	0	true	CURRENT_RUNTIME_DATA	NON_DEFAULT_OVERRIDE	CURRENT_RUNTIME_DATA	gra/data/civ-matrix.json#/cywilizacje[typCywilizacji=zulusi]/params/spec_Atak	LEGACY_DOC_PRESENT	docs/encyklopedia/cywilizacje/zulusi.md	DEAD_UNWIRED		3		NOT_ACTIVE	not computed by current consumer; retain raw Normal data	not applicable until a consumer is wired and reviewed	gra/src/game/civ-matrix.ts:41-60,71-101 (loader/accessor only); no gameplay call-site found	false
zulusi	Zulusi	1	spec_Obrazenia	jednostka_spec	absolut	units.json+combat.ts	stat_abs	0	0	false	CURRENT_RUNTIME_DATA	DEFAULT_VALUE	CURRENT_RUNTIME_DEFAULT	gra/data/civ-matrix.json#/cywilizacje[typCywilizacji=zulusi]/params/spec_Obrazenia	LEGACY_DOC_PRESENT	docs/encyklopedia/cywilizacje/zulusi.md	DEAD_UNWIRED		0		NOT_ACTIVE	not computed by current consumer; retain raw Normal data	not applicable until a consumer is wired and reviewed	gra/src/game/civ-matrix.ts:41-60,71-101 (loader/accessor only); no gameplay call-site found	false
zulusi	Zulusi	1	spec_Obrona	jednostka_spec	absolut	units.json+combat.ts	stat_abs	6	0	true	CURRENT_RUNTIME_DATA	NON_DEFAULT_OVERRIDE	CURRENT_RUNTIME_DATA	gra/data/civ-matrix.json#/cywilizacje[typCywilizacji=zulusi]/params/spec_Obrona	LEGACY_DOC_PRESENT	docs/encyklopedia/cywilizacje/zulusi.md	DEAD_UNWIRED		6		NOT_ACTIVE	not computed by current consumer; retain raw Normal data	not applicable until a consumer is wired and reviewed	gra/src/game/civ-matrix.ts:41-60,71-101 (loader/accessor only); no gameplay call-site found	false
zulusi	Zulusi	1	spec_Uderzenie	jednostka_spec	absolut	units.json+combat.ts	stat_abs	6	0	true	CURRENT_RUNTIME_DATA	NON_DEFAULT_OVERRIDE	CURRENT_RUNTIME_DATA	gra/data/civ-matrix.json#/cywilizacje[typCywilizacji=zulusi]/params/spec_Uderzenie	LEGACY_DOC_PRESENT	docs/encyklopedia/cywilizacje/zulusi.md	DEAD_UNWIRED		6		NOT_ACTIVE	not computed by current consumer; retain raw Normal data	not applicable until a consumer is wired and reviewed	gra/src/game/civ-matrix.ts:41-60,71-101 (loader/accessor only); no gameplay call-site found	false
zulusi	Zulusi	1	spec_Pancerz	jednostka_spec	absolut	units.json+combat.ts	stat_abs	4	0	true	CURRENT_RUNTIME_DATA	NON_DEFAULT_OVERRIDE	CURRENT_RUNTIME_DATA	gra/data/civ-matrix.json#/cywilizacje[typCywilizacji=zulusi]/params/spec_Pancerz	LEGACY_DOC_PRESENT	docs/encyklopedia/cywilizacje/zulusi.md	DEAD_UNWIRED		4		NOT_ACTIVE	not computed by current consumer; retain raw Normal data	not applicable until a consumer is wired and reviewed	gra/src/game/civ-matrix.ts:41-60,71-101 (loader/accessor only); no gameplay call-site found	false
zulusi	Zulusi	1	spec_Przebicie	jednostka_spec	absolut	units.json+combat.ts	stat_abs	2	0	true	CURRENT_RUNTIME_DATA	NON_DEFAULT_OVERRIDE	CURRENT_RUNTIME_DATA	gra/data/civ-matrix.json#/cywilizacje[typCywilizacji=zulusi]/params/spec_Przebicie	LEGACY_DOC_PRESENT	docs/encyklopedia/cywilizacje/zulusi.md	DEAD_UNWIRED		2		NOT_ACTIVE	not computed by current consumer; retain raw Normal data	not applicable until a consumer is wired and reviewed	gra/src/game/civ-matrix.ts:41-60,71-101 (loader/accessor only); no gameplay call-site found	false
zulusi	Zulusi	1	spec_Health	jednostka_spec	absolut	units.json+combat.ts	stat_abs	70	0	true	CURRENT_RUNTIME_DATA	NON_DEFAULT_OVERRIDE	CURRENT_RUNTIME_DATA	gra/data/civ-matrix.json#/cywilizacje[typCywilizacji=zulusi]/params/spec_Health	LEGACY_DOC_PRESENT	docs/encyklopedia/cywilizacje/zulusi.md	DEAD_UNWIRED		70		NOT_ACTIVE	not computed by current consumer; retain raw Normal data	not applicable until a consumer is wired and reviewed	gra/src/game/civ-matrix.ts:41-60,71-101 (loader/accessor only); no gameplay call-site found	false
zulusi	Zulusi	1	spec_Atak_dystansowy	jednostka_spec	absolut	units.json+combat.ts	stat_abs	0	0	false	CURRENT_RUNTIME_DATA	DEFAULT_VALUE	CURRENT_RUNTIME_DEFAULT	gra/data/civ-matrix.json#/cywilizacje[typCywilizacji=zulusi]/params/spec_Atak_dystansowy	LEGACY_DOC_PRESENT	docs/encyklopedia/cywilizacje/zulusi.md	DEAD_UNWIRED		0		NOT_ACTIVE	not computed by current consumer; retain raw Normal data	not applicable until a consumer is wired and reviewed	gra/src/game/civ-matrix.ts:41-60,71-101 (loader/accessor only); no gameplay call-site found	false
zulusi	Zulusi	1	spec_Zasieg_hex	jednostka_spec	absolut	units.json+combat.ts	stat_abs	0	0	false	CURRENT_RUNTIME_DATA	DEFAULT_VALUE	CURRENT_RUNTIME_DEFAULT	gra/data/civ-matrix.json#/cywilizacje[typCywilizacji=zulusi]/params/spec_Zasieg_hex	LEGACY_DOC_PRESENT	docs/encyklopedia/cywilizacje/zulusi.md	DEAD_UNWIRED		0		NOT_ACTIVE	not computed by current consumer; retain raw Normal data	not applicable until a consumer is wired and reviewed	gra/src/game/civ-matrix.ts:41-60,71-101 (loader/accessor only); no gameplay call-site found	false
zulusi	Zulusi	1	spec_Pociski	jednostka_spec	absolut	units.json+combat.ts	stat_abs	0	0	false	CURRENT_RUNTIME_DATA	DEFAULT_VALUE	CURRENT_RUNTIME_DEFAULT	gra/data/civ-matrix.json#/cywilizacje[typCywilizacji=zulusi]/params/spec_Pociski	LEGACY_DOC_PRESENT	docs/encyklopedia/cywilizacje/zulusi.md	DEAD_UNWIRED		0		NOT_ACTIVE	not computed by current consumer; retain raw Normal data	not applicable until a consumer is wired and reviewed	gra/src/game/civ-matrix.ts:41-60,71-101 (loader/accessor only); no gameplay call-site found	false
zulusi	Zulusi	1	spec_Ruch_bitwa	jednostka_spec	absolut	units.json+combat.ts	stat_abs	4	0	true	CURRENT_RUNTIME_DATA	NON_DEFAULT_OVERRIDE	CURRENT_RUNTIME_DATA	gra/data/civ-matrix.json#/cywilizacje[typCywilizacji=zulusi]/params/spec_Ruch_bitwa	LEGACY_DOC_PRESENT	docs/encyklopedia/cywilizacje/zulusi.md	DEAD_UNWIRED		4		NOT_ACTIVE	not computed by current consumer; retain raw Normal data	not applicable until a consumer is wired and reviewed	gra/src/game/civ-matrix.ts:41-60,71-101 (loader/accessor only); no gameplay call-site found	false
zulusi	Zulusi	1	spec_Ruch_mapa	jednostka_spec	absolut	units.json+combat.ts	stat_abs	4	0	true	CURRENT_RUNTIME_DATA	NON_DEFAULT_OVERRIDE	CURRENT_RUNTIME_DATA	gra/data/civ-matrix.json#/cywilizacje[typCywilizacji=zulusi]/params/spec_Ruch_mapa	LEGACY_DOC_PRESENT	docs/encyklopedia/cywilizacje/zulusi.md	DEAD_UNWIRED		4		NOT_ACTIVE	not computed by current consumer; retain raw Normal data	not applicable until a consumer is wired and reviewed	gra/src/game/civ-matrix.ts:41-60,71-101 (loader/accessor only); no gameplay call-site found	false
zulusi	Zulusi	1	spec_Widok	jednostka_spec	absolut	units.json+combat.ts	stat_abs	4	0	true	CURRENT_RUNTIME_DATA	NON_DEFAULT_OVERRIDE	CURRENT_RUNTIME_DATA	gra/data/civ-matrix.json#/cywilizacje[typCywilizacji=zulusi]/params/spec_Widok	LEGACY_DOC_PRESENT	docs/encyklopedia/cywilizacje/zulusi.md	DEAD_UNWIRED		4		NOT_ACTIVE	not computed by current consumer; retain raw Normal data	not applicable until a consumer is wired and reviewed	gra/src/game/civ-matrix.ts:41-60,71-101 (loader/accessor only); no gameplay call-site found	false
zulusi	Zulusi	1	spec_Dezercja_proc	jednostka_spec	absolut	units.json+combat.ts	stat_abs	0.15	0	true	CURRENT_RUNTIME_DATA	NON_DEFAULT_OVERRIDE	CURRENT_RUNTIME_DATA	gra/data/civ-matrix.json#/cywilizacje[typCywilizacji=zulusi]/params/spec_Dezercja_proc	LEGACY_DOC_PRESENT	docs/encyklopedia/cywilizacje/zulusi.md	DEAD_UNWIRED		0.15		NOT_ACTIVE	not computed by current consumer; retain raw Normal data	not applicable until a consumer is wired and reviewed	gra/src/game/civ-matrix.ts:41-60,71-101 (loader/accessor only); no gameplay call-site found	false
zulusi	Zulusi	1	spec_Morale	jednostka_spec	absolut	units.json+combat.ts	stat_abs	100	0	true	CURRENT_RUNTIME_DATA	NON_DEFAULT_OVERRIDE	CURRENT_RUNTIME_DATA	gra/data/civ-matrix.json#/cywilizacje[typCywilizacji=zulusi]/params/spec_Morale	LEGACY_DOC_PRESENT	docs/encyklopedia/cywilizacje/zulusi.md	DEAD_UNWIRED		100		NOT_ACTIVE	not computed by current consumer; retain raw Normal data	not applicable until a consumer is wired and reviewed	gra/src/game/civ-matrix.ts:41-60,71-101 (loader/accessor only); no gameplay call-site found	false
zulusi	Zulusi	1	spec_Koszt_pieniadz	jednostka_spec	absolut	units.json+combat.ts	stat_abs	16	0	true	CURRENT_RUNTIME_DATA	NON_DEFAULT_OVERRIDE	CURRENT_RUNTIME_DATA	gra/data/civ-matrix.json#/cywilizacje[typCywilizacji=zulusi]/params/spec_Koszt_pieniadz	LEGACY_DOC_PRESENT	docs/encyklopedia/cywilizacje/zulusi.md	DEAD_UNWIRED		16		NOT_ACTIVE	not computed by current consumer; retain raw Normal data	not applicable until a consumer is wired and reviewed	gra/src/game/civ-matrix.ts:41-60,71-101 (loader/accessor only); no gameplay call-site found	false
zulusi	Zulusi	1	spec_Utrzymanie	jednostka_spec	absolut	units.json+combat.ts	stat_abs	2	0	true	CURRENT_RUNTIME_DATA	NON_DEFAULT_OVERRIDE	CURRENT_RUNTIME_DATA	gra/data/civ-matrix.json#/cywilizacje[typCywilizacji=zulusi]/params/spec_Utrzymanie	LEGACY_DOC_PRESENT	docs/encyklopedia/cywilizacje/zulusi.md	DEAD_UNWIRED		2		NOT_ACTIVE	not computed by current consumer; retain raw Normal data	not applicable until a consumer is wired and reviewed	gra/src/game/civ-matrix.ts:41-60,71-101 (loader/accessor only); no gameplay call-site found	false
zulusi	Zulusi	1	spec_Zywnosc_ture	jednostka_spec	absolut	units.json+combat.ts	stat_abs	1	0	true	CURRENT_RUNTIME_DATA	NON_DEFAULT_OVERRIDE	CURRENT_RUNTIME_DATA	gra/data/civ-matrix.json#/cywilizacje[typCywilizacji=zulusi]/params/spec_Zywnosc_ture	LEGACY_DOC_PRESENT	docs/encyklopedia/cywilizacje/zulusi.md	DEAD_UNWIRED		1		NOT_ACTIVE	not computed by current consumer; retain raw Normal data	not applicable until a consumer is wired and reviewed	gra/src/game/civ-matrix.ts:41-60,71-101 (loader/accessor only); no gameplay call-site found	false
zulusi	Zulusi	1	eko_praca_proc	ekonomia	ulamek	economy.ts	mul_proc	-0.03	0	true	CURRENT_RUNTIME_DATA	NON_DEFAULT_OVERRIDE	CURRENT_RUNTIME_DATA	gra/data/civ-matrix.json#/cywilizacje[typCywilizacji=zulusi]/params/eko_praca_proc	LEGACY_DOC_PRESENT	docs/encyklopedia/cywilizacje/zulusi.md	DEAD_UNWIRED		-0.03		NOT_ACTIVE	not computed by current consumer; retain raw Normal data	not applicable until a consumer is wired and reviewed	gra/src/game/civ-matrix.ts:41-60,71-101 (loader/accessor only); no gameplay call-site found	false
zulusi	Zulusi	1	eko_pieniadz_proc	ekonomia	ulamek	economy.ts	mul_proc	0	0	false	CURRENT_RUNTIME_DATA	DEFAULT_VALUE	CURRENT_RUNTIME_DEFAULT	gra/data/civ-matrix.json#/cywilizacje[typCywilizacji=zulusi]/params/eko_pieniadz_proc	LEGACY_DOC_PRESENT	docs/encyklopedia/cywilizacje/zulusi.md	DEAD_UNWIRED		0		NOT_ACTIVE	not computed by current consumer; retain raw Normal data	not applicable until a consumer is wired and reviewed	gra/src/game/civ-matrix.ts:41-60,71-101 (loader/accessor only); no gameplay call-site found	false
zulusi	Zulusi	1	eko_pieniadz_port_proc	ekonomia	ulamek	economy.ts	mul_proc	0	0	false	CURRENT_RUNTIME_DATA	DEFAULT_VALUE	CURRENT_RUNTIME_DEFAULT	gra/data/civ-matrix.json#/cywilizacje[typCywilizacji=zulusi]/params/eko_pieniadz_port_proc	LEGACY_DOC_PRESENT	docs/encyklopedia/cywilizacje/zulusi.md	DEAD_UNWIRED		0		NOT_ACTIVE	not computed by current consumer; retain raw Normal data	not applicable until a consumer is wired and reviewed	gra/src/game/civ-matrix.ts:41-60,71-101 (loader/accessor only); no gameplay call-site found	false
zulusi	Zulusi	1	eko_zywnosc_proc	ekonomia	ulamek	economy.ts	mul_proc	0	0	false	CURRENT_RUNTIME_DATA	DEFAULT_VALUE	CURRENT_RUNTIME_DEFAULT	gra/data/civ-matrix.json#/cywilizacje[typCywilizacji=zulusi]/params/eko_zywnosc_proc	LEGACY_DOC_PRESENT	docs/encyklopedia/cywilizacje/zulusi.md	UNWIRED		0		NOT_ACTIVE	not computed by current consumer; retain raw Normal data	not applicable until a consumer is wired and reviewed	gra/src/game/civ-matrix.ts:41-60,71-101 (loader/accessor only); no gameplay call-site found	false
zulusi	Zulusi	1	eko_nauka_proc	ekonomia	ulamek	economy.ts	mul_proc	0	0	false	CURRENT_RUNTIME_DATA	DEFAULT_VALUE	CURRENT_RUNTIME_DEFAULT	gra/data/civ-matrix.json#/cywilizacje[typCywilizacji=zulusi]/params/eko_nauka_proc	LEGACY_DOC_PRESENT	docs/encyklopedia/cywilizacje/zulusi.md	DEAD_UNWIRED		0		NOT_ACTIVE	not computed by current consumer; retain raw Normal data	not applicable until a consumer is wired and reviewed	gra/src/game/civ-matrix.ts:41-60,71-101 (loader/accessor only); no gameplay call-site found	false
zulusi	Zulusi	1	eko_kultura_proc	ekonomia	ulamek	economy.ts	mul_proc	0	0	false	CURRENT_RUNTIME_DATA	DEFAULT_VALUE	CURRENT_RUNTIME_DEFAULT	gra/data/civ-matrix.json#/cywilizacje[typCywilizacji=zulusi]/params/eko_kultura_proc	LEGACY_DOC_PRESENT	docs/encyklopedia/cywilizacje/zulusi.md	UNWIRED		0		NOT_ACTIVE	not computed by current consumer; retain raw Normal data	not applicable until a consumer is wired and reviewed	gra/src/game/civ-matrix.ts:41-60,71-101 (loader/accessor only); no gameplay call-site found	false
zulusi	Zulusi	1	eko_luksus_proc	ekonomia	ulamek	economy.ts	mul_proc	0	0	false	CURRENT_RUNTIME_DATA	DEFAULT_VALUE	CURRENT_RUNTIME_DEFAULT	gra/data/civ-matrix.json#/cywilizacje[typCywilizacji=zulusi]/params/eko_luksus_proc	LEGACY_DOC_PRESENT	docs/encyklopedia/cywilizacje/zulusi.md	UNWIRED		0		NOT_ACTIVE	not computed by current consumer; retain raw Normal data	not applicable until a consumer is wired and reviewed	gra/src/game/civ-matrix.ts:41-60,71-101 (loader/accessor only); no gameplay call-site found	false
zulusi	Zulusi	1	eko_zadowolenie_proc	ekonomia	ulamek	economy.ts	mul_proc	0	0	false	CURRENT_RUNTIME_DATA	DEFAULT_VALUE	CURRENT_RUNTIME_DEFAULT	gra/data/civ-matrix.json#/cywilizacje[typCywilizacji=zulusi]/params/eko_zadowolenie_proc	LEGACY_DOC_PRESENT	docs/encyklopedia/cywilizacje/zulusi.md	UNWIRED		0		NOT_ACTIVE	not computed by current consumer; retain raw Normal data	not applicable until a consumer is wired and reviewed	gra/src/game/civ-matrix.ts:41-60,71-101 (loader/accessor only); no gameplay call-site found	false
zulusi	Zulusi	1	eko_handel_brutto_proc	ekonomia	ulamek	economy.ts	mul_proc	0	0	false	CURRENT_RUNTIME_DATA	DEFAULT_VALUE	CURRENT_RUNTIME_DEFAULT	gra/data/civ-matrix.json#/cywilizacje[typCywilizacji=zulusi]/params/eko_handel_brutto_proc	LEGACY_DOC_PRESENT	docs/encyklopedia/cywilizacje/zulusi.md	DEAD_UNWIRED		0		NOT_ACTIVE	not computed by current consumer; retain raw Normal data	not applicable until a consumer is wired and reviewed	gra/src/game/civ-matrix.ts:41-60,71-101 (loader/accessor only); no gameplay call-site found	false
zulusi	Zulusi	1	eko_korupcja_proc	ekonomia	ulamek	economy.ts	mul_proc	0	0	false	CURRENT_RUNTIME_DATA	DEFAULT_VALUE	CURRENT_RUNTIME_DEFAULT	gra/data/civ-matrix.json#/cywilizacje[typCywilizacji=zulusi]/params/eko_korupcja_proc	LEGACY_DOC_PRESENT	docs/encyklopedia/cywilizacje/zulusi.md	UNWIRED		0		NOT_ACTIVE	not computed by current consumer; retain raw Normal data	not applicable until a consumer is wired and reviewed	gra/src/game/civ-matrix.ts:41-60,71-101 (loader/accessor only); no gameplay call-site found	false
zulusi	Zulusi	1	prod_koszt_budynku_proc	produkcja	ulamek	civ-bonuses.ts	mul_proc	0	0	false	CURRENT_RUNTIME_DATA	DEFAULT_VALUE	CURRENT_RUNTIME_DEFAULT	gra/data/civ-matrix.json#/cywilizacje[typCywilizacji=zulusi]/params/prod_koszt_budynku_proc	LEGACY_DOC_PRESENT	docs/encyklopedia/cywilizacje/zulusi.md	DEAD_UNWIRED		0		NOT_ACTIVE	not computed by current consumer; retain raw Normal data	not applicable until a consumer is wired and reviewed	gra/src/game/civ-matrix.ts:41-60,71-101 (loader/accessor only); no gameplay call-site found	false
zulusi	Zulusi	1	prod_koszt_jednostki_proc	produkcja	ulamek	production.ts	mul_proc	0.1	0	true	CURRENT_RUNTIME_DATA	NON_DEFAULT_OVERRIDE	CURRENT_RUNTIME_DATA	gra/data/civ-matrix.json#/cywilizacje[typCywilizacji=zulusi]/params/prod_koszt_jednostki_proc	LEGACY_DOC_PRESENT	docs/encyklopedia/cywilizacje/zulusi.md	DEAD_UNWIRED		0.1		NOT_ACTIVE	not computed by current consumer; retain raw Normal data	not applicable until a consumer is wired and reviewed	gra/src/game/civ-matrix.ts:41-60,71-101 (loader/accessor only); no gameplay call-site found	false
zulusi	Zulusi	1	prod_szybkosc_budynku_proc	produkcja	ulamek	production.ts	mul_proc	0	0	false	CURRENT_RUNTIME_DATA	DEFAULT_VALUE	CURRENT_RUNTIME_DEFAULT	gra/data/civ-matrix.json#/cywilizacje[typCywilizacji=zulusi]/params/prod_szybkosc_budynku_proc	LEGACY_DOC_PRESENT	docs/encyklopedia/cywilizacje/zulusi.md	UNWIRED		0		NOT_ACTIVE	not computed by current consumer; retain raw Normal data	not applicable until a consumer is wired and reviewed	gra/src/game/civ-matrix.ts:41-60,71-101 (loader/accessor only); no gameplay call-site found	false
zulusi	Zulusi	1	prod_szybkosc_jednostki_proc	produkcja	ulamek	production.ts	mul_proc	0	0	false	CURRENT_RUNTIME_DATA	DEFAULT_VALUE	CURRENT_RUNTIME_DEFAULT	gra/data/civ-matrix.json#/cywilizacje[typCywilizacji=zulusi]/params/prod_szybkosc_jednostki_proc	LEGACY_DOC_PRESENT	docs/encyklopedia/cywilizacje/zulusi.md	UNWIRED		0		NOT_ACTIVE	not computed by current consumer; retain raw Normal data	not applicable until a consumer is wired and reviewed	gra/src/game/civ-matrix.ts:41-60,71-101 (loader/accessor only); no gameplay call-site found	false
zulusi	Zulusi	1	prod_rush_koszt_proc	produkcja	ulamek	production.ts	mul_proc	0	0	false	CURRENT_RUNTIME_DATA	DEFAULT_VALUE	CURRENT_RUNTIME_DEFAULT	gra/data/civ-matrix.json#/cywilizacje[typCywilizacji=zulusi]/params/prod_rush_koszt_proc	LEGACY_DOC_PRESENT	docs/encyklopedia/cywilizacje/zulusi.md	UNWIRED		0		NOT_ACTIVE	not computed by current consumer; retain raw Normal data	not applicable until a consumer is wired and reviewed	gra/src/game/civ-matrix.ts:41-60,71-101 (loader/accessor only); no gameplay call-site found	false
zulusi	Zulusi	1	lud_wzrost_proc	ludnosc	ulamek	economy.ts	mul_proc	-0.05	0	true	CURRENT_RUNTIME_DATA	NON_DEFAULT_OVERRIDE	CURRENT_RUNTIME_DATA	gra/data/civ-matrix.json#/cywilizacje[typCywilizacji=zulusi]/params/lud_wzrost_proc	LEGACY_DOC_PRESENT	docs/encyklopedia/cywilizacje/zulusi.md	REAL_GAMEPLAY	-0.025	-0.05	-0.07500000000000001	GROWTH_DIFFICULTY_MULT	easy=raw*0.5; normal=raw; hard=raw*1.5; contribution rounded to percent	wyżej = szybszy wzrost i silniejszy AI; Hard ×1.5, Easy ×0.5	gra/src/game/population-growth-v85.ts:84-90,230-232	false
zulusi	Zulusi	1	lud_spadek_proc	ludnosc	ulamek	economy.ts	mul_proc	0	0	false	CURRENT_RUNTIME_DATA	DEFAULT_VALUE	CURRENT_RUNTIME_DEFAULT	gra/data/civ-matrix.json#/cywilizacje[typCywilizacji=zulusi]/params/lud_spadek_proc	LEGACY_DOC_PRESENT	docs/encyklopedia/cywilizacje/zulusi.md	UNWIRED		0		NOT_ACTIVE	not computed by current consumer; retain raw Normal data	not applicable until a consumer is wired and reviewed	gra/src/game/civ-matrix.ts:41-60,71-101 (loader/accessor only); no gameplay call-site found	false
zulusi	Zulusi	1	lud_zdrowie_proc	ludnosc	ulamek	turn-economy.ts	mul_proc	0	0	false	CURRENT_RUNTIME_DATA	DEFAULT_VALUE	CURRENT_RUNTIME_DEFAULT	gra/data/civ-matrix.json#/cywilizacje[typCywilizacji=zulusi]/params/lud_zdrowie_proc	LEGACY_DOC_PRESENT	docs/encyklopedia/cywilizacje/zulusi.md	UNWIRED		0		NOT_ACTIVE	not computed by current consumer; retain raw Normal data	not applicable until a consumer is wired and reviewed	gra/src/game/civ-matrix.ts:41-60,71-101 (loader/accessor only); no gameplay call-site found	false
zulusi	Zulusi	1	lud_zadowolenie_bazowe	ludnosc	absolut	culture-religion.ts	add	0	0	false	CURRENT_RUNTIME_DATA	DEFAULT_VALUE	CURRENT_RUNTIME_DEFAULT	gra/data/civ-matrix.json#/cywilizacje[typCywilizacji=zulusi]/params/lud_zadowolenie_bazowe	LEGACY_DOC_PRESENT	docs/encyklopedia/cywilizacje/zulusi.md	UNWIRED		0		NOT_ACTIVE	not computed by current consumer; retain raw Normal data	not applicable until a consumer is wired and reviewed	gra/src/game/civ-matrix.ts:41-60,71-101 (loader/accessor only); no gameplay call-site found	false
zulusi	Zulusi	1	lud_limit_populacji	ludnosc	absolut	cities.ts	add	10	10	false	CURRENT_RUNTIME_DATA	DEFAULT_VALUE	CURRENT_RUNTIME_DEFAULT	gra/data/civ-matrix.json#/cywilizacje[typCywilizacji=zulusi]/params/lud_limit_populacji	LEGACY_DOC_PRESENT	docs/encyklopedia/cywilizacje/zulusi.md	UNWIRED		10		NOT_ACTIVE	not computed by current consumer; retain raw Normal data	not applicable until a consumer is wired and reviewed	gra/src/game/civ-matrix.ts:41-60,71-101 (loader/accessor only); no gameplay call-site found	false
zulusi	Zulusi	1	mp_regen_proc	manpower	ulamek	manpower.ts	mul_proc	0	0	false	CURRENT_RUNTIME_DATA	DEFAULT_VALUE	CURRENT_RUNTIME_DEFAULT	gra/data/civ-matrix.json#/cywilizacje[typCywilizacji=zulusi]/params/mp_regen_proc	LEGACY_DOC_PRESENT	docs/encyklopedia/cywilizacje/zulusi.md	DEAD_UNWIRED		0		NOT_ACTIVE	not computed by current consumer; retain raw Normal data	not applicable until a consumer is wired and reviewed	gra/src/game/civ-matrix.ts:41-60,71-101 (loader/accessor only); no gameplay call-site found	false
zulusi	Zulusi	1	mp_max_proc	manpower	ulamek	manpower.ts	mul_proc	0	0	false	CURRENT_RUNTIME_DATA	DEFAULT_VALUE	CURRENT_RUNTIME_DEFAULT	gra/data/civ-matrix.json#/cywilizacje[typCywilizacji=zulusi]/params/mp_max_proc	LEGACY_DOC_PRESENT	docs/encyklopedia/cywilizacje/zulusi.md	UNWIRED		0		NOT_ACTIVE	not computed by current consumer; retain raw Normal data	not applicable until a consumer is wired and reviewed	gra/src/game/civ-matrix.ts:41-60,71-101 (loader/accessor only); no gameplay call-site found	false
zulusi	Zulusi	1	mp_koszt_jednostki_proc	manpower	ulamek	manpower.ts	mul_proc	0	0	false	CURRENT_RUNTIME_DATA	DEFAULT_VALUE	CURRENT_RUNTIME_DEFAULT	gra/data/civ-matrix.json#/cywilizacje[typCywilizacji=zulusi]/params/mp_koszt_jednostki_proc	LEGACY_DOC_PRESENT	docs/encyklopedia/cywilizacje/zulusi.md	UNWIRED		0		NOT_ACTIVE	not computed by current consumer; retain raw Normal data	not applicable until a consumer is wired and reviewed	gra/src/game/civ-matrix.ts:41-60,71-101 (loader/accessor only); no gameplay call-site found	false
zulusi	Zulusi	1	wealth_cap_proc	spoleczenstwo	ulamek	wealth.ts	mul_proc	0	0	false	CURRENT_RUNTIME_DATA	DEFAULT_VALUE	CURRENT_RUNTIME_DEFAULT	gra/data/civ-matrix.json#/cywilizacje[typCywilizacji=zulusi]/params/wealth_cap_proc	LEGACY_DOC_PRESENT	docs/encyklopedia/cywilizacje/zulusi.md	UNWIRED		0		NOT_ACTIVE	not computed by current consumer; retain raw Normal data	not applicable until a consumer is wired and reviewed	gra/src/game/civ-matrix.ts:41-60,71-101 (loader/accessor only); no gameplay call-site found	false
zulusi	Zulusi	1	wealth_mnoznik_proc	spoleczenstwo	ulamek	wealth.ts	mul_proc	0	0	false	CURRENT_RUNTIME_DATA	DEFAULT_VALUE	CURRENT_RUNTIME_DEFAULT	gra/data/civ-matrix.json#/cywilizacje[typCywilizacji=zulusi]/params/wealth_mnoznik_proc	LEGACY_DOC_PRESENT	docs/encyklopedia/cywilizacje/zulusi.md	UNWIRED		0		NOT_ACTIVE	not computed by current consumer; retain raw Normal data	not applicable until a consumer is wired and reviewed	gra/src/game/civ-matrix.ts:41-60,71-101 (loader/accessor only); no gameplay call-site found	false
zulusi	Zulusi	1	kultura_naplyw_proc	spoleczenstwo	ulamek	culture-religion.ts	mul_proc	0	0	false	CURRENT_RUNTIME_DATA	DEFAULT_VALUE	CURRENT_RUNTIME_DEFAULT	gra/data/civ-matrix.json#/cywilizacje[typCywilizacji=zulusi]/params/kultura_naplyw_proc	LEGACY_DOC_PRESENT	docs/encyklopedia/cywilizacje/zulusi.md	UNWIRED		0		NOT_ACTIVE	not computed by current consumer; retain raw Normal data	not applicable until a consumer is wired and reviewed	gra/src/game/civ-matrix.ts:41-60,71-101 (loader/accessor only); no gameplay call-site found	false
zulusi	Zulusi	1	religia_spread_proc	spoleczenstwo	ulamek	culture-religion.ts	mul_proc	0	0	false	CURRENT_RUNTIME_DATA	DEFAULT_VALUE	CURRENT_RUNTIME_DEFAULT	gra/data/civ-matrix.json#/cywilizacje[typCywilizacji=zulusi]/params/religia_spread_proc	LEGACY_DOC_PRESENT	docs/encyklopedia/cywilizacje/zulusi.md	UNWIRED		0		NOT_ACTIVE	not computed by current consumer; retain raw Normal data	not applicable until a consumer is wired and reviewed	gra/src/game/civ-matrix.ts:41-60,71-101 (loader/accessor only); no gameplay call-site found	false
zulusi	Zulusi	1	porzadek_produkcja_proc	spoleczenstwo	ulamek	order.ts	mul_proc	0	0	false	CURRENT_RUNTIME_DATA	DEFAULT_VALUE	CURRENT_RUNTIME_DEFAULT	gra/data/civ-matrix.json#/cywilizacje[typCywilizacji=zulusi]/params/porzadek_produkcja_proc	LEGACY_DOC_PRESENT	docs/encyklopedia/cywilizacje/zulusi.md	UNWIRED		0		NOT_ACTIVE	not computed by current consumer; retain raw Normal data	not applicable until a consumer is wired and reviewed	gra/src/game/civ-matrix.ts:41-60,71-101 (loader/accessor only); no gameplay call-site found	false
zulusi	Zulusi	1	porzadek_pieniadz_proc	spoleczenstwo	ulamek	order.ts	mul_proc	0	0	false	CURRENT_RUNTIME_DATA	DEFAULT_VALUE	CURRENT_RUNTIME_DEFAULT	gra/data/civ-matrix.json#/cywilizacje[typCywilizacji=zulusi]/params/porzadek_pieniadz_proc	LEGACY_DOC_PRESENT	docs/encyklopedia/cywilizacje/zulusi.md	UNWIRED		0		NOT_ACTIVE	not computed by current consumer; retain raw Normal data	not applicable until a consumer is wired and reviewed	gra/src/game/civ-matrix.ts:41-60,71-101 (loader/accessor only); no gameplay call-site found	false
zulusi	Zulusi	1	porzadek_nauka_proc	spoleczenstwo	ulamek	order.ts	mul_proc	0	0	false	CURRENT_RUNTIME_DATA	DEFAULT_VALUE	CURRENT_RUNTIME_DEFAULT	gra/data/civ-matrix.json#/cywilizacje[typCywilizacji=zulusi]/params/porzadek_nauka_proc	LEGACY_DOC_PRESENT	docs/encyklopedia/cywilizacje/zulusi.md	UNWIRED		0		NOT_ACTIVE	not computed by current consumer; retain raw Normal data	not applicable until a consumer is wired and reviewed	gra/src/game/civ-matrix.ts:41-60,71-101 (loader/accessor only); no gameplay call-site found	false
zulusi	Zulusi	1	porzadek_kultura_proc	spoleczenstwo	ulamek	order.ts	mul_proc	0	0	false	CURRENT_RUNTIME_DATA	DEFAULT_VALUE	CURRENT_RUNTIME_DEFAULT	gra/data/civ-matrix.json#/cywilizacje[typCywilizacji=zulusi]/params/porzadek_kultura_proc	LEGACY_DOC_PRESENT	docs/encyklopedia/cywilizacje/zulusi.md	UNWIRED		0		NOT_ACTIVE	not computed by current consumer; retain raw Normal data	not applicable until a consumer is wired and reviewed	gra/src/game/civ-matrix.ts:41-60,71-101 (loader/accessor only); no gameplay call-site found	false
zulusi	Zulusi	1	porzadek_wzrost_proc	spoleczenstwo	ulamek	order.ts	mul_proc	0	0	false	CURRENT_RUNTIME_DATA	DEFAULT_VALUE	CURRENT_RUNTIME_DEFAULT	gra/data/civ-matrix.json#/cywilizacje[typCywilizacji=zulusi]/params/porzadek_wzrost_proc	LEGACY_DOC_PRESENT	docs/encyklopedia/cywilizacje/zulusi.md	UNWIRED		0		NOT_ACTIVE	not computed by current consumer; retain raw Normal data	not applicable until a consumer is wired and reviewed	gra/src/game/civ-matrix.ts:41-60,71-101 (loader/accessor only); no gameplay call-site found	false
zulusi	Zulusi	1	obl_obrona_miasta_proc	obleczenie	ulamek	siege.ts	mul_proc	0	0	false	CURRENT_RUNTIME_DATA	DEFAULT_VALUE	CURRENT_RUNTIME_DEFAULT	gra/data/civ-matrix.json#/cywilizacje[typCywilizacji=zulusi]/params/obl_obrona_miasta_proc	LEGACY_DOC_PRESENT	docs/encyklopedia/cywilizacje/zulusi.md	UNWIRED		0		NOT_ACTIVE	not computed by current consumer; retain raw Normal data	not applicable until a consumer is wired and reviewed	gra/src/game/civ-matrix.ts:41-60,71-101 (loader/accessor only); no gameplay call-site found	false
zulusi	Zulusi	1	obl_mur_proc	obleczenie	ulamek	siege.ts	mul_proc	0	0	false	CURRENT_RUNTIME_DATA	DEFAULT_VALUE	CURRENT_RUNTIME_DEFAULT	gra/data/civ-matrix.json#/cywilizacje[typCywilizacji=zulusi]/params/obl_mur_proc	LEGACY_DOC_PRESENT	docs/encyklopedia/cywilizacje/zulusi.md	UNWIRED		0		NOT_ACTIVE	not computed by current consumer; retain raw Normal data	not applicable until a consumer is wired and reviewed	gra/src/game/civ-matrix.ts:41-60,71-101 (loader/accessor only); no gameplay call-site found	false
zulusi	Zulusi	1	obl_machines_proc	obleczenie	ulamek	siegeMachines.ts	mul_proc	0	0	false	CURRENT_RUNTIME_DATA	DEFAULT_VALUE	CURRENT_RUNTIME_DEFAULT	gra/data/civ-matrix.json#/cywilizacje[typCywilizacji=zulusi]/params/obl_machines_proc	LEGACY_DOC_PRESENT	docs/encyklopedia/cywilizacje/zulusi.md	UNWIRED		0		NOT_ACTIVE	not computed by current consumer; retain raw Normal data	not applicable until a consumer is wired and reviewed	gra/src/game/civ-matrix.ts:41-60,71-101 (loader/accessor only); no gameplay call-site found	false
zulusi	Zulusi	1	dip_sklonnosc_sojusze	dyplomacja	skala_1_10	diplomacy.ts	skala	1	5	true	CURRENT_RUNTIME_DATA	NON_DEFAULT_OVERRIDE	CURRENT_RUNTIME_DATA	gra/data/civ-matrix.json#/cywilizacje[typCywilizacji=zulusi]/params/dip_sklonnosc_sojusze	LEGACY_DOC_PRESENT	docs/encyklopedia/cywilizacje/zulusi.md	UI_ONLY		1		DISPLAY_RAW	display reads raw value; no gameplay Easy/Normal/Hard effect	etykieta UI; brak wpływu na wynik gry	gra/src/game/diplomacy-display.ts:54-59,116-122	false
zulusi	Zulusi	1	dip_lojalnosc	dyplomacja	skala_1_10	diplomacy.ts	skala	5	5	false	CURRENT_RUNTIME_DATA	DEFAULT_VALUE	CURRENT_RUNTIME_DEFAULT	gra/data/civ-matrix.json#/cywilizacje[typCywilizacji=zulusi]/params/dip_lojalnosc	LEGACY_DOC_PRESENT	docs/encyklopedia/cywilizacje/zulusi.md	UI_ONLY		5		DISPLAY_RAW	display reads raw value; no gameplay Easy/Normal/Hard effect	etykieta UI; brak wpływu na wynik gry	gra/src/game/diplomacy-display.ts:64-69,116-122	false
zulusi	Zulusi	1	dip_prog_wojny	dyplomacja	skala_1_10	diplomacy.ts	skala	9	5	true	CURRENT_RUNTIME_DATA	NON_DEFAULT_OVERRIDE	CURRENT_RUNTIME_DATA	gra/data/civ-matrix.json#/cywilizacje[typCywilizacji=zulusi]/params/dip_prog_wojny	LEGACY_DOC_PRESENT	docs/encyklopedia/cywilizacje/zulusi.md	UI_ONLY		9		DISPLAY_RAW	display reads raw value; no gameplay Easy/Normal/Hard effect	etykieta UI; brak wpływu na wynik gry	gra/src/game/diplomacy-display.ts:73-78,116-122	false
zulusi	Zulusi	1	dip_pamietliwosc	dyplomacja	skala_1_10	diplomacy.ts	skala	8	5	true	CURRENT_RUNTIME_DATA	NON_DEFAULT_OVERRIDE	CURRENT_RUNTIME_DATA	gra/data/civ-matrix.json#/cywilizacje[typCywilizacji=zulusi]/params/dip_pamietliwosc	LEGACY_DOC_PRESENT	docs/encyklopedia/cywilizacje/zulusi.md	UI_ONLY		8		DISPLAY_RAW	display reads raw value; no gameplay Easy/Normal/Hard effect	etykieta UI; brak wpływu na wynik gry	gra/src/game/diplomacy-display.ts:82-87,116-122	false
zulusi	Zulusi	1	dip_otwartosc_handel	dyplomacja	skala_1_10	diplomacy.ts	skala	2	5	true	CURRENT_RUNTIME_DATA	NON_DEFAULT_OVERRIDE	CURRENT_RUNTIME_DATA	gra/data/civ-matrix.json#/cywilizacje[typCywilizacji=zulusi]/params/dip_otwartosc_handel	LEGACY_DOC_PRESENT	docs/encyklopedia/cywilizacje/zulusi.md	UI_ONLY		2		DISPLAY_RAW	display reads raw value; no gameplay Easy/Normal/Hard effect	etykieta UI; brak wpływu na wynik gry	gra/src/game/diplomacy-display.ts:44-49,116-122	false
zulusi	Zulusi	1	dip_nastawienie_bazowe	dyplomacja	absolut	diplomacy.ts	add	32	50	true	CURRENT_RUNTIME_DATA	NON_DEFAULT_OVERRIDE	CURRENT_RUNTIME_DATA	gra/data/civ-matrix.json#/cywilizacje[typCywilizacji=zulusi]/params/dip_nastawienie_bazowe	LEGACY_DOC_PRESENT	docs/encyklopedia/cywilizacje/zulusi.md	REAL_GAMEPLAY	32	32	32	CURRENT_NEUTRAL_CALLER_OMITS_DIFFICULTY	current easy=raw; normal=raw; hard=raw; caller uses default normal	direction requires decision; no arbitrary Easy/Hard	gra/src/game/civ-ai-data.ts:205-217; gra/src/game/diplomacy.ts:1376-1380	false
zulusi	Zulusi	1	dip_agresja_archetyp	dyplomacja	ulamek_0_1	diplomacy.ts	mul_abs	0.9	0.5	true	CURRENT_RUNTIME_DATA	NON_DEFAULT_OVERRIDE	CURRENT_RUNTIME_DATA	gra/data/civ-matrix.json#/cywilizacje[typCywilizacji=zulusi]/params/dip_agresja_archetyp	LEGACY_DOC_PRESENT	docs/encyklopedia/cywilizacje/zulusi.md	DEAD_UNWIRED		0.9		NOT_ACTIVE	not computed by current consumer; retain raw Normal data	not applicable until a consumer is wired and reviewed	gra/src/game/civ-matrix.ts:41-60,71-101 (loader/accessor only); no gameplay call-site found	false
zulusi	Zulusi	1	dip_handlowosc_archetyp	dyplomacja	ulamek_0_1	diplomacy.ts	mul_abs	0.2	0.5	true	CURRENT_RUNTIME_DATA	NON_DEFAULT_OVERRIDE	CURRENT_RUNTIME_DATA	gra/data/civ-matrix.json#/cywilizacje[typCywilizacji=zulusi]/params/dip_handlowosc_archetyp	LEGACY_DOC_PRESENT	docs/encyklopedia/cywilizacje/zulusi.md	REAL_GAMEPLAY	0.2	0.2	0.2	CURRENT_NEUTRAL_MUL_ABS	current easy=raw; normal=raw; hard=raw because formula=mul_abs	direction requires decision; no arbitrary Easy/Hard	gra/src/game/civ-ai-data.ts:184-198; gra/src/game/diplomacy.ts:1267-1270; gra/src/main.ts:19553-19556,33555-33559,33916-33919	false
zulusi	Zulusi	1	ai_agresywnosc	ai	skala_1_10	civ-ai-data.ts	skala	9	5	true	CURRENT_RUNTIME_DATA	NON_DEFAULT_OVERRIDE	CURRENT_RUNTIME_DATA	gra/data/civ-matrix.json#/cywilizacje[typCywilizacji=zulusi]/params/ai_agresywnosc	LEGACY_DOC_PRESENT	docs/encyklopedia/cywilizacje/zulusi.md	REAL_GAMEPLAY	8	9	10	SKALA_1_10	easy=max(1,normal-1); normal=normal; hard=min(10,normal+1); /10	wyżej = bardziej agresywny AI; Hard +1, Easy -1	gra/src/game/civ-ai-data.ts:38-53,156-178; gra/src/game/diplomacy.ts:1261-1266; gra/src/main.ts:19784-19790,33910-33915; gra/src/game/ai.ts:4974-5036,5184-5187	false
zulusi	Zulusi	1	ai_ekspansywnosc	ai	skala_1_10	civ-ai-data.ts	skala	4	5	true	CURRENT_RUNTIME_DATA	NON_DEFAULT_OVERRIDE	CURRENT_RUNTIME_DATA	gra/data/civ-matrix.json#/cywilizacje[typCywilizacji=zulusi]/params/ai_ekspansywnosc	LEGACY_DOC_PRESENT	docs/encyklopedia/cywilizacje/zulusi.md	REAL_GAMEPLAY	3	4	5	SKALA_1_10	easy=max(1,normal-1); normal=normal; hard=min(10,normal+1)	wyżej = większa ekspansja; Hard +1, Easy -1	gra/src/game/civ-ai-data.ts:74-102; gra/src/main.ts:33264-33296; gra/src/game/ai.ts:506-513,1097-1117,2857-2868,4257-4264	false
zulusi	Zulusi	1	ai_priorytet_militarny	ai	skala_1_10	civ-ai-data.ts	skala	8	5	true	CURRENT_RUNTIME_DATA	NON_DEFAULT_OVERRIDE	CURRENT_RUNTIME_DATA	gra/data/civ-matrix.json#/cywilizacje[typCywilizacji=zulusi]/params/ai_priorytet_militarny	LEGACY_DOC_PRESENT	docs/encyklopedia/cywilizacje/zulusi.md	REAL_GAMEPLAY	7	8	9	SKALA_1_10	easy=max(1,normal-1); normal=normal; hard=min(10,normal+1); delta=(value-5)*15	wyżej = większy score wojskowy; Hard +1, Easy -1	gra/src/game/civ-ai-data.ts:74-102; gra/src/main.ts:33264-33296; gra/src/game/ai-production-priorities.ts:6-27; gra/src/game/ai.ts:1672-1676	false
zulusi	Zulusi	1	ai_priorytet_ekonomia	ai	skala_1_10	civ-ai-data.ts	skala	4	5	true	CURRENT_RUNTIME_DATA	NON_DEFAULT_OVERRIDE	CURRENT_RUNTIME_DATA	gra/data/civ-matrix.json#/cywilizacje[typCywilizacji=zulusi]/params/ai_priorytet_ekonomia	LEGACY_DOC_PRESENT	docs/encyklopedia/cywilizacje/zulusi.md	REAL_GAMEPLAY	3	4	5	SKALA_1_10	easy=max(1,normal-1); normal=normal; hard=min(10,normal+1); delta=(value-5)*15	wyżej = większy score ekonomiczny; Hard +1, Easy -1	gra/src/game/civ-ai-data.ts:74-102; gra/src/main.ts:33264-33296; gra/src/game/ai-production-priorities.ts:6-27; gra/src/game/ai.ts:1672-1676	false
zulusi	Zulusi	1	ai_priorytet_nauka	ai	skala_1_10	civ-ai-data.ts	skala	4	5	true	CURRENT_RUNTIME_DATA	NON_DEFAULT_OVERRIDE	CURRENT_RUNTIME_DATA	gra/data/civ-matrix.json#/cywilizacje[typCywilizacji=zulusi]/params/ai_priorytet_nauka	LEGACY_DOC_PRESENT	docs/encyklopedia/cywilizacje/zulusi.md	REAL_GAMEPLAY	3	4	5	SKALA_1_10	easy=max(1,normal-1); normal=normal; hard=min(10,normal+1); delta=(value-5)*15	wyżej = większy score nauki; Hard +1, Easy -1	gra/src/game/civ-ai-data.ts:74-102; gra/src/main.ts:33264-33296; gra/src/game/ai-production-priorities.ts:6-27; gra/src/game/ai.ts:1672-1676	false
zulusi	Zulusi	1	ai_tolerancja_ryzyka	ai	skala_1_10	civ-ai-data.ts	skala	9	5	true	CURRENT_RUNTIME_DATA	NON_DEFAULT_OVERRIDE	CURRENT_RUNTIME_DATA	gra/data/civ-matrix.json#/cywilizacje[typCywilizacji=zulusi]/params/ai_tolerancja_ryzyka	LEGACY_DOC_PRESENT	docs/encyklopedia/cywilizacje/zulusi.md	REAL_GAMEPLAY	8	9	10	SKALA_1_10	easy=max(1,normal-1); normal=normal; hard=min(10,normal+1)	wyżej = większa tolerancja ryzyka wojny; Hard +1, Easy -1	gra/src/game/civ-ai-data.ts:74-102; gra/src/main.ts:33924-33927; gra/src/game/ai.ts:4974-5036,5184-5187	false
zulusi	Zulusi	1	ai_sklonnosc_podboju	ai	skala_1_10	civ-ai-data.ts	skala	5	5	false	CURRENT_RUNTIME_DATA	DEFAULT_VALUE	CURRENT_RUNTIME_DEFAULT	gra/data/civ-matrix.json#/cywilizacje[typCywilizacji=zulusi]/params/ai_sklonnosc_podboju	LEGACY_DOC_PRESENT	docs/encyklopedia/cywilizacje/zulusi.md	REAL_GAMEPLAY	4	5	6	SKALA_1_10	easy=max(1,normal-1); normal=normal; hard=min(10,normal+1)	wyżej = większa skłonność do podboju; Hard +1, Easy -1	gra/src/game/civ-ai-data.ts:74-102; gra/src/main.ts:33264-33296,33924-33927; gra/src/game/ai.ts:4974-5036,5184-5187	false
zulusi	Zulusi	1	ai_profil_obronna	ai	flag_0_1	civ-ai-data.ts	flag	1	0	true	CURRENT_RUNTIME_DATA	NON_DEFAULT_OVERRIDE	CURRENT_RUNTIME_DATA	gra/data/civ-matrix.json#/cywilizacje[typCywilizacji=zulusi]/params/ai_profil_obronna	LEGACY_DOC_PRESENT	docs/encyklopedia/cywilizacje/zulusi.md	REAL_GAMEPLAY	1	1	1	FLAG_IDENTITY	flag raw 0/1 at Easy/Normal/Hard	1 = defensive-copy map profile; no difficulty delta	gra/src/game/civ-ai-data.ts:56-71,119-123; gra/src/main.ts:9169-9173	false
egipt	Egipt	1	meta_epoka_kamien	meta	flag_0_1	start-preview.ts	flag	1	0	true	CURRENT_RUNTIME_DATA	NON_DEFAULT_OVERRIDE	CURRENT_RUNTIME_DATA	gra/data/civ-matrix.json#/cywilizacje[typCywilizacji=egipt]/params/meta_epoka_kamien	LEGACY_DOC_PRESENT	docs/encyklopedia/cywilizacje/egipt.md	DEAD_UNWIRED		1		NOT_ACTIVE	not computed by current consumer; retain raw Normal data	not applicable until a consumer is wired and reviewed	gra/src/game/civ-matrix.ts:41-60,71-101 (loader/accessor only); no gameplay call-site found	false
egipt	Egipt	1	meta_epoka_braz	meta	flag_0_1	start-preview.ts	flag	1	0	true	CURRENT_RUNTIME_DATA	NON_DEFAULT_OVERRIDE	CURRENT_RUNTIME_DATA	gra/data/civ-matrix.json#/cywilizacje[typCywilizacji=egipt]/params/meta_epoka_braz	LEGACY_DOC_PRESENT	docs/encyklopedia/cywilizacje/egipt.md	DEAD_UNWIRED		1		NOT_ACTIVE	not computed by current consumer; retain raw Normal data	not applicable until a consumer is wired and reviewed	gra/src/game/civ-matrix.ts:41-60,71-101 (loader/accessor only); no gameplay call-site found	false
egipt	Egipt	1	meta_epoka_zelazo	meta	flag_0_1	start-preview.ts	flag	1	0	true	CURRENT_RUNTIME_DATA	NON_DEFAULT_OVERRIDE	CURRENT_RUNTIME_DATA	gra/data/civ-matrix.json#/cywilizacje[typCywilizacji=egipt]/params/meta_epoka_zelazo	LEGACY_DOC_PRESENT	docs/encyklopedia/cywilizacje/egipt.md	DEAD_UNWIRED		1		NOT_ACTIVE	not computed by current consumer; retain raw Normal data	not applicable until a consumer is wired and reviewed	gra/src/game/civ-matrix.ts:41-60,71-101 (loader/accessor only); no gameplay call-site found	false
egipt	Egipt	1	meta_mnoznik_waluta	meta	absolut	economy.ts	mul_abs	2.1	2	true	CURRENT_RUNTIME_DATA	NON_DEFAULT_OVERRIDE	CURRENT_RUNTIME_DATA	gra/data/civ-matrix.json#/cywilizacje[typCywilizacji=egipt]/params/meta_mnoznik_waluta	LEGACY_DOC_PRESENT	docs/encyklopedia/cywilizacje/egipt.md	DEAD_UNWIRED		2.1		NOT_ACTIVE	not computed by current consumer; retain raw Normal data	not applicable until a consumer is wired and reviewed	gra/src/game/civ-matrix.ts:41-60,71-101 (loader/accessor only); no gameplay call-site found	false
egipt	Egipt	1	meta_tier_roster	meta	absolut	civ-roster.ts	mul_abs	1	1	false	CURRENT_RUNTIME_DATA	DEFAULT_VALUE	CURRENT_RUNTIME_DEFAULT	gra/data/civ-matrix.json#/cywilizacje[typCywilizacji=egipt]/params/meta_tier_roster	LEGACY_DOC_PRESENT	docs/encyklopedia/cywilizacje/egipt.md	DEAD_UNWIRED		1		NOT_ACTIVE	not computed by current consumer; retain raw Normal data	not applicable until a consumer is wired and reviewed	gra/src/game/civ-matrix.ts:41-60,71-101 (loader/accessor only); no gameplay call-site found	false
egipt	Egipt	1	walka_atak_piechota	walka	ulamek	civ-bonuses.ts	mul_proc	0	0	false	CURRENT_RUNTIME_DATA	DEFAULT_VALUE	CURRENT_RUNTIME_DEFAULT	gra/data/civ-matrix.json#/cywilizacje[typCywilizacji=egipt]/params/walka_atak_piechota	LEGACY_DOC_PRESENT	docs/encyklopedia/cywilizacje/egipt.md	DEAD_UNWIRED		0		NOT_ACTIVE	not computed by current consumer; retain raw Normal data	not applicable until a consumer is wired and reviewed	gra/src/game/civ-matrix.ts:41-60,71-101 (loader/accessor only); no gameplay call-site found	false
egipt	Egipt	1	walka_atak_lukownicy	walka	ulamek	civ-bonuses.ts	mul_proc	0	0	false	CURRENT_RUNTIME_DATA	DEFAULT_VALUE	CURRENT_RUNTIME_DEFAULT	gra/data/civ-matrix.json#/cywilizacje[typCywilizacji=egipt]/params/walka_atak_lukownicy	LEGACY_DOC_PRESENT	docs/encyklopedia/cywilizacje/egipt.md	UNWIRED		0		NOT_ACTIVE	not computed by current consumer; retain raw Normal data	not applicable until a consumer is wired and reviewed	gra/src/game/civ-matrix.ts:41-60,71-101 (loader/accessor only); no gameplay call-site found	false
egipt	Egipt	1	walka_atak_kawaleria	walka	ulamek	civ-bonuses.ts	mul_proc	0	0	false	CURRENT_RUNTIME_DATA	DEFAULT_VALUE	CURRENT_RUNTIME_DEFAULT	gra/data/civ-matrix.json#/cywilizacje[typCywilizacji=egipt]/params/walka_atak_kawaleria	LEGACY_DOC_PRESENT	docs/encyklopedia/cywilizacje/egipt.md	DEAD_UNWIRED		0		NOT_ACTIVE	not computed by current consumer; retain raw Normal data	not applicable until a consumer is wired and reviewed	gra/src/game/civ-matrix.ts:41-60,71-101 (loader/accessor only); no gameplay call-site found	false
egipt	Egipt	1	walka_atak_rydwany	walka	ulamek	civ-bonuses.ts	mul_proc	0	0	false	CURRENT_RUNTIME_DATA	DEFAULT_VALUE	CURRENT_RUNTIME_DEFAULT	gra/data/civ-matrix.json#/cywilizacje[typCywilizacji=egipt]/params/walka_atak_rydwany	LEGACY_DOC_PRESENT	docs/encyklopedia/cywilizacje/egipt.md	DEAD_UNWIRED		0		NOT_ACTIVE	not computed by current consumer; retain raw Normal data	not applicable until a consumer is wired and reviewed	gra/src/game/civ-matrix.ts:41-60,71-101 (loader/accessor only); no gameplay call-site found	false
egipt	Egipt	1	walka_atak_obleczenie	walka	ulamek	civ-bonuses.ts	mul_proc	0	0	false	CURRENT_RUNTIME_DATA	DEFAULT_VALUE	CURRENT_RUNTIME_DEFAULT	gra/data/civ-matrix.json#/cywilizacje[typCywilizacji=egipt]/params/walka_atak_obleczenie	LEGACY_DOC_PRESENT	docs/encyklopedia/cywilizacje/egipt.md	DEAD_UNWIRED		0		NOT_ACTIVE	not computed by current consumer; retain raw Normal data	not applicable until a consumer is wired and reviewed	gra/src/game/civ-matrix.ts:41-60,71-101 (loader/accessor only); no gameplay call-site found	false
egipt	Egipt	1	walka_atak_morska	walka	ulamek	civ-bonuses.ts	mul_proc	0	0	false	CURRENT_RUNTIME_DATA	DEFAULT_VALUE	CURRENT_RUNTIME_DEFAULT	gra/data/civ-matrix.json#/cywilizacje[typCywilizacji=egipt]/params/walka_atak_morska	LEGACY_DOC_PRESENT	docs/encyklopedia/cywilizacje/egipt.md	UNWIRED		0		NOT_ACTIVE	not computed by current consumer; retain raw Normal data	not applicable until a consumer is wired and reviewed	gra/src/game/civ-matrix.ts:41-60,71-101 (loader/accessor only); no gameplay call-site found	false
egipt	Egipt	1	walka_atak_wszystkie	walka	ulamek	civ-bonuses.ts	mul_proc	0	0	false	CURRENT_RUNTIME_DATA	DEFAULT_VALUE	CURRENT_RUNTIME_DEFAULT	gra/data/civ-matrix.json#/cywilizacje[typCywilizacji=egipt]/params/walka_atak_wszystkie	LEGACY_DOC_PRESENT	docs/encyklopedia/cywilizacje/egipt.md	UNWIRED		0		NOT_ACTIVE	not computed by current consumer; retain raw Normal data	not applicable until a consumer is wired and reviewed	gra/src/game/civ-matrix.ts:41-60,71-101 (loader/accessor only); no gameplay call-site found	false
egipt	Egipt	1	walka_obrona_piechota	walka	ulamek	civ-bonuses.ts	mul_proc	0	0	false	CURRENT_RUNTIME_DATA	DEFAULT_VALUE	CURRENT_RUNTIME_DEFAULT	gra/data/civ-matrix.json#/cywilizacje[typCywilizacji=egipt]/params/walka_obrona_piechota	LEGACY_DOC_PRESENT	docs/encyklopedia/cywilizacje/egipt.md	DEAD_UNWIRED		0		NOT_ACTIVE	not computed by current consumer; retain raw Normal data	not applicable until a consumer is wired and reviewed	gra/src/game/civ-matrix.ts:41-60,71-101 (loader/accessor only); no gameplay call-site found	false
egipt	Egipt	1	walka_obrona_lukownicy	walka	ulamek	civ-bonuses.ts	mul_proc	0	0	false	CURRENT_RUNTIME_DATA	DEFAULT_VALUE	CURRENT_RUNTIME_DEFAULT	gra/data/civ-matrix.json#/cywilizacje[typCywilizacji=egipt]/params/walka_obrona_lukownicy	LEGACY_DOC_PRESENT	docs/encyklopedia/cywilizacje/egipt.md	UNWIRED		0		NOT_ACTIVE	not computed by current consumer; retain raw Normal data	not applicable until a consumer is wired and reviewed	gra/src/game/civ-matrix.ts:41-60,71-101 (loader/accessor only); no gameplay call-site found	false
egipt	Egipt	1	walka_obrona_kawaleria	walka	ulamek	civ-bonuses.ts	mul_proc	0	0	false	CURRENT_RUNTIME_DATA	DEFAULT_VALUE	CURRENT_RUNTIME_DEFAULT	gra/data/civ-matrix.json#/cywilizacje[typCywilizacji=egipt]/params/walka_obrona_kawaleria	LEGACY_DOC_PRESENT	docs/encyklopedia/cywilizacje/egipt.md	UNWIRED		0		NOT_ACTIVE	not computed by current consumer; retain raw Normal data	not applicable until a consumer is wired and reviewed	gra/src/game/civ-matrix.ts:41-60,71-101 (loader/accessor only); no gameplay call-site found	false
egipt	Egipt	1	walka_obrona_rydwany	walka	ulamek	civ-bonuses.ts	mul_proc	0	0	false	CURRENT_RUNTIME_DATA	DEFAULT_VALUE	CURRENT_RUNTIME_DEFAULT	gra/data/civ-matrix.json#/cywilizacje[typCywilizacji=egipt]/params/walka_obrona_rydwany	LEGACY_DOC_PRESENT	docs/encyklopedia/cywilizacje/egipt.md	UNWIRED		0		NOT_ACTIVE	not computed by current consumer; retain raw Normal data	not applicable until a consumer is wired and reviewed	gra/src/game/civ-matrix.ts:41-60,71-101 (loader/accessor only); no gameplay call-site found	false
egipt	Egipt	1	walka_obrona_obleczenie	walka	ulamek	civ-bonuses.ts	mul_proc	0	0	false	CURRENT_RUNTIME_DATA	DEFAULT_VALUE	CURRENT_RUNTIME_DEFAULT	gra/data/civ-matrix.json#/cywilizacje[typCywilizacji=egipt]/params/walka_obrona_obleczenie	LEGACY_DOC_PRESENT	docs/encyklopedia/cywilizacje/egipt.md	UNWIRED		0		NOT_ACTIVE	not computed by current consumer; retain raw Normal data	not applicable until a consumer is wired and reviewed	gra/src/game/civ-matrix.ts:41-60,71-101 (loader/accessor only); no gameplay call-site found	false
egipt	Egipt	1	walka_obrona_morska	walka	ulamek	civ-bonuses.ts	mul_proc	0	0	false	CURRENT_RUNTIME_DATA	DEFAULT_VALUE	CURRENT_RUNTIME_DEFAULT	gra/data/civ-matrix.json#/cywilizacje[typCywilizacji=egipt]/params/walka_obrona_morska	LEGACY_DOC_PRESENT	docs/encyklopedia/cywilizacje/egipt.md	UNWIRED		0		NOT_ACTIVE	not computed by current consumer; retain raw Normal data	not applicable until a consumer is wired and reviewed	gra/src/game/civ-matrix.ts:41-60,71-101 (loader/accessor only); no gameplay call-site found	false
egipt	Egipt	1	walka_pancerz_piechota	walka	ulamek	civ-bonuses.ts	mul_proc	0	0	false	CURRENT_RUNTIME_DATA	DEFAULT_VALUE	CURRENT_RUNTIME_DEFAULT	gra/data/civ-matrix.json#/cywilizacje[typCywilizacji=egipt]/params/walka_pancerz_piechota	LEGACY_DOC_PRESENT	docs/encyklopedia/cywilizacje/egipt.md	DEAD_UNWIRED		0		NOT_ACTIVE	not computed by current consumer; retain raw Normal data	not applicable until a consumer is wired and reviewed	gra/src/game/civ-matrix.ts:41-60,71-101 (loader/accessor only); no gameplay call-site found	false
egipt	Egipt	1	walka_pancerz_lukownicy	walka	ulamek	civ-bonuses.ts	mul_proc	0	0	false	CURRENT_RUNTIME_DATA	DEFAULT_VALUE	CURRENT_RUNTIME_DEFAULT	gra/data/civ-matrix.json#/cywilizacje[typCywilizacji=egipt]/params/walka_pancerz_lukownicy	LEGACY_DOC_PRESENT	docs/encyklopedia/cywilizacje/egipt.md	UNWIRED		0		NOT_ACTIVE	not computed by current consumer; retain raw Normal data	not applicable until a consumer is wired and reviewed	gra/src/game/civ-matrix.ts:41-60,71-101 (loader/accessor only); no gameplay call-site found	false
egipt	Egipt	1	walka_pancerz_kawaleria	walka	ulamek	civ-bonuses.ts	mul_proc	0	0	false	CURRENT_RUNTIME_DATA	DEFAULT_VALUE	CURRENT_RUNTIME_DEFAULT	gra/data/civ-matrix.json#/cywilizacje[typCywilizacji=egipt]/params/walka_pancerz_kawaleria	LEGACY_DOC_PRESENT	docs/encyklopedia/cywilizacje/egipt.md	UNWIRED		0		NOT_ACTIVE	not computed by current consumer; retain raw Normal data	not applicable until a consumer is wired and reviewed	gra/src/game/civ-matrix.ts:41-60,71-101 (loader/accessor only); no gameplay call-site found	false
egipt	Egipt	1	walka_pancerz_rydwany	walka	ulamek	civ-bonuses.ts	mul_proc	0	0	false	CURRENT_RUNTIME_DATA	DEFAULT_VALUE	CURRENT_RUNTIME_DEFAULT	gra/data/civ-matrix.json#/cywilizacje[typCywilizacji=egipt]/params/walka_pancerz_rydwany	LEGACY_DOC_PRESENT	docs/encyklopedia/cywilizacje/egipt.md	UNWIRED		0		NOT_ACTIVE	not computed by current consumer; retain raw Normal data	not applicable until a consumer is wired and reviewed	gra/src/game/civ-matrix.ts:41-60,71-101 (loader/accessor only); no gameplay call-site found	false
egipt	Egipt	1	walka_uderzenie_piechota	walka	ulamek	civ-bonuses.ts	mul_proc	0	0	false	CURRENT_RUNTIME_DATA	DEFAULT_VALUE	CURRENT_RUNTIME_DEFAULT	gra/data/civ-matrix.json#/cywilizacje[typCywilizacji=egipt]/params/walka_uderzenie_piechota	LEGACY_DOC_PRESENT	docs/encyklopedia/cywilizacje/egipt.md	DEAD_UNWIRED		0		NOT_ACTIVE	not computed by current consumer; retain raw Normal data	not applicable until a consumer is wired and reviewed	gra/src/game/civ-matrix.ts:41-60,71-101 (loader/accessor only); no gameplay call-site found	false
egipt	Egipt	1	walka_uderzenie_kawaleria	walka	ulamek	civ-bonuses.ts	mul_proc	0	0	false	CURRENT_RUNTIME_DATA	DEFAULT_VALUE	CURRENT_RUNTIME_DEFAULT	gra/data/civ-matrix.json#/cywilizacje[typCywilizacji=egipt]/params/walka_uderzenie_kawaleria	LEGACY_DOC_PRESENT	docs/encyklopedia/cywilizacje/egipt.md	DEAD_UNWIRED		0		NOT_ACTIVE	not computed by current consumer; retain raw Normal data	not applicable until a consumer is wired and reviewed	gra/src/game/civ-matrix.ts:41-60,71-101 (loader/accessor only); no gameplay call-site found	false
egipt	Egipt	1	walka_uderzenie_rydwany	walka	ulamek	civ-bonuses.ts	mul_proc	0	0	false	CURRENT_RUNTIME_DATA	DEFAULT_VALUE	CURRENT_RUNTIME_DEFAULT	gra/data/civ-matrix.json#/cywilizacje[typCywilizacji=egipt]/params/walka_uderzenie_rydwany	LEGACY_DOC_PRESENT	docs/encyklopedia/cywilizacje/egipt.md	UNWIRED		0		NOT_ACTIVE	not computed by current consumer; retain raw Normal data	not applicable until a consumer is wired and reviewed	gra/src/game/civ-matrix.ts:41-60,71-101 (loader/accessor only); no gameplay call-site found	false
egipt	Egipt	1	walka_dystans_lukownicy	walka	ulamek	civ-bonuses.ts	mul_proc	0.2	0	true	CURRENT_RUNTIME_DATA	NON_DEFAULT_OVERRIDE	CURRENT_RUNTIME_DATA	gra/data/civ-matrix.json#/cywilizacje[typCywilizacji=egipt]/params/walka_dystans_lukownicy	LEGACY_DOC_PRESENT	docs/encyklopedia/cywilizacje/egipt.md	DEAD_UNWIRED		0.2		NOT_ACTIVE	not computed by current consumer; retain raw Normal data	not applicable until a consumer is wired and reviewed	gra/src/game/civ-matrix.ts:41-60,71-101 (loader/accessor only); no gameplay call-site found	false
egipt	Egipt	1	walka_dystans_rydwany	walka	ulamek	civ-bonuses.ts	mul_proc	0	0	false	CURRENT_RUNTIME_DATA	DEFAULT_VALUE	CURRENT_RUNTIME_DEFAULT	gra/data/civ-matrix.json#/cywilizacje[typCywilizacji=egipt]/params/walka_dystans_rydwany	LEGACY_DOC_PRESENT	docs/encyklopedia/cywilizacje/egipt.md	UNWIRED		0		NOT_ACTIVE	not computed by current consumer; retain raw Normal data	not applicable until a consumer is wired and reviewed	gra/src/game/civ-matrix.ts:41-60,71-101 (loader/accessor only); no gameplay call-site found	false
egipt	Egipt	1	walka_hp_piechota	walka	ulamek	civ-bonuses.ts	mul_proc	0	0	false	CURRENT_RUNTIME_DATA	DEFAULT_VALUE	CURRENT_RUNTIME_DEFAULT	gra/data/civ-matrix.json#/cywilizacje[typCywilizacji=egipt]/params/walka_hp_piechota	LEGACY_DOC_PRESENT	docs/encyklopedia/cywilizacje/egipt.md	DEAD_UNWIRED		0		NOT_ACTIVE	not computed by current consumer; retain raw Normal data	not applicable until a consumer is wired and reviewed	gra/src/game/civ-matrix.ts:41-60,71-101 (loader/accessor only); no gameplay call-site found	false
egipt	Egipt	1	walka_hp_kawaleria	walka	ulamek	civ-bonuses.ts	mul_proc	0	0	false	CURRENT_RUNTIME_DATA	DEFAULT_VALUE	CURRENT_RUNTIME_DEFAULT	gra/data/civ-matrix.json#/cywilizacje[typCywilizacji=egipt]/params/walka_hp_kawaleria	LEGACY_DOC_PRESENT	docs/encyklopedia/cywilizacje/egipt.md	UNWIRED		0		NOT_ACTIVE	not computed by current consumer; retain raw Normal data	not applicable until a consumer is wired and reviewed	gra/src/game/civ-matrix.ts:41-60,71-101 (loader/accessor only); no gameplay call-site found	false
egipt	Egipt	1	walka_hp_rydwany	walka	ulamek	civ-bonuses.ts	mul_proc	0	0	false	CURRENT_RUNTIME_DATA	DEFAULT_VALUE	CURRENT_RUNTIME_DEFAULT	gra/data/civ-matrix.json#/cywilizacje[typCywilizacji=egipt]/params/walka_hp_rydwany	LEGACY_DOC_PRESENT	docs/encyklopedia/cywilizacje/egipt.md	DEAD_UNWIRED		0		NOT_ACTIVE	not computed by current consumer; retain raw Normal data	not applicable until a consumer is wired and reviewed	gra/src/game/civ-matrix.ts:41-60,71-101 (loader/accessor only); no gameplay call-site found	false
egipt	Egipt	1	walka_ruch_bitwa_proc	walka	ulamek	civ-bonuses.ts	mul_proc	0.15	0	true	CURRENT_RUNTIME_DATA	NON_DEFAULT_OVERRIDE	CURRENT_RUNTIME_DATA	gra/data/civ-matrix.json#/cywilizacje[typCywilizacji=egipt]/params/walka_ruch_bitwa_proc	LEGACY_DOC_PRESENT	docs/encyklopedia/cywilizacje/egipt.md	DEAD_UNWIRED		0.15		NOT_ACTIVE	not computed by current consumer; retain raw Normal data	not applicable until a consumer is wired and reviewed	gra/src/game/civ-matrix.ts:41-60,71-101 (loader/accessor only); no gameplay call-site found	false
egipt	Egipt	1	walka_zasieg_proc	walka	ulamek	civ-bonuses.ts	mul_proc	0	0	false	CURRENT_RUNTIME_DATA	DEFAULT_VALUE	CURRENT_RUNTIME_DEFAULT	gra/data/civ-matrix.json#/cywilizacje[typCywilizacji=egipt]/params/walka_zasieg_proc	LEGACY_DOC_PRESENT	docs/encyklopedia/cywilizacje/egipt.md	UNWIRED		0		NOT_ACTIVE	not computed by current consumer; retain raw Normal data	not applicable until a consumer is wired and reviewed	gra/src/game/civ-matrix.ts:41-60,71-101 (loader/accessor only); no gameplay call-site found	false
egipt	Egipt	1	walka_oblezenie_proc	walka	ulamek	civ-bonuses.ts	mul_proc	0	0	false	CURRENT_RUNTIME_DATA	DEFAULT_VALUE	CURRENT_RUNTIME_DEFAULT	gra/data/civ-matrix.json#/cywilizacje[typCywilizacji=egipt]/params/walka_oblezenie_proc	LEGACY_DOC_PRESENT	docs/encyklopedia/cywilizacje/egipt.md	UNWIRED		0		NOT_ACTIVE	not computed by current consumer; retain raw Normal data	not applicable until a consumer is wired and reviewed	gra/src/game/civ-matrix.ts:41-60,71-101 (loader/accessor only); no gameplay call-site found	false
egipt	Egipt	1	walka_koszt_rekrutacji_proc	walka	ulamek	production.ts	mul_proc	0	0	false	CURRENT_RUNTIME_DATA	DEFAULT_VALUE	CURRENT_RUNTIME_DEFAULT	gra/data/civ-matrix.json#/cywilizacje[typCywilizacji=egipt]/params/walka_koszt_rekrutacji_proc	LEGACY_DOC_PRESENT	docs/encyklopedia/cywilizacje/egipt.md	DEAD_UNWIRED		0		NOT_ACTIVE	not computed by current consumer; retain raw Normal data	not applicable until a consumer is wired and reviewed	gra/src/game/civ-matrix.ts:41-60,71-101 (loader/accessor only); no gameplay call-site found	false
egipt	Egipt	1	walka_atak_piechota_teren_las	walka	ulamek	civ-bonuses.ts	mul_proc	0	0	false	CURRENT_RUNTIME_DATA	DEFAULT_VALUE	CURRENT_RUNTIME_DEFAULT	gra/data/civ-matrix.json#/cywilizacje[typCywilizacji=egipt]/params/walka_atak_piechota_teren_las	LEGACY_DOC_PRESENT	docs/encyklopedia/cywilizacje/egipt.md	DEAD_UNWIRED		0		NOT_ACTIVE	not computed by current consumer; retain raw Normal data	not applicable until a consumer is wired and reviewed	gra/src/game/civ-matrix.ts:41-60,71-101 (loader/accessor only); no gameplay call-site found	false
egipt	Egipt	1	walka_obrona_piechota_teren_las	walka	ulamek	civ-bonuses.ts	mul_proc	0	0	false	CURRENT_RUNTIME_DATA	DEFAULT_VALUE	CURRENT_RUNTIME_DEFAULT	gra/data/civ-matrix.json#/cywilizacje[typCywilizacji=egipt]/params/walka_obrona_piechota_teren_las	LEGACY_DOC_PRESENT	docs/encyklopedia/cywilizacje/egipt.md	UNWIRED		0		NOT_ACTIVE	not computed by current consumer; retain raw Normal data	not applicable until a consumer is wired and reviewed	gra/src/game/civ-matrix.ts:41-60,71-101 (loader/accessor only); no gameplay call-site found	false
egipt	Egipt	1	walka_atak_piechota_terytorium_wlasne	walka	ulamek	civ-bonuses.ts	mul_proc	0	0	false	CURRENT_RUNTIME_DATA	DEFAULT_VALUE	CURRENT_RUNTIME_DEFAULT	gra/data/civ-matrix.json#/cywilizacje[typCywilizacji=egipt]/params/walka_atak_piechota_terytorium_wlasne	LEGACY_DOC_PRESENT	docs/encyklopedia/cywilizacje/egipt.md	UNWIRED		0		NOT_ACTIVE	not computed by current consumer; retain raw Normal data	not applicable until a consumer is wired and reviewed	gra/src/game/civ-matrix.ts:41-60,71-101 (loader/accessor only); no gameplay call-site found	false
egipt	Egipt	1	walka_obrona_piechota_terytorium_wlasne	walka	ulamek	civ-bonuses.ts	mul_proc	0	0	false	CURRENT_RUNTIME_DATA	DEFAULT_VALUE	CURRENT_RUNTIME_DEFAULT	gra/data/civ-matrix.json#/cywilizacje[typCywilizacji=egipt]/params/walka_obrona_piechota_terytorium_wlasne	LEGACY_DOC_PRESENT	docs/encyklopedia/cywilizacje/egipt.md	DEAD_UNWIRED		0		NOT_ACTIVE	not computed by current consumer; retain raw Normal data	not applicable until a consumer is wired and reviewed	gra/src/game/civ-matrix.ts:41-60,71-101 (loader/accessor only); no gameplay call-site found	false
egipt	Egipt	1	walka_atak_piechota_w_murze	walka	ulamek	civ-bonuses.ts	mul_proc	0	0	false	CURRENT_RUNTIME_DATA	DEFAULT_VALUE	CURRENT_RUNTIME_DEFAULT	gra/data/civ-matrix.json#/cywilizacje[typCywilizacji=egipt]/params/walka_atak_piechota_w_murze	LEGACY_DOC_PRESENT	docs/encyklopedia/cywilizacje/egipt.md	UNWIRED		0		NOT_ACTIVE	not computed by current consumer; retain raw Normal data	not applicable until a consumer is wired and reviewed	gra/src/game/civ-matrix.ts:41-60,71-101 (loader/accessor only); no gameplay call-site found	false
egipt	Egipt	1	walka_obrona_piechota_w_murze	walka	ulamek	civ-bonuses.ts	mul_proc	0	0	false	CURRENT_RUNTIME_DATA	DEFAULT_VALUE	CURRENT_RUNTIME_DEFAULT	gra/data/civ-matrix.json#/cywilizacje[typCywilizacji=egipt]/params/walka_obrona_piechota_w_murze	LEGACY_DOC_PRESENT	docs/encyklopedia/cywilizacje/egipt.md	DEAD_UNWIRED		0		NOT_ACTIVE	not computed by current consumer; retain raw Normal data	not applicable until a consumer is wired and reviewed	gra/src/game/civ-matrix.ts:41-60,71-101 (loader/accessor only); no gameplay call-site found	false
egipt	Egipt	1	walka_atak_piechota_runda_szarzy	walka	ulamek	civ-bonuses.ts	mul_proc	0	0	false	CURRENT_RUNTIME_DATA	DEFAULT_VALUE	CURRENT_RUNTIME_DEFAULT	gra/data/civ-matrix.json#/cywilizacje[typCywilizacji=egipt]/params/walka_atak_piechota_runda_szarzy	LEGACY_DOC_PRESENT	docs/encyklopedia/cywilizacje/egipt.md	DEAD_UNWIRED		0		NOT_ACTIVE	not computed by current consumer; retain raw Normal data	not applicable until a consumer is wired and reviewed	gra/src/game/civ-matrix.ts:41-60,71-101 (loader/accessor only); no gameplay call-site found	false
egipt	Egipt	1	walka_obrona_piechota_runda_szarzy	walka	ulamek	civ-bonuses.ts	mul_proc	0	0	false	CURRENT_RUNTIME_DATA	DEFAULT_VALUE	CURRENT_RUNTIME_DEFAULT	gra/data/civ-matrix.json#/cywilizacje[typCywilizacji=egipt]/params/walka_obrona_piechota_runda_szarzy	LEGACY_DOC_PRESENT	docs/encyklopedia/cywilizacje/egipt.md	UNWIRED		0		NOT_ACTIVE	not computed by current consumer; retain raw Normal data	not applicable until a consumer is wired and reviewed	gra/src/game/civ-matrix.ts:41-60,71-101 (loader/accessor only); no gameplay call-site found	false
egipt	Egipt	1	walka_atak_piechota_teren_plytkie_morze	walka	ulamek	civ-bonuses.ts	mul_proc	0	0	false	CURRENT_RUNTIME_DATA	DEFAULT_VALUE	CURRENT_RUNTIME_DEFAULT	gra/data/civ-matrix.json#/cywilizacje[typCywilizacji=egipt]/params/walka_atak_piechota_teren_plytkie_morze	LEGACY_DOC_PRESENT	docs/encyklopedia/cywilizacje/egipt.md	UNWIRED		0		NOT_ACTIVE	not computed by current consumer; retain raw Normal data	not applicable until a consumer is wired and reviewed	gra/src/game/civ-matrix.ts:41-60,71-101 (loader/accessor only); no gameplay call-site found	false
egipt	Egipt	1	walka_obrona_piechota_teren_plytkie_morze	walka	ulamek	civ-bonuses.ts	mul_proc	0	0	false	CURRENT_RUNTIME_DATA	DEFAULT_VALUE	CURRENT_RUNTIME_DEFAULT	gra/data/civ-matrix.json#/cywilizacje[typCywilizacji=egipt]/params/walka_obrona_piechota_teren_plytkie_morze	LEGACY_DOC_PRESENT	docs/encyklopedia/cywilizacje/egipt.md	UNWIRED		0		NOT_ACTIVE	not computed by current consumer; retain raw Normal data	not applicable until a consumer is wired and reviewed	gra/src/game/civ-matrix.ts:41-60,71-101 (loader/accessor only); no gameplay call-site found	false
egipt	Egipt	1	spec_Atak	jednostka_spec	absolut	units.json+combat.ts	stat_abs	10	0	true	CURRENT_RUNTIME_DATA	NON_DEFAULT_OVERRIDE	CURRENT_RUNTIME_DATA	gra/data/civ-matrix.json#/cywilizacje[typCywilizacji=egipt]/params/spec_Atak	LEGACY_DOC_PRESENT	docs/encyklopedia/cywilizacje/egipt.md	DEAD_UNWIRED		10		NOT_ACTIVE	not computed by current consumer; retain raw Normal data	not applicable until a consumer is wired and reviewed	gra/src/game/civ-matrix.ts:41-60,71-101 (loader/accessor only); no gameplay call-site found	false
egipt	Egipt	1	spec_Obrazenia	jednostka_spec	absolut	units.json+combat.ts	stat_abs	0	0	false	CURRENT_RUNTIME_DATA	DEFAULT_VALUE	CURRENT_RUNTIME_DEFAULT	gra/data/civ-matrix.json#/cywilizacje[typCywilizacji=egipt]/params/spec_Obrazenia	LEGACY_DOC_PRESENT	docs/encyklopedia/cywilizacje/egipt.md	DEAD_UNWIRED		0		NOT_ACTIVE	not computed by current consumer; retain raw Normal data	not applicable until a consumer is wired and reviewed	gra/src/game/civ-matrix.ts:41-60,71-101 (loader/accessor only); no gameplay call-site found	false
egipt	Egipt	1	spec_Obrona	jednostka_spec	absolut	units.json+combat.ts	stat_abs	8	0	true	CURRENT_RUNTIME_DATA	NON_DEFAULT_OVERRIDE	CURRENT_RUNTIME_DATA	gra/data/civ-matrix.json#/cywilizacje[typCywilizacji=egipt]/params/spec_Obrona	LEGACY_DOC_PRESENT	docs/encyklopedia/cywilizacje/egipt.md	DEAD_UNWIRED		8		NOT_ACTIVE	not computed by current consumer; retain raw Normal data	not applicable until a consumer is wired and reviewed	gra/src/game/civ-matrix.ts:41-60,71-101 (loader/accessor only); no gameplay call-site found	false
egipt	Egipt	1	spec_Uderzenie	jednostka_spec	absolut	units.json+combat.ts	stat_abs	8	0	true	CURRENT_RUNTIME_DATA	NON_DEFAULT_OVERRIDE	CURRENT_RUNTIME_DATA	gra/data/civ-matrix.json#/cywilizacje[typCywilizacji=egipt]/params/spec_Uderzenie	LEGACY_DOC_PRESENT	docs/encyklopedia/cywilizacje/egipt.md	DEAD_UNWIRED		8		NOT_ACTIVE	not computed by current consumer; retain raw Normal data	not applicable until a consumer is wired and reviewed	gra/src/game/civ-matrix.ts:41-60,71-101 (loader/accessor only); no gameplay call-site found	false
egipt	Egipt	1	spec_Pancerz	jednostka_spec	absolut	units.json+combat.ts	stat_abs	6	0	true	CURRENT_RUNTIME_DATA	NON_DEFAULT_OVERRIDE	CURRENT_RUNTIME_DATA	gra/data/civ-matrix.json#/cywilizacje[typCywilizacji=egipt]/params/spec_Pancerz	LEGACY_DOC_PRESENT	docs/encyklopedia/cywilizacje/egipt.md	DEAD_UNWIRED		6		NOT_ACTIVE	not computed by current consumer; retain raw Normal data	not applicable until a consumer is wired and reviewed	gra/src/game/civ-matrix.ts:41-60,71-101 (loader/accessor only); no gameplay call-site found	false
egipt	Egipt	1	spec_Przebicie	jednostka_spec	absolut	units.json+combat.ts	stat_abs	4	0	true	CURRENT_RUNTIME_DATA	NON_DEFAULT_OVERRIDE	CURRENT_RUNTIME_DATA	gra/data/civ-matrix.json#/cywilizacje[typCywilizacji=egipt]/params/spec_Przebicie	LEGACY_DOC_PRESENT	docs/encyklopedia/cywilizacje/egipt.md	DEAD_UNWIRED		4		NOT_ACTIVE	not computed by current consumer; retain raw Normal data	not applicable until a consumer is wired and reviewed	gra/src/game/civ-matrix.ts:41-60,71-101 (loader/accessor only); no gameplay call-site found	false
egipt	Egipt	1	spec_Health	jednostka_spec	absolut	units.json+combat.ts	stat_abs	85	0	true	CURRENT_RUNTIME_DATA	NON_DEFAULT_OVERRIDE	CURRENT_RUNTIME_DATA	gra/data/civ-matrix.json#/cywilizacje[typCywilizacji=egipt]/params/spec_Health	LEGACY_DOC_PRESENT	docs/encyklopedia/cywilizacje/egipt.md	DEAD_UNWIRED		85		NOT_ACTIVE	not computed by current consumer; retain raw Normal data	not applicable until a consumer is wired and reviewed	gra/src/game/civ-matrix.ts:41-60,71-101 (loader/accessor only); no gameplay call-site found	false
egipt	Egipt	1	spec_Atak_dystansowy	jednostka_spec	absolut	units.json+combat.ts	stat_abs	6	0	true	CURRENT_RUNTIME_DATA	NON_DEFAULT_OVERRIDE	CURRENT_RUNTIME_DATA	gra/data/civ-matrix.json#/cywilizacje[typCywilizacji=egipt]/params/spec_Atak_dystansowy	LEGACY_DOC_PRESENT	docs/encyklopedia/cywilizacje/egipt.md	DEAD_UNWIRED		6		NOT_ACTIVE	not computed by current consumer; retain raw Normal data	not applicable until a consumer is wired and reviewed	gra/src/game/civ-matrix.ts:41-60,71-101 (loader/accessor only); no gameplay call-site found	false
egipt	Egipt	1	spec_Zasieg_hex	jednostka_spec	absolut	units.json+combat.ts	stat_abs	2	0	true	CURRENT_RUNTIME_DATA	NON_DEFAULT_OVERRIDE	CURRENT_RUNTIME_DATA	gra/data/civ-matrix.json#/cywilizacje[typCywilizacji=egipt]/params/spec_Zasieg_hex	LEGACY_DOC_PRESENT	docs/encyklopedia/cywilizacje/egipt.md	DEAD_UNWIRED		2		NOT_ACTIVE	not computed by current consumer; retain raw Normal data	not applicable until a consumer is wired and reviewed	gra/src/game/civ-matrix.ts:41-60,71-101 (loader/accessor only); no gameplay call-site found	false
egipt	Egipt	1	spec_Pociski	jednostka_spec	absolut	units.json+combat.ts	stat_abs	6	0	true	CURRENT_RUNTIME_DATA	NON_DEFAULT_OVERRIDE	CURRENT_RUNTIME_DATA	gra/data/civ-matrix.json#/cywilizacje[typCywilizacji=egipt]/params/spec_Pociski	LEGACY_DOC_PRESENT	docs/encyklopedia/cywilizacje/egipt.md	DEAD_UNWIRED		6		NOT_ACTIVE	not computed by current consumer; retain raw Normal data	not applicable until a consumer is wired and reviewed	gra/src/game/civ-matrix.ts:41-60,71-101 (loader/accessor only); no gameplay call-site found	false
egipt	Egipt	1	spec_Ruch_bitwa	jednostka_spec	absolut	units.json+combat.ts	stat_abs	4	0	true	CURRENT_RUNTIME_DATA	NON_DEFAULT_OVERRIDE	CURRENT_RUNTIME_DATA	gra/data/civ-matrix.json#/cywilizacje[typCywilizacji=egipt]/params/spec_Ruch_bitwa	LEGACY_DOC_PRESENT	docs/encyklopedia/cywilizacje/egipt.md	DEAD_UNWIRED		4		NOT_ACTIVE	not computed by current consumer; retain raw Normal data	not applicable until a consumer is wired and reviewed	gra/src/game/civ-matrix.ts:41-60,71-101 (loader/accessor only); no gameplay call-site found	false
egipt	Egipt	1	spec_Ruch_mapa	jednostka_spec	absolut	units.json+combat.ts	stat_abs	3	0	true	CURRENT_RUNTIME_DATA	NON_DEFAULT_OVERRIDE	CURRENT_RUNTIME_DATA	gra/data/civ-matrix.json#/cywilizacje[typCywilizacji=egipt]/params/spec_Ruch_mapa	LEGACY_DOC_PRESENT	docs/encyklopedia/cywilizacje/egipt.md	DEAD_UNWIRED		3		NOT_ACTIVE	not computed by current consumer; retain raw Normal data	not applicable until a consumer is wired and reviewed	gra/src/game/civ-matrix.ts:41-60,71-101 (loader/accessor only); no gameplay call-site found	false
egipt	Egipt	1	spec_Widok	jednostka_spec	absolut	units.json+combat.ts	stat_abs	3	0	true	CURRENT_RUNTIME_DATA	NON_DEFAULT_OVERRIDE	CURRENT_RUNTIME_DATA	gra/data/civ-matrix.json#/cywilizacje[typCywilizacji=egipt]/params/spec_Widok	LEGACY_DOC_PRESENT	docs/encyklopedia/cywilizacje/egipt.md	DEAD_UNWIRED		3		NOT_ACTIVE	not computed by current consumer; retain raw Normal data	not applicable until a consumer is wired and reviewed	gra/src/game/civ-matrix.ts:41-60,71-101 (loader/accessor only); no gameplay call-site found	false
egipt	Egipt	1	spec_Dezercja_proc	jednostka_spec	absolut	units.json+combat.ts	stat_abs	0.1	0	true	CURRENT_RUNTIME_DATA	NON_DEFAULT_OVERRIDE	CURRENT_RUNTIME_DATA	gra/data/civ-matrix.json#/cywilizacje[typCywilizacji=egipt]/params/spec_Dezercja_proc	LEGACY_DOC_PRESENT	docs/encyklopedia/cywilizacje/egipt.md	DEAD_UNWIRED		0.1		NOT_ACTIVE	not computed by current consumer; retain raw Normal data	not applicable until a consumer is wired and reviewed	gra/src/game/civ-matrix.ts:41-60,71-101 (loader/accessor only); no gameplay call-site found	false
egipt	Egipt	1	spec_Morale	jednostka_spec	absolut	units.json+combat.ts	stat_abs	120	0	true	CURRENT_RUNTIME_DATA	NON_DEFAULT_OVERRIDE	CURRENT_RUNTIME_DATA	gra/data/civ-matrix.json#/cywilizacje[typCywilizacji=egipt]/params/spec_Morale	LEGACY_DOC_PRESENT	docs/encyklopedia/cywilizacje/egipt.md	DEAD_UNWIRED		120		NOT_ACTIVE	not computed by current consumer; retain raw Normal data	not applicable until a consumer is wired and reviewed	gra/src/game/civ-matrix.ts:41-60,71-101 (loader/accessor only); no gameplay call-site found	false
egipt	Egipt	1	spec_Koszt_pieniadz	jednostka_spec	absolut	units.json+combat.ts	stat_abs	0	0	false	CURRENT_RUNTIME_DATA	DEFAULT_VALUE	CURRENT_RUNTIME_DEFAULT	gra/data/civ-matrix.json#/cywilizacje[typCywilizacji=egipt]/params/spec_Koszt_pieniadz	LEGACY_DOC_PRESENT	docs/encyklopedia/cywilizacje/egipt.md	DEAD_UNWIRED		0		NOT_ACTIVE	not computed by current consumer; retain raw Normal data	not applicable until a consumer is wired and reviewed	gra/src/game/civ-matrix.ts:41-60,71-101 (loader/accessor only); no gameplay call-site found	false
egipt	Egipt	1	spec_Utrzymanie	jednostka_spec	absolut	units.json+combat.ts	stat_abs	0	0	false	CURRENT_RUNTIME_DATA	DEFAULT_VALUE	CURRENT_RUNTIME_DEFAULT	gra/data/civ-matrix.json#/cywilizacje[typCywilizacji=egipt]/params/spec_Utrzymanie	LEGACY_DOC_PRESENT	docs/encyklopedia/cywilizacje/egipt.md	DEAD_UNWIRED		0		NOT_ACTIVE	not computed by current consumer; retain raw Normal data	not applicable until a consumer is wired and reviewed	gra/src/game/civ-matrix.ts:41-60,71-101 (loader/accessor only); no gameplay call-site found	false
egipt	Egipt	1	spec_Zywnosc_ture	jednostka_spec	absolut	units.json+combat.ts	stat_abs	1	0	true	CURRENT_RUNTIME_DATA	NON_DEFAULT_OVERRIDE	CURRENT_RUNTIME_DATA	gra/data/civ-matrix.json#/cywilizacje[typCywilizacji=egipt]/params/spec_Zywnosc_ture	LEGACY_DOC_PRESENT	docs/encyklopedia/cywilizacje/egipt.md	DEAD_UNWIRED		1		NOT_ACTIVE	not computed by current consumer; retain raw Normal data	not applicable until a consumer is wired and reviewed	gra/src/game/civ-matrix.ts:41-60,71-101 (loader/accessor only); no gameplay call-site found	false
egipt	Egipt	1	eko_praca_proc	ekonomia	ulamek	economy.ts	mul_proc	0.01	0	true	CURRENT_RUNTIME_DATA	NON_DEFAULT_OVERRIDE	CURRENT_RUNTIME_DATA	gra/data/civ-matrix.json#/cywilizacje[typCywilizacji=egipt]/params/eko_praca_proc	LEGACY_DOC_PRESENT	docs/encyklopedia/cywilizacje/egipt.md	DEAD_UNWIRED		0.01		NOT_ACTIVE	not computed by current consumer; retain raw Normal data	not applicable until a consumer is wired and reviewed	gra/src/game/civ-matrix.ts:41-60,71-101 (loader/accessor only); no gameplay call-site found	false
egipt	Egipt	1	eko_pieniadz_proc	ekonomia	ulamek	economy.ts	mul_proc	0	0	false	CURRENT_RUNTIME_DATA	DEFAULT_VALUE	CURRENT_RUNTIME_DEFAULT	gra/data/civ-matrix.json#/cywilizacje[typCywilizacji=egipt]/params/eko_pieniadz_proc	LEGACY_DOC_PRESENT	docs/encyklopedia/cywilizacje/egipt.md	DEAD_UNWIRED		0		NOT_ACTIVE	not computed by current consumer; retain raw Normal data	not applicable until a consumer is wired and reviewed	gra/src/game/civ-matrix.ts:41-60,71-101 (loader/accessor only); no gameplay call-site found	false
egipt	Egipt	1	eko_pieniadz_port_proc	ekonomia	ulamek	economy.ts	mul_proc	0	0	false	CURRENT_RUNTIME_DATA	DEFAULT_VALUE	CURRENT_RUNTIME_DEFAULT	gra/data/civ-matrix.json#/cywilizacje[typCywilizacji=egipt]/params/eko_pieniadz_port_proc	LEGACY_DOC_PRESENT	docs/encyklopedia/cywilizacje/egipt.md	DEAD_UNWIRED		0		NOT_ACTIVE	not computed by current consumer; retain raw Normal data	not applicable until a consumer is wired and reviewed	gra/src/game/civ-matrix.ts:41-60,71-101 (loader/accessor only); no gameplay call-site found	false
egipt	Egipt	1	eko_zywnosc_proc	ekonomia	ulamek	economy.ts	mul_proc	0	0	false	CURRENT_RUNTIME_DATA	DEFAULT_VALUE	CURRENT_RUNTIME_DEFAULT	gra/data/civ-matrix.json#/cywilizacje[typCywilizacji=egipt]/params/eko_zywnosc_proc	LEGACY_DOC_PRESENT	docs/encyklopedia/cywilizacje/egipt.md	UNWIRED		0		NOT_ACTIVE	not computed by current consumer; retain raw Normal data	not applicable until a consumer is wired and reviewed	gra/src/game/civ-matrix.ts:41-60,71-101 (loader/accessor only); no gameplay call-site found	false
egipt	Egipt	1	eko_nauka_proc	ekonomia	ulamek	economy.ts	mul_proc	0	0	false	CURRENT_RUNTIME_DATA	DEFAULT_VALUE	CURRENT_RUNTIME_DEFAULT	gra/data/civ-matrix.json#/cywilizacje[typCywilizacji=egipt]/params/eko_nauka_proc	LEGACY_DOC_PRESENT	docs/encyklopedia/cywilizacje/egipt.md	DEAD_UNWIRED		0		NOT_ACTIVE	not computed by current consumer; retain raw Normal data	not applicable until a consumer is wired and reviewed	gra/src/game/civ-matrix.ts:41-60,71-101 (loader/accessor only); no gameplay call-site found	false
egipt	Egipt	1	eko_kultura_proc	ekonomia	ulamek	economy.ts	mul_proc	0	0	false	CURRENT_RUNTIME_DATA	DEFAULT_VALUE	CURRENT_RUNTIME_DEFAULT	gra/data/civ-matrix.json#/cywilizacje[typCywilizacji=egipt]/params/eko_kultura_proc	LEGACY_DOC_PRESENT	docs/encyklopedia/cywilizacje/egipt.md	UNWIRED		0		NOT_ACTIVE	not computed by current consumer; retain raw Normal data	not applicable until a consumer is wired and reviewed	gra/src/game/civ-matrix.ts:41-60,71-101 (loader/accessor only); no gameplay call-site found	false
egipt	Egipt	1	eko_luksus_proc	ekonomia	ulamek	economy.ts	mul_proc	0	0	false	CURRENT_RUNTIME_DATA	DEFAULT_VALUE	CURRENT_RUNTIME_DEFAULT	gra/data/civ-matrix.json#/cywilizacje[typCywilizacji=egipt]/params/eko_luksus_proc	LEGACY_DOC_PRESENT	docs/encyklopedia/cywilizacje/egipt.md	UNWIRED		0		NOT_ACTIVE	not computed by current consumer; retain raw Normal data	not applicable until a consumer is wired and reviewed	gra/src/game/civ-matrix.ts:41-60,71-101 (loader/accessor only); no gameplay call-site found	false
egipt	Egipt	1	eko_zadowolenie_proc	ekonomia	ulamek	economy.ts	mul_proc	0	0	false	CURRENT_RUNTIME_DATA	DEFAULT_VALUE	CURRENT_RUNTIME_DEFAULT	gra/data/civ-matrix.json#/cywilizacje[typCywilizacji=egipt]/params/eko_zadowolenie_proc	LEGACY_DOC_PRESENT	docs/encyklopedia/cywilizacje/egipt.md	UNWIRED		0		NOT_ACTIVE	not computed by current consumer; retain raw Normal data	not applicable until a consumer is wired and reviewed	gra/src/game/civ-matrix.ts:41-60,71-101 (loader/accessor only); no gameplay call-site found	false
egipt	Egipt	1	eko_handel_brutto_proc	ekonomia	ulamek	economy.ts	mul_proc	0	0	false	CURRENT_RUNTIME_DATA	DEFAULT_VALUE	CURRENT_RUNTIME_DEFAULT	gra/data/civ-matrix.json#/cywilizacje[typCywilizacji=egipt]/params/eko_handel_brutto_proc	LEGACY_DOC_PRESENT	docs/encyklopedia/cywilizacje/egipt.md	DEAD_UNWIRED		0		NOT_ACTIVE	not computed by current consumer; retain raw Normal data	not applicable until a consumer is wired and reviewed	gra/src/game/civ-matrix.ts:41-60,71-101 (loader/accessor only); no gameplay call-site found	false
egipt	Egipt	1	eko_korupcja_proc	ekonomia	ulamek	economy.ts	mul_proc	0	0	false	CURRENT_RUNTIME_DATA	DEFAULT_VALUE	CURRENT_RUNTIME_DEFAULT	gra/data/civ-matrix.json#/cywilizacje[typCywilizacji=egipt]/params/eko_korupcja_proc	LEGACY_DOC_PRESENT	docs/encyklopedia/cywilizacje/egipt.md	UNWIRED		0		NOT_ACTIVE	not computed by current consumer; retain raw Normal data	not applicable until a consumer is wired and reviewed	gra/src/game/civ-matrix.ts:41-60,71-101 (loader/accessor only); no gameplay call-site found	false
egipt	Egipt	1	prod_koszt_budynku_proc	produkcja	ulamek	civ-bonuses.ts	mul_proc	0	0	false	CURRENT_RUNTIME_DATA	DEFAULT_VALUE	CURRENT_RUNTIME_DEFAULT	gra/data/civ-matrix.json#/cywilizacje[typCywilizacji=egipt]/params/prod_koszt_budynku_proc	LEGACY_DOC_PRESENT	docs/encyklopedia/cywilizacje/egipt.md	DEAD_UNWIRED		0		NOT_ACTIVE	not computed by current consumer; retain raw Normal data	not applicable until a consumer is wired and reviewed	gra/src/game/civ-matrix.ts:41-60,71-101 (loader/accessor only); no gameplay call-site found	false
egipt	Egipt	1	prod_koszt_jednostki_proc	produkcja	ulamek	production.ts	mul_proc	0	0	false	CURRENT_RUNTIME_DATA	DEFAULT_VALUE	CURRENT_RUNTIME_DEFAULT	gra/data/civ-matrix.json#/cywilizacje[typCywilizacji=egipt]/params/prod_koszt_jednostki_proc	LEGACY_DOC_PRESENT	docs/encyklopedia/cywilizacje/egipt.md	DEAD_UNWIRED		0		NOT_ACTIVE	not computed by current consumer; retain raw Normal data	not applicable until a consumer is wired and reviewed	gra/src/game/civ-matrix.ts:41-60,71-101 (loader/accessor only); no gameplay call-site found	false
egipt	Egipt	1	prod_szybkosc_budynku_proc	produkcja	ulamek	production.ts	mul_proc	0	0	false	CURRENT_RUNTIME_DATA	DEFAULT_VALUE	CURRENT_RUNTIME_DEFAULT	gra/data/civ-matrix.json#/cywilizacje[typCywilizacji=egipt]/params/prod_szybkosc_budynku_proc	LEGACY_DOC_PRESENT	docs/encyklopedia/cywilizacje/egipt.md	UNWIRED		0		NOT_ACTIVE	not computed by current consumer; retain raw Normal data	not applicable until a consumer is wired and reviewed	gra/src/game/civ-matrix.ts:41-60,71-101 (loader/accessor only); no gameplay call-site found	false
egipt	Egipt	1	prod_szybkosc_jednostki_proc	produkcja	ulamek	production.ts	mul_proc	0	0	false	CURRENT_RUNTIME_DATA	DEFAULT_VALUE	CURRENT_RUNTIME_DEFAULT	gra/data/civ-matrix.json#/cywilizacje[typCywilizacji=egipt]/params/prod_szybkosc_jednostki_proc	LEGACY_DOC_PRESENT	docs/encyklopedia/cywilizacje/egipt.md	UNWIRED		0		NOT_ACTIVE	not computed by current consumer; retain raw Normal data	not applicable until a consumer is wired and reviewed	gra/src/game/civ-matrix.ts:41-60,71-101 (loader/accessor only); no gameplay call-site found	false
egipt	Egipt	1	prod_rush_koszt_proc	produkcja	ulamek	production.ts	mul_proc	0	0	false	CURRENT_RUNTIME_DATA	DEFAULT_VALUE	CURRENT_RUNTIME_DEFAULT	gra/data/civ-matrix.json#/cywilizacje[typCywilizacji=egipt]/params/prod_rush_koszt_proc	LEGACY_DOC_PRESENT	docs/encyklopedia/cywilizacje/egipt.md	UNWIRED		0		NOT_ACTIVE	not computed by current consumer; retain raw Normal data	not applicable until a consumer is wired and reviewed	gra/src/game/civ-matrix.ts:41-60,71-101 (loader/accessor only); no gameplay call-site found	false
egipt	Egipt	1	lud_wzrost_proc	ludnosc	ulamek	economy.ts	mul_proc	0.05	0	true	CURRENT_RUNTIME_DATA	NON_DEFAULT_OVERRIDE	CURRENT_RUNTIME_DATA	gra/data/civ-matrix.json#/cywilizacje[typCywilizacji=egipt]/params/lud_wzrost_proc	LEGACY_DOC_PRESENT	docs/encyklopedia/cywilizacje/egipt.md	REAL_GAMEPLAY	0.025	0.05	0.07500000000000001	GROWTH_DIFFICULTY_MULT	easy=raw*0.5; normal=raw; hard=raw*1.5; contribution rounded to percent	wyżej = szybszy wzrost i silniejszy AI; Hard ×1.5, Easy ×0.5	gra/src/game/population-growth-v85.ts:84-90,230-232	false
egipt	Egipt	1	lud_spadek_proc	ludnosc	ulamek	economy.ts	mul_proc	0	0	false	CURRENT_RUNTIME_DATA	DEFAULT_VALUE	CURRENT_RUNTIME_DEFAULT	gra/data/civ-matrix.json#/cywilizacje[typCywilizacji=egipt]/params/lud_spadek_proc	LEGACY_DOC_PRESENT	docs/encyklopedia/cywilizacje/egipt.md	UNWIRED		0		NOT_ACTIVE	not computed by current consumer; retain raw Normal data	not applicable until a consumer is wired and reviewed	gra/src/game/civ-matrix.ts:41-60,71-101 (loader/accessor only); no gameplay call-site found	false
egipt	Egipt	1	lud_zdrowie_proc	ludnosc	ulamek	turn-economy.ts	mul_proc	0	0	false	CURRENT_RUNTIME_DATA	DEFAULT_VALUE	CURRENT_RUNTIME_DEFAULT	gra/data/civ-matrix.json#/cywilizacje[typCywilizacji=egipt]/params/lud_zdrowie_proc	LEGACY_DOC_PRESENT	docs/encyklopedia/cywilizacje/egipt.md	UNWIRED		0		NOT_ACTIVE	not computed by current consumer; retain raw Normal data	not applicable until a consumer is wired and reviewed	gra/src/game/civ-matrix.ts:41-60,71-101 (loader/accessor only); no gameplay call-site found	false
egipt	Egipt	1	lud_zadowolenie_bazowe	ludnosc	absolut	culture-religion.ts	add	0	0	false	CURRENT_RUNTIME_DATA	DEFAULT_VALUE	CURRENT_RUNTIME_DEFAULT	gra/data/civ-matrix.json#/cywilizacje[typCywilizacji=egipt]/params/lud_zadowolenie_bazowe	LEGACY_DOC_PRESENT	docs/encyklopedia/cywilizacje/egipt.md	UNWIRED		0		NOT_ACTIVE	not computed by current consumer; retain raw Normal data	not applicable until a consumer is wired and reviewed	gra/src/game/civ-matrix.ts:41-60,71-101 (loader/accessor only); no gameplay call-site found	false
egipt	Egipt	1	lud_limit_populacji	ludnosc	absolut	cities.ts	add	10	10	false	CURRENT_RUNTIME_DATA	DEFAULT_VALUE	CURRENT_RUNTIME_DEFAULT	gra/data/civ-matrix.json#/cywilizacje[typCywilizacji=egipt]/params/lud_limit_populacji	LEGACY_DOC_PRESENT	docs/encyklopedia/cywilizacje/egipt.md	UNWIRED		10		NOT_ACTIVE	not computed by current consumer; retain raw Normal data	not applicable until a consumer is wired and reviewed	gra/src/game/civ-matrix.ts:41-60,71-101 (loader/accessor only); no gameplay call-site found	false
egipt	Egipt	1	mp_regen_proc	manpower	ulamek	manpower.ts	mul_proc	0	0	false	CURRENT_RUNTIME_DATA	DEFAULT_VALUE	CURRENT_RUNTIME_DEFAULT	gra/data/civ-matrix.json#/cywilizacje[typCywilizacji=egipt]/params/mp_regen_proc	LEGACY_DOC_PRESENT	docs/encyklopedia/cywilizacje/egipt.md	DEAD_UNWIRED		0		NOT_ACTIVE	not computed by current consumer; retain raw Normal data	not applicable until a consumer is wired and reviewed	gra/src/game/civ-matrix.ts:41-60,71-101 (loader/accessor only); no gameplay call-site found	false
egipt	Egipt	1	mp_max_proc	manpower	ulamek	manpower.ts	mul_proc	0	0	false	CURRENT_RUNTIME_DATA	DEFAULT_VALUE	CURRENT_RUNTIME_DEFAULT	gra/data/civ-matrix.json#/cywilizacje[typCywilizacji=egipt]/params/mp_max_proc	LEGACY_DOC_PRESENT	docs/encyklopedia/cywilizacje/egipt.md	UNWIRED		0		NOT_ACTIVE	not computed by current consumer; retain raw Normal data	not applicable until a consumer is wired and reviewed	gra/src/game/civ-matrix.ts:41-60,71-101 (loader/accessor only); no gameplay call-site found	false
egipt	Egipt	1	mp_koszt_jednostki_proc	manpower	ulamek	manpower.ts	mul_proc	0	0	false	CURRENT_RUNTIME_DATA	DEFAULT_VALUE	CURRENT_RUNTIME_DEFAULT	gra/data/civ-matrix.json#/cywilizacje[typCywilizacji=egipt]/params/mp_koszt_jednostki_proc	LEGACY_DOC_PRESENT	docs/encyklopedia/cywilizacje/egipt.md	UNWIRED		0		NOT_ACTIVE	not computed by current consumer; retain raw Normal data	not applicable until a consumer is wired and reviewed	gra/src/game/civ-matrix.ts:41-60,71-101 (loader/accessor only); no gameplay call-site found	false
egipt	Egipt	1	wealth_cap_proc	spoleczenstwo	ulamek	wealth.ts	mul_proc	0	0	false	CURRENT_RUNTIME_DATA	DEFAULT_VALUE	CURRENT_RUNTIME_DEFAULT	gra/data/civ-matrix.json#/cywilizacje[typCywilizacji=egipt]/params/wealth_cap_proc	LEGACY_DOC_PRESENT	docs/encyklopedia/cywilizacje/egipt.md	UNWIRED		0		NOT_ACTIVE	not computed by current consumer; retain raw Normal data	not applicable until a consumer is wired and reviewed	gra/src/game/civ-matrix.ts:41-60,71-101 (loader/accessor only); no gameplay call-site found	false
egipt	Egipt	1	wealth_mnoznik_proc	spoleczenstwo	ulamek	wealth.ts	mul_proc	0	0	false	CURRENT_RUNTIME_DATA	DEFAULT_VALUE	CURRENT_RUNTIME_DEFAULT	gra/data/civ-matrix.json#/cywilizacje[typCywilizacji=egipt]/params/wealth_mnoznik_proc	LEGACY_DOC_PRESENT	docs/encyklopedia/cywilizacje/egipt.md	UNWIRED		0		NOT_ACTIVE	not computed by current consumer; retain raw Normal data	not applicable until a consumer is wired and reviewed	gra/src/game/civ-matrix.ts:41-60,71-101 (loader/accessor only); no gameplay call-site found	false
egipt	Egipt	1	kultura_naplyw_proc	spoleczenstwo	ulamek	culture-religion.ts	mul_proc	0	0	false	CURRENT_RUNTIME_DATA	DEFAULT_VALUE	CURRENT_RUNTIME_DEFAULT	gra/data/civ-matrix.json#/cywilizacje[typCywilizacji=egipt]/params/kultura_naplyw_proc	LEGACY_DOC_PRESENT	docs/encyklopedia/cywilizacje/egipt.md	UNWIRED		0		NOT_ACTIVE	not computed by current consumer; retain raw Normal data	not applicable until a consumer is wired and reviewed	gra/src/game/civ-matrix.ts:41-60,71-101 (loader/accessor only); no gameplay call-site found	false
egipt	Egipt	1	religia_spread_proc	spoleczenstwo	ulamek	culture-religion.ts	mul_proc	0	0	false	CURRENT_RUNTIME_DATA	DEFAULT_VALUE	CURRENT_RUNTIME_DEFAULT	gra/data/civ-matrix.json#/cywilizacje[typCywilizacji=egipt]/params/religia_spread_proc	LEGACY_DOC_PRESENT	docs/encyklopedia/cywilizacje/egipt.md	UNWIRED		0		NOT_ACTIVE	not computed by current consumer; retain raw Normal data	not applicable until a consumer is wired and reviewed	gra/src/game/civ-matrix.ts:41-60,71-101 (loader/accessor only); no gameplay call-site found	false
egipt	Egipt	1	porzadek_produkcja_proc	spoleczenstwo	ulamek	order.ts	mul_proc	0	0	false	CURRENT_RUNTIME_DATA	DEFAULT_VALUE	CURRENT_RUNTIME_DEFAULT	gra/data/civ-matrix.json#/cywilizacje[typCywilizacji=egipt]/params/porzadek_produkcja_proc	LEGACY_DOC_PRESENT	docs/encyklopedia/cywilizacje/egipt.md	UNWIRED		0		NOT_ACTIVE	not computed by current consumer; retain raw Normal data	not applicable until a consumer is wired and reviewed	gra/src/game/civ-matrix.ts:41-60,71-101 (loader/accessor only); no gameplay call-site found	false
egipt	Egipt	1	porzadek_pieniadz_proc	spoleczenstwo	ulamek	order.ts	mul_proc	0	0	false	CURRENT_RUNTIME_DATA	DEFAULT_VALUE	CURRENT_RUNTIME_DEFAULT	gra/data/civ-matrix.json#/cywilizacje[typCywilizacji=egipt]/params/porzadek_pieniadz_proc	LEGACY_DOC_PRESENT	docs/encyklopedia/cywilizacje/egipt.md	UNWIRED		0		NOT_ACTIVE	not computed by current consumer; retain raw Normal data	not applicable until a consumer is wired and reviewed	gra/src/game/civ-matrix.ts:41-60,71-101 (loader/accessor only); no gameplay call-site found	false
egipt	Egipt	1	porzadek_nauka_proc	spoleczenstwo	ulamek	order.ts	mul_proc	0	0	false	CURRENT_RUNTIME_DATA	DEFAULT_VALUE	CURRENT_RUNTIME_DEFAULT	gra/data/civ-matrix.json#/cywilizacje[typCywilizacji=egipt]/params/porzadek_nauka_proc	LEGACY_DOC_PRESENT	docs/encyklopedia/cywilizacje/egipt.md	UNWIRED		0		NOT_ACTIVE	not computed by current consumer; retain raw Normal data	not applicable until a consumer is wired and reviewed	gra/src/game/civ-matrix.ts:41-60,71-101 (loader/accessor only); no gameplay call-site found	false
egipt	Egipt	1	porzadek_kultura_proc	spoleczenstwo	ulamek	order.ts	mul_proc	0	0	false	CURRENT_RUNTIME_DATA	DEFAULT_VALUE	CURRENT_RUNTIME_DEFAULT	gra/data/civ-matrix.json#/cywilizacje[typCywilizacji=egipt]/params/porzadek_kultura_proc	LEGACY_DOC_PRESENT	docs/encyklopedia/cywilizacje/egipt.md	UNWIRED		0		NOT_ACTIVE	not computed by current consumer; retain raw Normal data	not applicable until a consumer is wired and reviewed	gra/src/game/civ-matrix.ts:41-60,71-101 (loader/accessor only); no gameplay call-site found	false
egipt	Egipt	1	porzadek_wzrost_proc	spoleczenstwo	ulamek	order.ts	mul_proc	0	0	false	CURRENT_RUNTIME_DATA	DEFAULT_VALUE	CURRENT_RUNTIME_DEFAULT	gra/data/civ-matrix.json#/cywilizacje[typCywilizacji=egipt]/params/porzadek_wzrost_proc	LEGACY_DOC_PRESENT	docs/encyklopedia/cywilizacje/egipt.md	UNWIRED		0		NOT_ACTIVE	not computed by current consumer; retain raw Normal data	not applicable until a consumer is wired and reviewed	gra/src/game/civ-matrix.ts:41-60,71-101 (loader/accessor only); no gameplay call-site found	false
egipt	Egipt	1	obl_obrona_miasta_proc	obleczenie	ulamek	siege.ts	mul_proc	0	0	false	CURRENT_RUNTIME_DATA	DEFAULT_VALUE	CURRENT_RUNTIME_DEFAULT	gra/data/civ-matrix.json#/cywilizacje[typCywilizacji=egipt]/params/obl_obrona_miasta_proc	LEGACY_DOC_PRESENT	docs/encyklopedia/cywilizacje/egipt.md	UNWIRED		0		NOT_ACTIVE	not computed by current consumer; retain raw Normal data	not applicable until a consumer is wired and reviewed	gra/src/game/civ-matrix.ts:41-60,71-101 (loader/accessor only); no gameplay call-site found	false
egipt	Egipt	1	obl_mur_proc	obleczenie	ulamek	siege.ts	mul_proc	0	0	false	CURRENT_RUNTIME_DATA	DEFAULT_VALUE	CURRENT_RUNTIME_DEFAULT	gra/data/civ-matrix.json#/cywilizacje[typCywilizacji=egipt]/params/obl_mur_proc	LEGACY_DOC_PRESENT	docs/encyklopedia/cywilizacje/egipt.md	UNWIRED		0		NOT_ACTIVE	not computed by current consumer; retain raw Normal data	not applicable until a consumer is wired and reviewed	gra/src/game/civ-matrix.ts:41-60,71-101 (loader/accessor only); no gameplay call-site found	false
egipt	Egipt	1	obl_machines_proc	obleczenie	ulamek	siegeMachines.ts	mul_proc	0	0	false	CURRENT_RUNTIME_DATA	DEFAULT_VALUE	CURRENT_RUNTIME_DEFAULT	gra/data/civ-matrix.json#/cywilizacje[typCywilizacji=egipt]/params/obl_machines_proc	LEGACY_DOC_PRESENT	docs/encyklopedia/cywilizacje/egipt.md	UNWIRED		0		NOT_ACTIVE	not computed by current consumer; retain raw Normal data	not applicable until a consumer is wired and reviewed	gra/src/game/civ-matrix.ts:41-60,71-101 (loader/accessor only); no gameplay call-site found	false
egipt	Egipt	1	dip_sklonnosc_sojusze	dyplomacja	skala_1_10	diplomacy.ts	skala	6	5	true	CURRENT_RUNTIME_DATA	NON_DEFAULT_OVERRIDE	CURRENT_RUNTIME_DATA	gra/data/civ-matrix.json#/cywilizacje[typCywilizacji=egipt]/params/dip_sklonnosc_sojusze	LEGACY_DOC_PRESENT	docs/encyklopedia/cywilizacje/egipt.md	UI_ONLY		6		DISPLAY_RAW	display reads raw value; no gameplay Easy/Normal/Hard effect	etykieta UI; brak wpływu na wynik gry	gra/src/game/diplomacy-display.ts:54-59,116-122	false
egipt	Egipt	1	dip_lojalnosc	dyplomacja	skala_1_10	diplomacy.ts	skala	7	5	true	CURRENT_RUNTIME_DATA	NON_DEFAULT_OVERRIDE	CURRENT_RUNTIME_DATA	gra/data/civ-matrix.json#/cywilizacje[typCywilizacji=egipt]/params/dip_lojalnosc	LEGACY_DOC_PRESENT	docs/encyklopedia/cywilizacje/egipt.md	UI_ONLY		7		DISPLAY_RAW	display reads raw value; no gameplay Easy/Normal/Hard effect	etykieta UI; brak wpływu na wynik gry	gra/src/game/diplomacy-display.ts:64-69,116-122	false
egipt	Egipt	1	dip_prog_wojny	dyplomacja	skala_1_10	diplomacy.ts	skala	4	5	true	CURRENT_RUNTIME_DATA	NON_DEFAULT_OVERRIDE	CURRENT_RUNTIME_DATA	gra/data/civ-matrix.json#/cywilizacje[typCywilizacji=egipt]/params/dip_prog_wojny	LEGACY_DOC_PRESENT	docs/encyklopedia/cywilizacje/egipt.md	UI_ONLY		4		DISPLAY_RAW	display reads raw value; no gameplay Easy/Normal/Hard effect	etykieta UI; brak wpływu na wynik gry	gra/src/game/diplomacy-display.ts:73-78,116-122	false
egipt	Egipt	1	dip_pamietliwosc	dyplomacja	skala_1_10	diplomacy.ts	skala	5	5	false	CURRENT_RUNTIME_DATA	DEFAULT_VALUE	CURRENT_RUNTIME_DEFAULT	gra/data/civ-matrix.json#/cywilizacje[typCywilizacji=egipt]/params/dip_pamietliwosc	LEGACY_DOC_PRESENT	docs/encyklopedia/cywilizacje/egipt.md	UI_ONLY		5		DISPLAY_RAW	display reads raw value; no gameplay Easy/Normal/Hard effect	etykieta UI; brak wpływu na wynik gry	gra/src/game/diplomacy-display.ts:82-87,116-122	false
egipt	Egipt	1	dip_otwartosc_handel	dyplomacja	skala_1_10	diplomacy.ts	skala	6	5	true	CURRENT_RUNTIME_DATA	NON_DEFAULT_OVERRIDE	CURRENT_RUNTIME_DATA	gra/data/civ-matrix.json#/cywilizacje[typCywilizacji=egipt]/params/dip_otwartosc_handel	LEGACY_DOC_PRESENT	docs/encyklopedia/cywilizacje/egipt.md	UI_ONLY		6		DISPLAY_RAW	display reads raw value; no gameplay Easy/Normal/Hard effect	etykieta UI; brak wpływu na wynik gry	gra/src/game/diplomacy-display.ts:44-49,116-122	false
egipt	Egipt	1	dip_nastawienie_bazowe	dyplomacja	absolut	diplomacy.ts	add	56	50	true	CURRENT_RUNTIME_DATA	NON_DEFAULT_OVERRIDE	CURRENT_RUNTIME_DATA	gra/data/civ-matrix.json#/cywilizacje[typCywilizacji=egipt]/params/dip_nastawienie_bazowe	LEGACY_DOC_PRESENT	docs/encyklopedia/cywilizacje/egipt.md	REAL_GAMEPLAY	56	56	56	CURRENT_NEUTRAL_CALLER_OMITS_DIFFICULTY	current easy=raw; normal=raw; hard=raw; caller uses default normal	direction requires decision; no arbitrary Easy/Hard	gra/src/game/civ-ai-data.ts:205-217; gra/src/game/diplomacy.ts:1376-1380	false
egipt	Egipt	1	dip_agresja_archetyp	dyplomacja	ulamek_0_1	diplomacy.ts	mul_abs	0.35	0.5	true	CURRENT_RUNTIME_DATA	NON_DEFAULT_OVERRIDE	CURRENT_RUNTIME_DATA	gra/data/civ-matrix.json#/cywilizacje[typCywilizacji=egipt]/params/dip_agresja_archetyp	LEGACY_DOC_PRESENT	docs/encyklopedia/cywilizacje/egipt.md	DEAD_UNWIRED		0.35		NOT_ACTIVE	not computed by current consumer; retain raw Normal data	not applicable until a consumer is wired and reviewed	gra/src/game/civ-matrix.ts:41-60,71-101 (loader/accessor only); no gameplay call-site found	false
egipt	Egipt	1	dip_handlowosc_archetyp	dyplomacja	ulamek_0_1	diplomacy.ts	mul_abs	0.6	0.5	true	CURRENT_RUNTIME_DATA	NON_DEFAULT_OVERRIDE	CURRENT_RUNTIME_DATA	gra/data/civ-matrix.json#/cywilizacje[typCywilizacji=egipt]/params/dip_handlowosc_archetyp	LEGACY_DOC_PRESENT	docs/encyklopedia/cywilizacje/egipt.md	REAL_GAMEPLAY	0.6	0.6	0.6	CURRENT_NEUTRAL_MUL_ABS	current easy=raw; normal=raw; hard=raw because formula=mul_abs	direction requires decision; no arbitrary Easy/Hard	gra/src/game/civ-ai-data.ts:184-198; gra/src/game/diplomacy.ts:1267-1270; gra/src/main.ts:19553-19556,33555-33559,33916-33919	false
egipt	Egipt	1	ai_agresywnosc	ai	skala_1_10	civ-ai-data.ts	skala	4	5	true	CURRENT_RUNTIME_DATA	NON_DEFAULT_OVERRIDE	CURRENT_RUNTIME_DATA	gra/data/civ-matrix.json#/cywilizacje[typCywilizacji=egipt]/params/ai_agresywnosc	LEGACY_DOC_PRESENT	docs/encyklopedia/cywilizacje/egipt.md	REAL_GAMEPLAY	3	4	5	SKALA_1_10	easy=max(1,normal-1); normal=normal; hard=min(10,normal+1); /10	wyżej = bardziej agresywny AI; Hard +1, Easy -1	gra/src/game/civ-ai-data.ts:38-53,156-178; gra/src/game/diplomacy.ts:1261-1266; gra/src/main.ts:19784-19790,33910-33915; gra/src/game/ai.ts:4974-5036,5184-5187	false
egipt	Egipt	1	ai_ekspansywnosc	ai	skala_1_10	civ-ai-data.ts	skala	2	5	true	CURRENT_RUNTIME_DATA	NON_DEFAULT_OVERRIDE	CURRENT_RUNTIME_DATA	gra/data/civ-matrix.json#/cywilizacje[typCywilizacji=egipt]/params/ai_ekspansywnosc	LEGACY_DOC_PRESENT	docs/encyklopedia/cywilizacje/egipt.md	REAL_GAMEPLAY	1	2	3	SKALA_1_10	easy=max(1,normal-1); normal=normal; hard=min(10,normal+1)	wyżej = większa ekspansja; Hard +1, Easy -1	gra/src/game/civ-ai-data.ts:74-102; gra/src/main.ts:33264-33296; gra/src/game/ai.ts:506-513,1097-1117,2857-2868,4257-4264	false
egipt	Egipt	1	ai_priorytet_militarny	ai	skala_1_10	civ-ai-data.ts	skala	5	5	false	CURRENT_RUNTIME_DATA	DEFAULT_VALUE	CURRENT_RUNTIME_DEFAULT	gra/data/civ-matrix.json#/cywilizacje[typCywilizacji=egipt]/params/ai_priorytet_militarny	LEGACY_DOC_PRESENT	docs/encyklopedia/cywilizacje/egipt.md	REAL_GAMEPLAY	4	5	6	SKALA_1_10	easy=max(1,normal-1); normal=normal; hard=min(10,normal+1); delta=(value-5)*15	wyżej = większy score wojskowy; Hard +1, Easy -1	gra/src/game/civ-ai-data.ts:74-102; gra/src/main.ts:33264-33296; gra/src/game/ai-production-priorities.ts:6-27; gra/src/game/ai.ts:1672-1676	false
egipt	Egipt	1	ai_priorytet_ekonomia	ai	skala_1_10	civ-ai-data.ts	skala	6	5	true	CURRENT_RUNTIME_DATA	NON_DEFAULT_OVERRIDE	CURRENT_RUNTIME_DATA	gra/data/civ-matrix.json#/cywilizacje[typCywilizacji=egipt]/params/ai_priorytet_ekonomia	LEGACY_DOC_PRESENT	docs/encyklopedia/cywilizacje/egipt.md	REAL_GAMEPLAY	5	6	7	SKALA_1_10	easy=max(1,normal-1); normal=normal; hard=min(10,normal+1); delta=(value-5)*15	wyżej = większy score ekonomiczny; Hard +1, Easy -1	gra/src/game/civ-ai-data.ts:74-102; gra/src/main.ts:33264-33296; gra/src/game/ai-production-priorities.ts:6-27; gra/src/game/ai.ts:1672-1676	false
egipt	Egipt	1	ai_priorytet_nauka	ai	skala_1_10	civ-ai-data.ts	skala	5	5	false	CURRENT_RUNTIME_DATA	DEFAULT_VALUE	CURRENT_RUNTIME_DEFAULT	gra/data/civ-matrix.json#/cywilizacje[typCywilizacji=egipt]/params/ai_priorytet_nauka	LEGACY_DOC_PRESENT	docs/encyklopedia/cywilizacje/egipt.md	REAL_GAMEPLAY	4	5	6	SKALA_1_10	easy=max(1,normal-1); normal=normal; hard=min(10,normal+1); delta=(value-5)*15	wyżej = większy score nauki; Hard +1, Easy -1	gra/src/game/civ-ai-data.ts:74-102; gra/src/main.ts:33264-33296; gra/src/game/ai-production-priorities.ts:6-27; gra/src/game/ai.ts:1672-1676	false
egipt	Egipt	1	ai_tolerancja_ryzyka	ai	skala_1_10	civ-ai-data.ts	skala	4	5	true	CURRENT_RUNTIME_DATA	NON_DEFAULT_OVERRIDE	CURRENT_RUNTIME_DATA	gra/data/civ-matrix.json#/cywilizacje[typCywilizacji=egipt]/params/ai_tolerancja_ryzyka	LEGACY_DOC_PRESENT	docs/encyklopedia/cywilizacje/egipt.md	REAL_GAMEPLAY	3	4	5	SKALA_1_10	easy=max(1,normal-1); normal=normal; hard=min(10,normal+1)	wyżej = większa tolerancja ryzyka wojny; Hard +1, Easy -1	gra/src/game/civ-ai-data.ts:74-102; gra/src/main.ts:33924-33927; gra/src/game/ai.ts:4974-5036,5184-5187	false
egipt	Egipt	1	ai_sklonnosc_podboju	ai	skala_1_10	civ-ai-data.ts	skala	2	5	true	CURRENT_RUNTIME_DATA	NON_DEFAULT_OVERRIDE	CURRENT_RUNTIME_DATA	gra/data/civ-matrix.json#/cywilizacje[typCywilizacji=egipt]/params/ai_sklonnosc_podboju	LEGACY_DOC_PRESENT	docs/encyklopedia/cywilizacje/egipt.md	REAL_GAMEPLAY	1	2	3	SKALA_1_10	easy=max(1,normal-1); normal=normal; hard=min(10,normal+1)	wyżej = większa skłonność do podboju; Hard +1, Easy -1	gra/src/game/civ-ai-data.ts:74-102; gra/src/main.ts:33264-33296,33924-33927; gra/src/game/ai.ts:4974-5036,5184-5187	false
egipt	Egipt	1	ai_profil_obronna	ai	flag_0_1	civ-ai-data.ts	flag	1	0	true	CURRENT_RUNTIME_DATA	NON_DEFAULT_OVERRIDE	CURRENT_RUNTIME_DATA	gra/data/civ-matrix.json#/cywilizacje[typCywilizacji=egipt]/params/ai_profil_obronna	LEGACY_DOC_PRESENT	docs/encyklopedia/cywilizacje/egipt.md	REAL_GAMEPLAY	1	1	1	FLAG_IDENTITY	flag raw 0/1 at Easy/Normal/Hard	1 = defensive-copy map profile; no difficulty delta	gra/src/game/civ-ai-data.ts:56-71,119-123; gra/src/main.ts:9169-9173	false
sumer	Sumerowie	1	meta_epoka_kamien	meta	flag_0_1	start-preview.ts	flag	1	0	true	CURRENT_RUNTIME_DATA	NON_DEFAULT_OVERRIDE	CURRENT_RUNTIME_DATA	gra/data/civ-matrix.json#/cywilizacje[typCywilizacji=sumer]/params/meta_epoka_kamien	LEGACY_DOC_PRESENT	docs/encyklopedia/cywilizacje/sumer.md	DEAD_UNWIRED		1		NOT_ACTIVE	not computed by current consumer; retain raw Normal data	not applicable until a consumer is wired and reviewed	gra/src/game/civ-matrix.ts:41-60,71-101 (loader/accessor only); no gameplay call-site found	false
sumer	Sumerowie	1	meta_epoka_braz	meta	flag_0_1	start-preview.ts	flag	1	0	true	CURRENT_RUNTIME_DATA	NON_DEFAULT_OVERRIDE	CURRENT_RUNTIME_DATA	gra/data/civ-matrix.json#/cywilizacje[typCywilizacji=sumer]/params/meta_epoka_braz	LEGACY_DOC_PRESENT	docs/encyklopedia/cywilizacje/sumer.md	DEAD_UNWIRED		1		NOT_ACTIVE	not computed by current consumer; retain raw Normal data	not applicable until a consumer is wired and reviewed	gra/src/game/civ-matrix.ts:41-60,71-101 (loader/accessor only); no gameplay call-site found	false
sumer	Sumerowie	1	meta_epoka_zelazo	meta	flag_0_1	start-preview.ts	flag	1	0	true	CURRENT_RUNTIME_DATA	NON_DEFAULT_OVERRIDE	CURRENT_RUNTIME_DATA	gra/data/civ-matrix.json#/cywilizacje[typCywilizacji=sumer]/params/meta_epoka_zelazo	LEGACY_DOC_PRESENT	docs/encyklopedia/cywilizacje/sumer.md	DEAD_UNWIRED		1		NOT_ACTIVE	not computed by current consumer; retain raw Normal data	not applicable until a consumer is wired and reviewed	gra/src/game/civ-matrix.ts:41-60,71-101 (loader/accessor only); no gameplay call-site found	false
sumer	Sumerowie	1	meta_mnoznik_waluta	meta	absolut	economy.ts	mul_abs	2.2	2	true	CURRENT_RUNTIME_DATA	NON_DEFAULT_OVERRIDE	CURRENT_RUNTIME_DATA	gra/data/civ-matrix.json#/cywilizacje[typCywilizacji=sumer]/params/meta_mnoznik_waluta	LEGACY_DOC_PRESENT	docs/encyklopedia/cywilizacje/sumer.md	DEAD_UNWIRED		2.2		NOT_ACTIVE	not computed by current consumer; retain raw Normal data	not applicable until a consumer is wired and reviewed	gra/src/game/civ-matrix.ts:41-60,71-101 (loader/accessor only); no gameplay call-site found	false
sumer	Sumerowie	1	meta_tier_roster	meta	absolut	civ-roster.ts	mul_abs	1	1	false	CURRENT_RUNTIME_DATA	DEFAULT_VALUE	CURRENT_RUNTIME_DEFAULT	gra/data/civ-matrix.json#/cywilizacje[typCywilizacji=sumer]/params/meta_tier_roster	LEGACY_DOC_PRESENT	docs/encyklopedia/cywilizacje/sumer.md	DEAD_UNWIRED		1		NOT_ACTIVE	not computed by current consumer; retain raw Normal data	not applicable until a consumer is wired and reviewed	gra/src/game/civ-matrix.ts:41-60,71-101 (loader/accessor only); no gameplay call-site found	false
sumer	Sumerowie	1	walka_atak_piechota	walka	ulamek	civ-bonuses.ts	mul_proc	0	0	false	CURRENT_RUNTIME_DATA	DEFAULT_VALUE	CURRENT_RUNTIME_DEFAULT	gra/data/civ-matrix.json#/cywilizacje[typCywilizacji=sumer]/params/walka_atak_piechota	LEGACY_DOC_PRESENT	docs/encyklopedia/cywilizacje/sumer.md	DEAD_UNWIRED		0		NOT_ACTIVE	not computed by current consumer; retain raw Normal data	not applicable until a consumer is wired and reviewed	gra/src/game/civ-matrix.ts:41-60,71-101 (loader/accessor only); no gameplay call-site found	false
sumer	Sumerowie	1	walka_atak_lukownicy	walka	ulamek	civ-bonuses.ts	mul_proc	0	0	false	CURRENT_RUNTIME_DATA	DEFAULT_VALUE	CURRENT_RUNTIME_DEFAULT	gra/data/civ-matrix.json#/cywilizacje[typCywilizacji=sumer]/params/walka_atak_lukownicy	LEGACY_DOC_PRESENT	docs/encyklopedia/cywilizacje/sumer.md	UNWIRED		0		NOT_ACTIVE	not computed by current consumer; retain raw Normal data	not applicable until a consumer is wired and reviewed	gra/src/game/civ-matrix.ts:41-60,71-101 (loader/accessor only); no gameplay call-site found	false
sumer	Sumerowie	1	walka_atak_kawaleria	walka	ulamek	civ-bonuses.ts	mul_proc	0	0	false	CURRENT_RUNTIME_DATA	DEFAULT_VALUE	CURRENT_RUNTIME_DEFAULT	gra/data/civ-matrix.json#/cywilizacje[typCywilizacji=sumer]/params/walka_atak_kawaleria	LEGACY_DOC_PRESENT	docs/encyklopedia/cywilizacje/sumer.md	DEAD_UNWIRED		0		NOT_ACTIVE	not computed by current consumer; retain raw Normal data	not applicable until a consumer is wired and reviewed	gra/src/game/civ-matrix.ts:41-60,71-101 (loader/accessor only); no gameplay call-site found	false
sumer	Sumerowie	1	walka_atak_rydwany	walka	ulamek	civ-bonuses.ts	mul_proc	0	0	false	CURRENT_RUNTIME_DATA	DEFAULT_VALUE	CURRENT_RUNTIME_DEFAULT	gra/data/civ-matrix.json#/cywilizacje[typCywilizacji=sumer]/params/walka_atak_rydwany	LEGACY_DOC_PRESENT	docs/encyklopedia/cywilizacje/sumer.md	DEAD_UNWIRED		0		NOT_ACTIVE	not computed by current consumer; retain raw Normal data	not applicable until a consumer is wired and reviewed	gra/src/game/civ-matrix.ts:41-60,71-101 (loader/accessor only); no gameplay call-site found	false
sumer	Sumerowie	1	walka_atak_obleczenie	walka	ulamek	civ-bonuses.ts	mul_proc	0	0	false	CURRENT_RUNTIME_DATA	DEFAULT_VALUE	CURRENT_RUNTIME_DEFAULT	gra/data/civ-matrix.json#/cywilizacje[typCywilizacji=sumer]/params/walka_atak_obleczenie	LEGACY_DOC_PRESENT	docs/encyklopedia/cywilizacje/sumer.md	DEAD_UNWIRED		0		NOT_ACTIVE	not computed by current consumer; retain raw Normal data	not applicable until a consumer is wired and reviewed	gra/src/game/civ-matrix.ts:41-60,71-101 (loader/accessor only); no gameplay call-site found	false
sumer	Sumerowie	1	walka_atak_morska	walka	ulamek	civ-bonuses.ts	mul_proc	0	0	false	CURRENT_RUNTIME_DATA	DEFAULT_VALUE	CURRENT_RUNTIME_DEFAULT	gra/data/civ-matrix.json#/cywilizacje[typCywilizacji=sumer]/params/walka_atak_morska	LEGACY_DOC_PRESENT	docs/encyklopedia/cywilizacje/sumer.md	UNWIRED		0		NOT_ACTIVE	not computed by current consumer; retain raw Normal data	not applicable until a consumer is wired and reviewed	gra/src/game/civ-matrix.ts:41-60,71-101 (loader/accessor only); no gameplay call-site found	false
sumer	Sumerowie	1	walka_atak_wszystkie	walka	ulamek	civ-bonuses.ts	mul_proc	0	0	false	CURRENT_RUNTIME_DATA	DEFAULT_VALUE	CURRENT_RUNTIME_DEFAULT	gra/data/civ-matrix.json#/cywilizacje[typCywilizacji=sumer]/params/walka_atak_wszystkie	LEGACY_DOC_PRESENT	docs/encyklopedia/cywilizacje/sumer.md	UNWIRED		0		NOT_ACTIVE	not computed by current consumer; retain raw Normal data	not applicable until a consumer is wired and reviewed	gra/src/game/civ-matrix.ts:41-60,71-101 (loader/accessor only); no gameplay call-site found	false
sumer	Sumerowie	1	walka_obrona_piechota	walka	ulamek	civ-bonuses.ts	mul_proc	0.2	0	true	CURRENT_RUNTIME_DATA	NON_DEFAULT_OVERRIDE	CURRENT_RUNTIME_DATA	gra/data/civ-matrix.json#/cywilizacje[typCywilizacji=sumer]/params/walka_obrona_piechota	LEGACY_DOC_PRESENT	docs/encyklopedia/cywilizacje/sumer.md	DEAD_UNWIRED		0.2		NOT_ACTIVE	not computed by current consumer; retain raw Normal data	not applicable until a consumer is wired and reviewed	gra/src/game/civ-matrix.ts:41-60,71-101 (loader/accessor only); no gameplay call-site found	false
sumer	Sumerowie	1	walka_obrona_lukownicy	walka	ulamek	civ-bonuses.ts	mul_proc	0	0	false	CURRENT_RUNTIME_DATA	DEFAULT_VALUE	CURRENT_RUNTIME_DEFAULT	gra/data/civ-matrix.json#/cywilizacje[typCywilizacji=sumer]/params/walka_obrona_lukownicy	LEGACY_DOC_PRESENT	docs/encyklopedia/cywilizacje/sumer.md	UNWIRED		0		NOT_ACTIVE	not computed by current consumer; retain raw Normal data	not applicable until a consumer is wired and reviewed	gra/src/game/civ-matrix.ts:41-60,71-101 (loader/accessor only); no gameplay call-site found	false
sumer	Sumerowie	1	walka_obrona_kawaleria	walka	ulamek	civ-bonuses.ts	mul_proc	0	0	false	CURRENT_RUNTIME_DATA	DEFAULT_VALUE	CURRENT_RUNTIME_DEFAULT	gra/data/civ-matrix.json#/cywilizacje[typCywilizacji=sumer]/params/walka_obrona_kawaleria	LEGACY_DOC_PRESENT	docs/encyklopedia/cywilizacje/sumer.md	UNWIRED		0		NOT_ACTIVE	not computed by current consumer; retain raw Normal data	not applicable until a consumer is wired and reviewed	gra/src/game/civ-matrix.ts:41-60,71-101 (loader/accessor only); no gameplay call-site found	false
sumer	Sumerowie	1	walka_obrona_rydwany	walka	ulamek	civ-bonuses.ts	mul_proc	0	0	false	CURRENT_RUNTIME_DATA	DEFAULT_VALUE	CURRENT_RUNTIME_DEFAULT	gra/data/civ-matrix.json#/cywilizacje[typCywilizacji=sumer]/params/walka_obrona_rydwany	LEGACY_DOC_PRESENT	docs/encyklopedia/cywilizacje/sumer.md	UNWIRED		0		NOT_ACTIVE	not computed by current consumer; retain raw Normal data	not applicable until a consumer is wired and reviewed	gra/src/game/civ-matrix.ts:41-60,71-101 (loader/accessor only); no gameplay call-site found	false
sumer	Sumerowie	1	walka_obrona_obleczenie	walka	ulamek	civ-bonuses.ts	mul_proc	0	0	false	CURRENT_RUNTIME_DATA	DEFAULT_VALUE	CURRENT_RUNTIME_DEFAULT	gra/data/civ-matrix.json#/cywilizacje[typCywilizacji=sumer]/params/walka_obrona_obleczenie	LEGACY_DOC_PRESENT	docs/encyklopedia/cywilizacje/sumer.md	UNWIRED		0		NOT_ACTIVE	not computed by current consumer; retain raw Normal data	not applicable until a consumer is wired and reviewed	gra/src/game/civ-matrix.ts:41-60,71-101 (loader/accessor only); no gameplay call-site found	false
sumer	Sumerowie	1	walka_obrona_morska	walka	ulamek	civ-bonuses.ts	mul_proc	0	0	false	CURRENT_RUNTIME_DATA	DEFAULT_VALUE	CURRENT_RUNTIME_DEFAULT	gra/data/civ-matrix.json#/cywilizacje[typCywilizacji=sumer]/params/walka_obrona_morska	LEGACY_DOC_PRESENT	docs/encyklopedia/cywilizacje/sumer.md	UNWIRED		0		NOT_ACTIVE	not computed by current consumer; retain raw Normal data	not applicable until a consumer is wired and reviewed	gra/src/game/civ-matrix.ts:41-60,71-101 (loader/accessor only); no gameplay call-site found	false
sumer	Sumerowie	1	walka_pancerz_piechota	walka	ulamek	civ-bonuses.ts	mul_proc	0	0	false	CURRENT_RUNTIME_DATA	DEFAULT_VALUE	CURRENT_RUNTIME_DEFAULT	gra/data/civ-matrix.json#/cywilizacje[typCywilizacji=sumer]/params/walka_pancerz_piechota	LEGACY_DOC_PRESENT	docs/encyklopedia/cywilizacje/sumer.md	DEAD_UNWIRED		0		NOT_ACTIVE	not computed by current consumer; retain raw Normal data	not applicable until a consumer is wired and reviewed	gra/src/game/civ-matrix.ts:41-60,71-101 (loader/accessor only); no gameplay call-site found	false
sumer	Sumerowie	1	walka_pancerz_lukownicy	walka	ulamek	civ-bonuses.ts	mul_proc	0	0	false	CURRENT_RUNTIME_DATA	DEFAULT_VALUE	CURRENT_RUNTIME_DEFAULT	gra/data/civ-matrix.json#/cywilizacje[typCywilizacji=sumer]/params/walka_pancerz_lukownicy	LEGACY_DOC_PRESENT	docs/encyklopedia/cywilizacje/sumer.md	UNWIRED		0		NOT_ACTIVE	not computed by current consumer; retain raw Normal data	not applicable until a consumer is wired and reviewed	gra/src/game/civ-matrix.ts:41-60,71-101 (loader/accessor only); no gameplay call-site found	false
sumer	Sumerowie	1	walka_pancerz_kawaleria	walka	ulamek	civ-bonuses.ts	mul_proc	0	0	false	CURRENT_RUNTIME_DATA	DEFAULT_VALUE	CURRENT_RUNTIME_DEFAULT	gra/data/civ-matrix.json#/cywilizacje[typCywilizacji=sumer]/params/walka_pancerz_kawaleria	LEGACY_DOC_PRESENT	docs/encyklopedia/cywilizacje/sumer.md	UNWIRED		0		NOT_ACTIVE	not computed by current consumer; retain raw Normal data	not applicable until a consumer is wired and reviewed	gra/src/game/civ-matrix.ts:41-60,71-101 (loader/accessor only); no gameplay call-site found	false
sumer	Sumerowie	1	walka_pancerz_rydwany	walka	ulamek	civ-bonuses.ts	mul_proc	0	0	false	CURRENT_RUNTIME_DATA	DEFAULT_VALUE	CURRENT_RUNTIME_DEFAULT	gra/data/civ-matrix.json#/cywilizacje[typCywilizacji=sumer]/params/walka_pancerz_rydwany	LEGACY_DOC_PRESENT	docs/encyklopedia/cywilizacje/sumer.md	UNWIRED		0		NOT_ACTIVE	not computed by current consumer; retain raw Normal data	not applicable until a consumer is wired and reviewed	gra/src/game/civ-matrix.ts:41-60,71-101 (loader/accessor only); no gameplay call-site found	false
sumer	Sumerowie	1	walka_uderzenie_piechota	walka	ulamek	civ-bonuses.ts	mul_proc	0	0	false	CURRENT_RUNTIME_DATA	DEFAULT_VALUE	CURRENT_RUNTIME_DEFAULT	gra/data/civ-matrix.json#/cywilizacje[typCywilizacji=sumer]/params/walka_uderzenie_piechota	LEGACY_DOC_PRESENT	docs/encyklopedia/cywilizacje/sumer.md	DEAD_UNWIRED		0		NOT_ACTIVE	not computed by current consumer; retain raw Normal data	not applicable until a consumer is wired and reviewed	gra/src/game/civ-matrix.ts:41-60,71-101 (loader/accessor only); no gameplay call-site found	false
sumer	Sumerowie	1	walka_uderzenie_kawaleria	walka	ulamek	civ-bonuses.ts	mul_proc	0	0	false	CURRENT_RUNTIME_DATA	DEFAULT_VALUE	CURRENT_RUNTIME_DEFAULT	gra/data/civ-matrix.json#/cywilizacje[typCywilizacji=sumer]/params/walka_uderzenie_kawaleria	LEGACY_DOC_PRESENT	docs/encyklopedia/cywilizacje/sumer.md	DEAD_UNWIRED		0		NOT_ACTIVE	not computed by current consumer; retain raw Normal data	not applicable until a consumer is wired and reviewed	gra/src/game/civ-matrix.ts:41-60,71-101 (loader/accessor only); no gameplay call-site found	false
sumer	Sumerowie	1	walka_uderzenie_rydwany	walka	ulamek	civ-bonuses.ts	mul_proc	0	0	false	CURRENT_RUNTIME_DATA	DEFAULT_VALUE	CURRENT_RUNTIME_DEFAULT	gra/data/civ-matrix.json#/cywilizacje[typCywilizacji=sumer]/params/walka_uderzenie_rydwany	LEGACY_DOC_PRESENT	docs/encyklopedia/cywilizacje/sumer.md	UNWIRED		0		NOT_ACTIVE	not computed by current consumer; retain raw Normal data	not applicable until a consumer is wired and reviewed	gra/src/game/civ-matrix.ts:41-60,71-101 (loader/accessor only); no gameplay call-site found	false
sumer	Sumerowie	1	walka_dystans_lukownicy	walka	ulamek	civ-bonuses.ts	mul_proc	0	0	false	CURRENT_RUNTIME_DATA	DEFAULT_VALUE	CURRENT_RUNTIME_DEFAULT	gra/data/civ-matrix.json#/cywilizacje[typCywilizacji=sumer]/params/walka_dystans_lukownicy	LEGACY_DOC_PRESENT	docs/encyklopedia/cywilizacje/sumer.md	DEAD_UNWIRED		0		NOT_ACTIVE	not computed by current consumer; retain raw Normal data	not applicable until a consumer is wired and reviewed	gra/src/game/civ-matrix.ts:41-60,71-101 (loader/accessor only); no gameplay call-site found	false
sumer	Sumerowie	1	walka_dystans_rydwany	walka	ulamek	civ-bonuses.ts	mul_proc	0	0	false	CURRENT_RUNTIME_DATA	DEFAULT_VALUE	CURRENT_RUNTIME_DEFAULT	gra/data/civ-matrix.json#/cywilizacje[typCywilizacji=sumer]/params/walka_dystans_rydwany	LEGACY_DOC_PRESENT	docs/encyklopedia/cywilizacje/sumer.md	UNWIRED		0		NOT_ACTIVE	not computed by current consumer; retain raw Normal data	not applicable until a consumer is wired and reviewed	gra/src/game/civ-matrix.ts:41-60,71-101 (loader/accessor only); no gameplay call-site found	false
sumer	Sumerowie	1	walka_hp_piechota	walka	ulamek	civ-bonuses.ts	mul_proc	0.2	0	true	CURRENT_RUNTIME_DATA	NON_DEFAULT_OVERRIDE	CURRENT_RUNTIME_DATA	gra/data/civ-matrix.json#/cywilizacje[typCywilizacji=sumer]/params/walka_hp_piechota	LEGACY_DOC_PRESENT	docs/encyklopedia/cywilizacje/sumer.md	DEAD_UNWIRED		0.2		NOT_ACTIVE	not computed by current consumer; retain raw Normal data	not applicable until a consumer is wired and reviewed	gra/src/game/civ-matrix.ts:41-60,71-101 (loader/accessor only); no gameplay call-site found	false
sumer	Sumerowie	1	walka_hp_kawaleria	walka	ulamek	civ-bonuses.ts	mul_proc	0	0	false	CURRENT_RUNTIME_DATA	DEFAULT_VALUE	CURRENT_RUNTIME_DEFAULT	gra/data/civ-matrix.json#/cywilizacje[typCywilizacji=sumer]/params/walka_hp_kawaleria	LEGACY_DOC_PRESENT	docs/encyklopedia/cywilizacje/sumer.md	UNWIRED		0		NOT_ACTIVE	not computed by current consumer; retain raw Normal data	not applicable until a consumer is wired and reviewed	gra/src/game/civ-matrix.ts:41-60,71-101 (loader/accessor only); no gameplay call-site found	false
sumer	Sumerowie	1	walka_hp_rydwany	walka	ulamek	civ-bonuses.ts	mul_proc	0.15	0	true	CURRENT_RUNTIME_DATA	NON_DEFAULT_OVERRIDE	CURRENT_RUNTIME_DATA	gra/data/civ-matrix.json#/cywilizacje[typCywilizacji=sumer]/params/walka_hp_rydwany	LEGACY_DOC_PRESENT	docs/encyklopedia/cywilizacje/sumer.md	DEAD_UNWIRED		0.15		NOT_ACTIVE	not computed by current consumer; retain raw Normal data	not applicable until a consumer is wired and reviewed	gra/src/game/civ-matrix.ts:41-60,71-101 (loader/accessor only); no gameplay call-site found	false
sumer	Sumerowie	1	walka_ruch_bitwa_proc	walka	ulamek	civ-bonuses.ts	mul_proc	0	0	false	CURRENT_RUNTIME_DATA	DEFAULT_VALUE	CURRENT_RUNTIME_DEFAULT	gra/data/civ-matrix.json#/cywilizacje[typCywilizacji=sumer]/params/walka_ruch_bitwa_proc	LEGACY_DOC_PRESENT	docs/encyklopedia/cywilizacje/sumer.md	DEAD_UNWIRED		0		NOT_ACTIVE	not computed by current consumer; retain raw Normal data	not applicable until a consumer is wired and reviewed	gra/src/game/civ-matrix.ts:41-60,71-101 (loader/accessor only); no gameplay call-site found	false
sumer	Sumerowie	1	walka_zasieg_proc	walka	ulamek	civ-bonuses.ts	mul_proc	0	0	false	CURRENT_RUNTIME_DATA	DEFAULT_VALUE	CURRENT_RUNTIME_DEFAULT	gra/data/civ-matrix.json#/cywilizacje[typCywilizacji=sumer]/params/walka_zasieg_proc	LEGACY_DOC_PRESENT	docs/encyklopedia/cywilizacje/sumer.md	UNWIRED		0		NOT_ACTIVE	not computed by current consumer; retain raw Normal data	not applicable until a consumer is wired and reviewed	gra/src/game/civ-matrix.ts:41-60,71-101 (loader/accessor only); no gameplay call-site found	false
sumer	Sumerowie	1	walka_oblezenie_proc	walka	ulamek	civ-bonuses.ts	mul_proc	0	0	false	CURRENT_RUNTIME_DATA	DEFAULT_VALUE	CURRENT_RUNTIME_DEFAULT	gra/data/civ-matrix.json#/cywilizacje[typCywilizacji=sumer]/params/walka_oblezenie_proc	LEGACY_DOC_PRESENT	docs/encyklopedia/cywilizacje/sumer.md	UNWIRED		0		NOT_ACTIVE	not computed by current consumer; retain raw Normal data	not applicable until a consumer is wired and reviewed	gra/src/game/civ-matrix.ts:41-60,71-101 (loader/accessor only); no gameplay call-site found	false
sumer	Sumerowie	1	walka_koszt_rekrutacji_proc	walka	ulamek	production.ts	mul_proc	0	0	false	CURRENT_RUNTIME_DATA	DEFAULT_VALUE	CURRENT_RUNTIME_DEFAULT	gra/data/civ-matrix.json#/cywilizacje[typCywilizacji=sumer]/params/walka_koszt_rekrutacji_proc	LEGACY_DOC_PRESENT	docs/encyklopedia/cywilizacje/sumer.md	DEAD_UNWIRED		0		NOT_ACTIVE	not computed by current consumer; retain raw Normal data	not applicable until a consumer is wired and reviewed	gra/src/game/civ-matrix.ts:41-60,71-101 (loader/accessor only); no gameplay call-site found	false
sumer	Sumerowie	1	walka_atak_piechota_teren_las	walka	ulamek	civ-bonuses.ts	mul_proc	0	0	false	CURRENT_RUNTIME_DATA	DEFAULT_VALUE	CURRENT_RUNTIME_DEFAULT	gra/data/civ-matrix.json#/cywilizacje[typCywilizacji=sumer]/params/walka_atak_piechota_teren_las	LEGACY_DOC_PRESENT	docs/encyklopedia/cywilizacje/sumer.md	DEAD_UNWIRED		0		NOT_ACTIVE	not computed by current consumer; retain raw Normal data	not applicable until a consumer is wired and reviewed	gra/src/game/civ-matrix.ts:41-60,71-101 (loader/accessor only); no gameplay call-site found	false
sumer	Sumerowie	1	walka_obrona_piechota_teren_las	walka	ulamek	civ-bonuses.ts	mul_proc	0	0	false	CURRENT_RUNTIME_DATA	DEFAULT_VALUE	CURRENT_RUNTIME_DEFAULT	gra/data/civ-matrix.json#/cywilizacje[typCywilizacji=sumer]/params/walka_obrona_piechota_teren_las	LEGACY_DOC_PRESENT	docs/encyklopedia/cywilizacje/sumer.md	UNWIRED		0		NOT_ACTIVE	not computed by current consumer; retain raw Normal data	not applicable until a consumer is wired and reviewed	gra/src/game/civ-matrix.ts:41-60,71-101 (loader/accessor only); no gameplay call-site found	false
sumer	Sumerowie	1	walka_atak_piechota_terytorium_wlasne	walka	ulamek	civ-bonuses.ts	mul_proc	0	0	false	CURRENT_RUNTIME_DATA	DEFAULT_VALUE	CURRENT_RUNTIME_DEFAULT	gra/data/civ-matrix.json#/cywilizacje[typCywilizacji=sumer]/params/walka_atak_piechota_terytorium_wlasne	LEGACY_DOC_PRESENT	docs/encyklopedia/cywilizacje/sumer.md	UNWIRED		0		NOT_ACTIVE	not computed by current consumer; retain raw Normal data	not applicable until a consumer is wired and reviewed	gra/src/game/civ-matrix.ts:41-60,71-101 (loader/accessor only); no gameplay call-site found	false
sumer	Sumerowie	1	walka_obrona_piechota_terytorium_wlasne	walka	ulamek	civ-bonuses.ts	mul_proc	0	0	false	CURRENT_RUNTIME_DATA	DEFAULT_VALUE	CURRENT_RUNTIME_DEFAULT	gra/data/civ-matrix.json#/cywilizacje[typCywilizacji=sumer]/params/walka_obrona_piechota_terytorium_wlasne	LEGACY_DOC_PRESENT	docs/encyklopedia/cywilizacje/sumer.md	DEAD_UNWIRED		0		NOT_ACTIVE	not computed by current consumer; retain raw Normal data	not applicable until a consumer is wired and reviewed	gra/src/game/civ-matrix.ts:41-60,71-101 (loader/accessor only); no gameplay call-site found	false
sumer	Sumerowie	1	walka_atak_piechota_w_murze	walka	ulamek	civ-bonuses.ts	mul_proc	0	0	false	CURRENT_RUNTIME_DATA	DEFAULT_VALUE	CURRENT_RUNTIME_DEFAULT	gra/data/civ-matrix.json#/cywilizacje[typCywilizacji=sumer]/params/walka_atak_piechota_w_murze	LEGACY_DOC_PRESENT	docs/encyklopedia/cywilizacje/sumer.md	UNWIRED		0		NOT_ACTIVE	not computed by current consumer; retain raw Normal data	not applicable until a consumer is wired and reviewed	gra/src/game/civ-matrix.ts:41-60,71-101 (loader/accessor only); no gameplay call-site found	false
sumer	Sumerowie	1	walka_obrona_piechota_w_murze	walka	ulamek	civ-bonuses.ts	mul_proc	0	0	false	CURRENT_RUNTIME_DATA	DEFAULT_VALUE	CURRENT_RUNTIME_DEFAULT	gra/data/civ-matrix.json#/cywilizacje[typCywilizacji=sumer]/params/walka_obrona_piechota_w_murze	LEGACY_DOC_PRESENT	docs/encyklopedia/cywilizacje/sumer.md	DEAD_UNWIRED		0		NOT_ACTIVE	not computed by current consumer; retain raw Normal data	not applicable until a consumer is wired and reviewed	gra/src/game/civ-matrix.ts:41-60,71-101 (loader/accessor only); no gameplay call-site found	false
sumer	Sumerowie	1	walka_atak_piechota_runda_szarzy	walka	ulamek	civ-bonuses.ts	mul_proc	0	0	false	CURRENT_RUNTIME_DATA	DEFAULT_VALUE	CURRENT_RUNTIME_DEFAULT	gra/data/civ-matrix.json#/cywilizacje[typCywilizacji=sumer]/params/walka_atak_piechota_runda_szarzy	LEGACY_DOC_PRESENT	docs/encyklopedia/cywilizacje/sumer.md	DEAD_UNWIRED		0		NOT_ACTIVE	not computed by current consumer; retain raw Normal data	not applicable until a consumer is wired and reviewed	gra/src/game/civ-matrix.ts:41-60,71-101 (loader/accessor only); no gameplay call-site found	false
sumer	Sumerowie	1	walka_obrona_piechota_runda_szarzy	walka	ulamek	civ-bonuses.ts	mul_proc	0	0	false	CURRENT_RUNTIME_DATA	DEFAULT_VALUE	CURRENT_RUNTIME_DEFAULT	gra/data/civ-matrix.json#/cywilizacje[typCywilizacji=sumer]/params/walka_obrona_piechota_runda_szarzy	LEGACY_DOC_PRESENT	docs/encyklopedia/cywilizacje/sumer.md	UNWIRED		0		NOT_ACTIVE	not computed by current consumer; retain raw Normal data	not applicable until a consumer is wired and reviewed	gra/src/game/civ-matrix.ts:41-60,71-101 (loader/accessor only); no gameplay call-site found	false
sumer	Sumerowie	1	walka_atak_piechota_teren_plytkie_morze	walka	ulamek	civ-bonuses.ts	mul_proc	0	0	false	CURRENT_RUNTIME_DATA	DEFAULT_VALUE	CURRENT_RUNTIME_DEFAULT	gra/data/civ-matrix.json#/cywilizacje[typCywilizacji=sumer]/params/walka_atak_piechota_teren_plytkie_morze	LEGACY_DOC_PRESENT	docs/encyklopedia/cywilizacje/sumer.md	UNWIRED		0		NOT_ACTIVE	not computed by current consumer; retain raw Normal data	not applicable until a consumer is wired and reviewed	gra/src/game/civ-matrix.ts:41-60,71-101 (loader/accessor only); no gameplay call-site found	false
sumer	Sumerowie	1	walka_obrona_piechota_teren_plytkie_morze	walka	ulamek	civ-bonuses.ts	mul_proc	0	0	false	CURRENT_RUNTIME_DATA	DEFAULT_VALUE	CURRENT_RUNTIME_DEFAULT	gra/data/civ-matrix.json#/cywilizacje[typCywilizacji=sumer]/params/walka_obrona_piechota_teren_plytkie_morze	LEGACY_DOC_PRESENT	docs/encyklopedia/cywilizacje/sumer.md	UNWIRED		0		NOT_ACTIVE	not computed by current consumer; retain raw Normal data	not applicable until a consumer is wired and reviewed	gra/src/game/civ-matrix.ts:41-60,71-101 (loader/accessor only); no gameplay call-site found	false
sumer	Sumerowie	1	spec_Atak	jednostka_spec	absolut	units.json+combat.ts	stat_abs	10	0	true	CURRENT_RUNTIME_DATA	NON_DEFAULT_OVERRIDE	CURRENT_RUNTIME_DATA	gra/data/civ-matrix.json#/cywilizacje[typCywilizacji=sumer]/params/spec_Atak	LEGACY_DOC_PRESENT	docs/encyklopedia/cywilizacje/sumer.md	DEAD_UNWIRED		10		NOT_ACTIVE	not computed by current consumer; retain raw Normal data	not applicable until a consumer is wired and reviewed	gra/src/game/civ-matrix.ts:41-60,71-101 (loader/accessor only); no gameplay call-site found	false
sumer	Sumerowie	1	spec_Obrazenia	jednostka_spec	absolut	units.json+combat.ts	stat_abs	0	0	false	CURRENT_RUNTIME_DATA	DEFAULT_VALUE	CURRENT_RUNTIME_DEFAULT	gra/data/civ-matrix.json#/cywilizacje[typCywilizacji=sumer]/params/spec_Obrazenia	LEGACY_DOC_PRESENT	docs/encyklopedia/cywilizacje/sumer.md	DEAD_UNWIRED		0		NOT_ACTIVE	not computed by current consumer; retain raw Normal data	not applicable until a consumer is wired and reviewed	gra/src/game/civ-matrix.ts:41-60,71-101 (loader/accessor only); no gameplay call-site found	false
sumer	Sumerowie	1	spec_Obrona	jednostka_spec	absolut	units.json+combat.ts	stat_abs	8	0	true	CURRENT_RUNTIME_DATA	NON_DEFAULT_OVERRIDE	CURRENT_RUNTIME_DATA	gra/data/civ-matrix.json#/cywilizacje[typCywilizacji=sumer]/params/spec_Obrona	LEGACY_DOC_PRESENT	docs/encyklopedia/cywilizacje/sumer.md	DEAD_UNWIRED		8		NOT_ACTIVE	not computed by current consumer; retain raw Normal data	not applicable until a consumer is wired and reviewed	gra/src/game/civ-matrix.ts:41-60,71-101 (loader/accessor only); no gameplay call-site found	false
sumer	Sumerowie	1	spec_Uderzenie	jednostka_spec	absolut	units.json+combat.ts	stat_abs	8	0	true	CURRENT_RUNTIME_DATA	NON_DEFAULT_OVERRIDE	CURRENT_RUNTIME_DATA	gra/data/civ-matrix.json#/cywilizacje[typCywilizacji=sumer]/params/spec_Uderzenie	LEGACY_DOC_PRESENT	docs/encyklopedia/cywilizacje/sumer.md	DEAD_UNWIRED		8		NOT_ACTIVE	not computed by current consumer; retain raw Normal data	not applicable until a consumer is wired and reviewed	gra/src/game/civ-matrix.ts:41-60,71-101 (loader/accessor only); no gameplay call-site found	false
sumer	Sumerowie	1	spec_Pancerz	jednostka_spec	absolut	units.json+combat.ts	stat_abs	6	0	true	CURRENT_RUNTIME_DATA	NON_DEFAULT_OVERRIDE	CURRENT_RUNTIME_DATA	gra/data/civ-matrix.json#/cywilizacje[typCywilizacji=sumer]/params/spec_Pancerz	LEGACY_DOC_PRESENT	docs/encyklopedia/cywilizacje/sumer.md	DEAD_UNWIRED		6		NOT_ACTIVE	not computed by current consumer; retain raw Normal data	not applicable until a consumer is wired and reviewed	gra/src/game/civ-matrix.ts:41-60,71-101 (loader/accessor only); no gameplay call-site found	false
sumer	Sumerowie	1	spec_Przebicie	jednostka_spec	absolut	units.json+combat.ts	stat_abs	4	0	true	CURRENT_RUNTIME_DATA	NON_DEFAULT_OVERRIDE	CURRENT_RUNTIME_DATA	gra/data/civ-matrix.json#/cywilizacje[typCywilizacji=sumer]/params/spec_Przebicie	LEGACY_DOC_PRESENT	docs/encyklopedia/cywilizacje/sumer.md	DEAD_UNWIRED		4		NOT_ACTIVE	not computed by current consumer; retain raw Normal data	not applicable until a consumer is wired and reviewed	gra/src/game/civ-matrix.ts:41-60,71-101 (loader/accessor only); no gameplay call-site found	false
sumer	Sumerowie	1	spec_Health	jednostka_spec	absolut	units.json+combat.ts	stat_abs	85	0	true	CURRENT_RUNTIME_DATA	NON_DEFAULT_OVERRIDE	CURRENT_RUNTIME_DATA	gra/data/civ-matrix.json#/cywilizacje[typCywilizacji=sumer]/params/spec_Health	LEGACY_DOC_PRESENT	docs/encyklopedia/cywilizacje/sumer.md	DEAD_UNWIRED		85		NOT_ACTIVE	not computed by current consumer; retain raw Normal data	not applicable until a consumer is wired and reviewed	gra/src/game/civ-matrix.ts:41-60,71-101 (loader/accessor only); no gameplay call-site found	false
sumer	Sumerowie	1	spec_Atak_dystansowy	jednostka_spec	absolut	units.json+combat.ts	stat_abs	0	0	false	CURRENT_RUNTIME_DATA	DEFAULT_VALUE	CURRENT_RUNTIME_DEFAULT	gra/data/civ-matrix.json#/cywilizacje[typCywilizacji=sumer]/params/spec_Atak_dystansowy	LEGACY_DOC_PRESENT	docs/encyklopedia/cywilizacje/sumer.md	DEAD_UNWIRED		0		NOT_ACTIVE	not computed by current consumer; retain raw Normal data	not applicable until a consumer is wired and reviewed	gra/src/game/civ-matrix.ts:41-60,71-101 (loader/accessor only); no gameplay call-site found	false
sumer	Sumerowie	1	spec_Zasieg_hex	jednostka_spec	absolut	units.json+combat.ts	stat_abs	0	0	false	CURRENT_RUNTIME_DATA	DEFAULT_VALUE	CURRENT_RUNTIME_DEFAULT	gra/data/civ-matrix.json#/cywilizacje[typCywilizacji=sumer]/params/spec_Zasieg_hex	LEGACY_DOC_PRESENT	docs/encyklopedia/cywilizacje/sumer.md	DEAD_UNWIRED		0		NOT_ACTIVE	not computed by current consumer; retain raw Normal data	not applicable until a consumer is wired and reviewed	gra/src/game/civ-matrix.ts:41-60,71-101 (loader/accessor only); no gameplay call-site found	false
sumer	Sumerowie	1	spec_Pociski	jednostka_spec	absolut	units.json+combat.ts	stat_abs	0	0	false	CURRENT_RUNTIME_DATA	DEFAULT_VALUE	CURRENT_RUNTIME_DEFAULT	gra/data/civ-matrix.json#/cywilizacje[typCywilizacji=sumer]/params/spec_Pociski	LEGACY_DOC_PRESENT	docs/encyklopedia/cywilizacje/sumer.md	DEAD_UNWIRED		0		NOT_ACTIVE	not computed by current consumer; retain raw Normal data	not applicable until a consumer is wired and reviewed	gra/src/game/civ-matrix.ts:41-60,71-101 (loader/accessor only); no gameplay call-site found	false
sumer	Sumerowie	1	spec_Ruch_bitwa	jednostka_spec	absolut	units.json+combat.ts	stat_abs	4	0	true	CURRENT_RUNTIME_DATA	NON_DEFAULT_OVERRIDE	CURRENT_RUNTIME_DATA	gra/data/civ-matrix.json#/cywilizacje[typCywilizacji=sumer]/params/spec_Ruch_bitwa	LEGACY_DOC_PRESENT	docs/encyklopedia/cywilizacje/sumer.md	DEAD_UNWIRED		4		NOT_ACTIVE	not computed by current consumer; retain raw Normal data	not applicable until a consumer is wired and reviewed	gra/src/game/civ-matrix.ts:41-60,71-101 (loader/accessor only); no gameplay call-site found	false
sumer	Sumerowie	1	spec_Ruch_mapa	jednostka_spec	absolut	units.json+combat.ts	stat_abs	2	0	true	CURRENT_RUNTIME_DATA	NON_DEFAULT_OVERRIDE	CURRENT_RUNTIME_DATA	gra/data/civ-matrix.json#/cywilizacje[typCywilizacji=sumer]/params/spec_Ruch_mapa	LEGACY_DOC_PRESENT	docs/encyklopedia/cywilizacje/sumer.md	DEAD_UNWIRED		2		NOT_ACTIVE	not computed by current consumer; retain raw Normal data	not applicable until a consumer is wired and reviewed	gra/src/game/civ-matrix.ts:41-60,71-101 (loader/accessor only); no gameplay call-site found	false
sumer	Sumerowie	1	spec_Widok	jednostka_spec	absolut	units.json+combat.ts	stat_abs	2	0	true	CURRENT_RUNTIME_DATA	NON_DEFAULT_OVERRIDE	CURRENT_RUNTIME_DATA	gra/data/civ-matrix.json#/cywilizacje[typCywilizacji=sumer]/params/spec_Widok	LEGACY_DOC_PRESENT	docs/encyklopedia/cywilizacje/sumer.md	DEAD_UNWIRED		2		NOT_ACTIVE	not computed by current consumer; retain raw Normal data	not applicable until a consumer is wired and reviewed	gra/src/game/civ-matrix.ts:41-60,71-101 (loader/accessor only); no gameplay call-site found	false
sumer	Sumerowie	1	spec_Dezercja_proc	jednostka_spec	absolut	units.json+combat.ts	stat_abs	0.1	0	true	CURRENT_RUNTIME_DATA	NON_DEFAULT_OVERRIDE	CURRENT_RUNTIME_DATA	gra/data/civ-matrix.json#/cywilizacje[typCywilizacji=sumer]/params/spec_Dezercja_proc	LEGACY_DOC_PRESENT	docs/encyklopedia/cywilizacje/sumer.md	DEAD_UNWIRED		0.1		NOT_ACTIVE	not computed by current consumer; retain raw Normal data	not applicable until a consumer is wired and reviewed	gra/src/game/civ-matrix.ts:41-60,71-101 (loader/accessor only); no gameplay call-site found	false
sumer	Sumerowie	1	spec_Morale	jednostka_spec	absolut	units.json+combat.ts	stat_abs	120	0	true	CURRENT_RUNTIME_DATA	NON_DEFAULT_OVERRIDE	CURRENT_RUNTIME_DATA	gra/data/civ-matrix.json#/cywilizacje[typCywilizacji=sumer]/params/spec_Morale	LEGACY_DOC_PRESENT	docs/encyklopedia/cywilizacje/sumer.md	DEAD_UNWIRED		120		NOT_ACTIVE	not computed by current consumer; retain raw Normal data	not applicable until a consumer is wired and reviewed	gra/src/game/civ-matrix.ts:41-60,71-101 (loader/accessor only); no gameplay call-site found	false
sumer	Sumerowie	1	spec_Koszt_pieniadz	jednostka_spec	absolut	units.json+combat.ts	stat_abs	0	0	false	CURRENT_RUNTIME_DATA	DEFAULT_VALUE	CURRENT_RUNTIME_DEFAULT	gra/data/civ-matrix.json#/cywilizacje[typCywilizacji=sumer]/params/spec_Koszt_pieniadz	LEGACY_DOC_PRESENT	docs/encyklopedia/cywilizacje/sumer.md	DEAD_UNWIRED		0		NOT_ACTIVE	not computed by current consumer; retain raw Normal data	not applicable until a consumer is wired and reviewed	gra/src/game/civ-matrix.ts:41-60,71-101 (loader/accessor only); no gameplay call-site found	false
sumer	Sumerowie	1	spec_Utrzymanie	jednostka_spec	absolut	units.json+combat.ts	stat_abs	0	0	false	CURRENT_RUNTIME_DATA	DEFAULT_VALUE	CURRENT_RUNTIME_DEFAULT	gra/data/civ-matrix.json#/cywilizacje[typCywilizacji=sumer]/params/spec_Utrzymanie	LEGACY_DOC_PRESENT	docs/encyklopedia/cywilizacje/sumer.md	DEAD_UNWIRED		0		NOT_ACTIVE	not computed by current consumer; retain raw Normal data	not applicable until a consumer is wired and reviewed	gra/src/game/civ-matrix.ts:41-60,71-101 (loader/accessor only); no gameplay call-site found	false
sumer	Sumerowie	1	spec_Zywnosc_ture	jednostka_spec	absolut	units.json+combat.ts	stat_abs	1	0	true	CURRENT_RUNTIME_DATA	NON_DEFAULT_OVERRIDE	CURRENT_RUNTIME_DATA	gra/data/civ-matrix.json#/cywilizacje[typCywilizacji=sumer]/params/spec_Zywnosc_ture	LEGACY_DOC_PRESENT	docs/encyklopedia/cywilizacje/sumer.md	DEAD_UNWIRED		1		NOT_ACTIVE	not computed by current consumer; retain raw Normal data	not applicable until a consumer is wired and reviewed	gra/src/game/civ-matrix.ts:41-60,71-101 (loader/accessor only); no gameplay call-site found	false
sumer	Sumerowie	1	eko_praca_proc	ekonomia	ulamek	economy.ts	mul_proc	0.01	0	true	CURRENT_RUNTIME_DATA	NON_DEFAULT_OVERRIDE	CURRENT_RUNTIME_DATA	gra/data/civ-matrix.json#/cywilizacje[typCywilizacji=sumer]/params/eko_praca_proc	LEGACY_DOC_PRESENT	docs/encyklopedia/cywilizacje/sumer.md	DEAD_UNWIRED		0.01		NOT_ACTIVE	not computed by current consumer; retain raw Normal data	not applicable until a consumer is wired and reviewed	gra/src/game/civ-matrix.ts:41-60,71-101 (loader/accessor only); no gameplay call-site found	false
sumer	Sumerowie	1	eko_pieniadz_proc	ekonomia	ulamek	economy.ts	mul_proc	0	0	false	CURRENT_RUNTIME_DATA	DEFAULT_VALUE	CURRENT_RUNTIME_DEFAULT	gra/data/civ-matrix.json#/cywilizacje[typCywilizacji=sumer]/params/eko_pieniadz_proc	LEGACY_DOC_PRESENT	docs/encyklopedia/cywilizacje/sumer.md	DEAD_UNWIRED		0		NOT_ACTIVE	not computed by current consumer; retain raw Normal data	not applicable until a consumer is wired and reviewed	gra/src/game/civ-matrix.ts:41-60,71-101 (loader/accessor only); no gameplay call-site found	false
sumer	Sumerowie	1	eko_pieniadz_port_proc	ekonomia	ulamek	economy.ts	mul_proc	0	0	false	CURRENT_RUNTIME_DATA	DEFAULT_VALUE	CURRENT_RUNTIME_DEFAULT	gra/data/civ-matrix.json#/cywilizacje[typCywilizacji=sumer]/params/eko_pieniadz_port_proc	LEGACY_DOC_PRESENT	docs/encyklopedia/cywilizacje/sumer.md	DEAD_UNWIRED		0		NOT_ACTIVE	not computed by current consumer; retain raw Normal data	not applicable until a consumer is wired and reviewed	gra/src/game/civ-matrix.ts:41-60,71-101 (loader/accessor only); no gameplay call-site found	false
sumer	Sumerowie	1	eko_zywnosc_proc	ekonomia	ulamek	economy.ts	mul_proc	0	0	false	CURRENT_RUNTIME_DATA	DEFAULT_VALUE	CURRENT_RUNTIME_DEFAULT	gra/data/civ-matrix.json#/cywilizacje[typCywilizacji=sumer]/params/eko_zywnosc_proc	LEGACY_DOC_PRESENT	docs/encyklopedia/cywilizacje/sumer.md	UNWIRED		0		NOT_ACTIVE	not computed by current consumer; retain raw Normal data	not applicable until a consumer is wired and reviewed	gra/src/game/civ-matrix.ts:41-60,71-101 (loader/accessor only); no gameplay call-site found	false
sumer	Sumerowie	1	eko_nauka_proc	ekonomia	ulamek	economy.ts	mul_proc	0	0	false	CURRENT_RUNTIME_DATA	DEFAULT_VALUE	CURRENT_RUNTIME_DEFAULT	gra/data/civ-matrix.json#/cywilizacje[typCywilizacji=sumer]/params/eko_nauka_proc	LEGACY_DOC_PRESENT	docs/encyklopedia/cywilizacje/sumer.md	DEAD_UNWIRED		0		NOT_ACTIVE	not computed by current consumer; retain raw Normal data	not applicable until a consumer is wired and reviewed	gra/src/game/civ-matrix.ts:41-60,71-101 (loader/accessor only); no gameplay call-site found	false
sumer	Sumerowie	1	eko_kultura_proc	ekonomia	ulamek	economy.ts	mul_proc	0	0	false	CURRENT_RUNTIME_DATA	DEFAULT_VALUE	CURRENT_RUNTIME_DEFAULT	gra/data/civ-matrix.json#/cywilizacje[typCywilizacji=sumer]/params/eko_kultura_proc	LEGACY_DOC_PRESENT	docs/encyklopedia/cywilizacje/sumer.md	UNWIRED		0		NOT_ACTIVE	not computed by current consumer; retain raw Normal data	not applicable until a consumer is wired and reviewed	gra/src/game/civ-matrix.ts:41-60,71-101 (loader/accessor only); no gameplay call-site found	false
sumer	Sumerowie	1	eko_luksus_proc	ekonomia	ulamek	economy.ts	mul_proc	0	0	false	CURRENT_RUNTIME_DATA	DEFAULT_VALUE	CURRENT_RUNTIME_DEFAULT	gra/data/civ-matrix.json#/cywilizacje[typCywilizacji=sumer]/params/eko_luksus_proc	LEGACY_DOC_PRESENT	docs/encyklopedia/cywilizacje/sumer.md	UNWIRED		0		NOT_ACTIVE	not computed by current consumer; retain raw Normal data	not applicable until a consumer is wired and reviewed	gra/src/game/civ-matrix.ts:41-60,71-101 (loader/accessor only); no gameplay call-site found	false
sumer	Sumerowie	1	eko_zadowolenie_proc	ekonomia	ulamek	economy.ts	mul_proc	0	0	false	CURRENT_RUNTIME_DATA	DEFAULT_VALUE	CURRENT_RUNTIME_DEFAULT	gra/data/civ-matrix.json#/cywilizacje[typCywilizacji=sumer]/params/eko_zadowolenie_proc	LEGACY_DOC_PRESENT	docs/encyklopedia/cywilizacje/sumer.md	UNWIRED		0		NOT_ACTIVE	not computed by current consumer; retain raw Normal data	not applicable until a consumer is wired and reviewed	gra/src/game/civ-matrix.ts:41-60,71-101 (loader/accessor only); no gameplay call-site found	false
sumer	Sumerowie	1	eko_handel_brutto_proc	ekonomia	ulamek	economy.ts	mul_proc	0	0	false	CURRENT_RUNTIME_DATA	DEFAULT_VALUE	CURRENT_RUNTIME_DEFAULT	gra/data/civ-matrix.json#/cywilizacje[typCywilizacji=sumer]/params/eko_handel_brutto_proc	LEGACY_DOC_PRESENT	docs/encyklopedia/cywilizacje/sumer.md	DEAD_UNWIRED		0		NOT_ACTIVE	not computed by current consumer; retain raw Normal data	not applicable until a consumer is wired and reviewed	gra/src/game/civ-matrix.ts:41-60,71-101 (loader/accessor only); no gameplay call-site found	false
sumer	Sumerowie	1	eko_korupcja_proc	ekonomia	ulamek	economy.ts	mul_proc	0	0	false	CURRENT_RUNTIME_DATA	DEFAULT_VALUE	CURRENT_RUNTIME_DEFAULT	gra/data/civ-matrix.json#/cywilizacje[typCywilizacji=sumer]/params/eko_korupcja_proc	LEGACY_DOC_PRESENT	docs/encyklopedia/cywilizacje/sumer.md	UNWIRED		0		NOT_ACTIVE	not computed by current consumer; retain raw Normal data	not applicable until a consumer is wired and reviewed	gra/src/game/civ-matrix.ts:41-60,71-101 (loader/accessor only); no gameplay call-site found	false
sumer	Sumerowie	1	prod_koszt_budynku_proc	produkcja	ulamek	civ-bonuses.ts	mul_proc	0	0	false	CURRENT_RUNTIME_DATA	DEFAULT_VALUE	CURRENT_RUNTIME_DEFAULT	gra/data/civ-matrix.json#/cywilizacje[typCywilizacji=sumer]/params/prod_koszt_budynku_proc	LEGACY_DOC_PRESENT	docs/encyklopedia/cywilizacje/sumer.md	DEAD_UNWIRED		0		NOT_ACTIVE	not computed by current consumer; retain raw Normal data	not applicable until a consumer is wired and reviewed	gra/src/game/civ-matrix.ts:41-60,71-101 (loader/accessor only); no gameplay call-site found	false
sumer	Sumerowie	1	prod_koszt_jednostki_proc	produkcja	ulamek	production.ts	mul_proc	0	0	false	CURRENT_RUNTIME_DATA	DEFAULT_VALUE	CURRENT_RUNTIME_DEFAULT	gra/data/civ-matrix.json#/cywilizacje[typCywilizacji=sumer]/params/prod_koszt_jednostki_proc	LEGACY_DOC_PRESENT	docs/encyklopedia/cywilizacje/sumer.md	DEAD_UNWIRED		0		NOT_ACTIVE	not computed by current consumer; retain raw Normal data	not applicable until a consumer is wired and reviewed	gra/src/game/civ-matrix.ts:41-60,71-101 (loader/accessor only); no gameplay call-site found	false
sumer	Sumerowie	1	prod_szybkosc_budynku_proc	produkcja	ulamek	production.ts	mul_proc	0	0	false	CURRENT_RUNTIME_DATA	DEFAULT_VALUE	CURRENT_RUNTIME_DEFAULT	gra/data/civ-matrix.json#/cywilizacje[typCywilizacji=sumer]/params/prod_szybkosc_budynku_proc	LEGACY_DOC_PRESENT	docs/encyklopedia/cywilizacje/sumer.md	UNWIRED		0		NOT_ACTIVE	not computed by current consumer; retain raw Normal data	not applicable until a consumer is wired and reviewed	gra/src/game/civ-matrix.ts:41-60,71-101 (loader/accessor only); no gameplay call-site found	false
sumer	Sumerowie	1	prod_szybkosc_jednostki_proc	produkcja	ulamek	production.ts	mul_proc	0	0	false	CURRENT_RUNTIME_DATA	DEFAULT_VALUE	CURRENT_RUNTIME_DEFAULT	gra/data/civ-matrix.json#/cywilizacje[typCywilizacji=sumer]/params/prod_szybkosc_jednostki_proc	LEGACY_DOC_PRESENT	docs/encyklopedia/cywilizacje/sumer.md	UNWIRED		0		NOT_ACTIVE	not computed by current consumer; retain raw Normal data	not applicable until a consumer is wired and reviewed	gra/src/game/civ-matrix.ts:41-60,71-101 (loader/accessor only); no gameplay call-site found	false
sumer	Sumerowie	1	prod_rush_koszt_proc	produkcja	ulamek	production.ts	mul_proc	0	0	false	CURRENT_RUNTIME_DATA	DEFAULT_VALUE	CURRENT_RUNTIME_DEFAULT	gra/data/civ-matrix.json#/cywilizacje[typCywilizacji=sumer]/params/prod_rush_koszt_proc	LEGACY_DOC_PRESENT	docs/encyklopedia/cywilizacje/sumer.md	UNWIRED		0		NOT_ACTIVE	not computed by current consumer; retain raw Normal data	not applicable until a consumer is wired and reviewed	gra/src/game/civ-matrix.ts:41-60,71-101 (loader/accessor only); no gameplay call-site found	false
sumer	Sumerowie	1	lud_wzrost_proc	ludnosc	ulamek	economy.ts	mul_proc	0	0	false	CURRENT_RUNTIME_DATA	DEFAULT_VALUE	CURRENT_RUNTIME_DEFAULT	gra/data/civ-matrix.json#/cywilizacje[typCywilizacji=sumer]/params/lud_wzrost_proc	LEGACY_DOC_PRESENT	docs/encyklopedia/cywilizacje/sumer.md	REAL_GAMEPLAY	0.0	0	0.0	GROWTH_DIFFICULTY_MULT	easy=raw*0.5; normal=raw; hard=raw*1.5; contribution rounded to percent	wyżej = szybszy wzrost i silniejszy AI; Hard ×1.5, Easy ×0.5	gra/src/game/population-growth-v85.ts:84-90,230-232	false
sumer	Sumerowie	1	lud_spadek_proc	ludnosc	ulamek	economy.ts	mul_proc	0	0	false	CURRENT_RUNTIME_DATA	DEFAULT_VALUE	CURRENT_RUNTIME_DEFAULT	gra/data/civ-matrix.json#/cywilizacje[typCywilizacji=sumer]/params/lud_spadek_proc	LEGACY_DOC_PRESENT	docs/encyklopedia/cywilizacje/sumer.md	UNWIRED		0		NOT_ACTIVE	not computed by current consumer; retain raw Normal data	not applicable until a consumer is wired and reviewed	gra/src/game/civ-matrix.ts:41-60,71-101 (loader/accessor only); no gameplay call-site found	false
sumer	Sumerowie	1	lud_zdrowie_proc	ludnosc	ulamek	turn-economy.ts	mul_proc	0	0	false	CURRENT_RUNTIME_DATA	DEFAULT_VALUE	CURRENT_RUNTIME_DEFAULT	gra/data/civ-matrix.json#/cywilizacje[typCywilizacji=sumer]/params/lud_zdrowie_proc	LEGACY_DOC_PRESENT	docs/encyklopedia/cywilizacje/sumer.md	UNWIRED		0		NOT_ACTIVE	not computed by current consumer; retain raw Normal data	not applicable until a consumer is wired and reviewed	gra/src/game/civ-matrix.ts:41-60,71-101 (loader/accessor only); no gameplay call-site found	false
sumer	Sumerowie	1	lud_zadowolenie_bazowe	ludnosc	absolut	culture-religion.ts	add	0	0	false	CURRENT_RUNTIME_DATA	DEFAULT_VALUE	CURRENT_RUNTIME_DEFAULT	gra/data/civ-matrix.json#/cywilizacje[typCywilizacji=sumer]/params/lud_zadowolenie_bazowe	LEGACY_DOC_PRESENT	docs/encyklopedia/cywilizacje/sumer.md	UNWIRED		0		NOT_ACTIVE	not computed by current consumer; retain raw Normal data	not applicable until a consumer is wired and reviewed	gra/src/game/civ-matrix.ts:41-60,71-101 (loader/accessor only); no gameplay call-site found	false
sumer	Sumerowie	1	lud_limit_populacji	ludnosc	absolut	cities.ts	add	10	10	false	CURRENT_RUNTIME_DATA	DEFAULT_VALUE	CURRENT_RUNTIME_DEFAULT	gra/data/civ-matrix.json#/cywilizacje[typCywilizacji=sumer]/params/lud_limit_populacji	LEGACY_DOC_PRESENT	docs/encyklopedia/cywilizacje/sumer.md	UNWIRED		10		NOT_ACTIVE	not computed by current consumer; retain raw Normal data	not applicable until a consumer is wired and reviewed	gra/src/game/civ-matrix.ts:41-60,71-101 (loader/accessor only); no gameplay call-site found	false
sumer	Sumerowie	1	mp_regen_proc	manpower	ulamek	manpower.ts	mul_proc	0	0	false	CURRENT_RUNTIME_DATA	DEFAULT_VALUE	CURRENT_RUNTIME_DEFAULT	gra/data/civ-matrix.json#/cywilizacje[typCywilizacji=sumer]/params/mp_regen_proc	LEGACY_DOC_PRESENT	docs/encyklopedia/cywilizacje/sumer.md	DEAD_UNWIRED		0		NOT_ACTIVE	not computed by current consumer; retain raw Normal data	not applicable until a consumer is wired and reviewed	gra/src/game/civ-matrix.ts:41-60,71-101 (loader/accessor only); no gameplay call-site found	false
sumer	Sumerowie	1	mp_max_proc	manpower	ulamek	manpower.ts	mul_proc	0	0	false	CURRENT_RUNTIME_DATA	DEFAULT_VALUE	CURRENT_RUNTIME_DEFAULT	gra/data/civ-matrix.json#/cywilizacje[typCywilizacji=sumer]/params/mp_max_proc	LEGACY_DOC_PRESENT	docs/encyklopedia/cywilizacje/sumer.md	UNWIRED		0		NOT_ACTIVE	not computed by current consumer; retain raw Normal data	not applicable until a consumer is wired and reviewed	gra/src/game/civ-matrix.ts:41-60,71-101 (loader/accessor only); no gameplay call-site found	false
sumer	Sumerowie	1	mp_koszt_jednostki_proc	manpower	ulamek	manpower.ts	mul_proc	0	0	false	CURRENT_RUNTIME_DATA	DEFAULT_VALUE	CURRENT_RUNTIME_DEFAULT	gra/data/civ-matrix.json#/cywilizacje[typCywilizacji=sumer]/params/mp_koszt_jednostki_proc	LEGACY_DOC_PRESENT	docs/encyklopedia/cywilizacje/sumer.md	UNWIRED		0		NOT_ACTIVE	not computed by current consumer; retain raw Normal data	not applicable until a consumer is wired and reviewed	gra/src/game/civ-matrix.ts:41-60,71-101 (loader/accessor only); no gameplay call-site found	false
sumer	Sumerowie	1	wealth_cap_proc	spoleczenstwo	ulamek	wealth.ts	mul_proc	0	0	false	CURRENT_RUNTIME_DATA	DEFAULT_VALUE	CURRENT_RUNTIME_DEFAULT	gra/data/civ-matrix.json#/cywilizacje[typCywilizacji=sumer]/params/wealth_cap_proc	LEGACY_DOC_PRESENT	docs/encyklopedia/cywilizacje/sumer.md	UNWIRED		0		NOT_ACTIVE	not computed by current consumer; retain raw Normal data	not applicable until a consumer is wired and reviewed	gra/src/game/civ-matrix.ts:41-60,71-101 (loader/accessor only); no gameplay call-site found	false
sumer	Sumerowie	1	wealth_mnoznik_proc	spoleczenstwo	ulamek	wealth.ts	mul_proc	0	0	false	CURRENT_RUNTIME_DATA	DEFAULT_VALUE	CURRENT_RUNTIME_DEFAULT	gra/data/civ-matrix.json#/cywilizacje[typCywilizacji=sumer]/params/wealth_mnoznik_proc	LEGACY_DOC_PRESENT	docs/encyklopedia/cywilizacje/sumer.md	UNWIRED		0		NOT_ACTIVE	not computed by current consumer; retain raw Normal data	not applicable until a consumer is wired and reviewed	gra/src/game/civ-matrix.ts:41-60,71-101 (loader/accessor only); no gameplay call-site found	false
sumer	Sumerowie	1	kultura_naplyw_proc	spoleczenstwo	ulamek	culture-religion.ts	mul_proc	0	0	false	CURRENT_RUNTIME_DATA	DEFAULT_VALUE	CURRENT_RUNTIME_DEFAULT	gra/data/civ-matrix.json#/cywilizacje[typCywilizacji=sumer]/params/kultura_naplyw_proc	LEGACY_DOC_PRESENT	docs/encyklopedia/cywilizacje/sumer.md	UNWIRED		0		NOT_ACTIVE	not computed by current consumer; retain raw Normal data	not applicable until a consumer is wired and reviewed	gra/src/game/civ-matrix.ts:41-60,71-101 (loader/accessor only); no gameplay call-site found	false
sumer	Sumerowie	1	religia_spread_proc	spoleczenstwo	ulamek	culture-religion.ts	mul_proc	0	0	false	CURRENT_RUNTIME_DATA	DEFAULT_VALUE	CURRENT_RUNTIME_DEFAULT	gra/data/civ-matrix.json#/cywilizacje[typCywilizacji=sumer]/params/religia_spread_proc	LEGACY_DOC_PRESENT	docs/encyklopedia/cywilizacje/sumer.md	UNWIRED		0		NOT_ACTIVE	not computed by current consumer; retain raw Normal data	not applicable until a consumer is wired and reviewed	gra/src/game/civ-matrix.ts:41-60,71-101 (loader/accessor only); no gameplay call-site found	false
sumer	Sumerowie	1	porzadek_produkcja_proc	spoleczenstwo	ulamek	order.ts	mul_proc	0	0	false	CURRENT_RUNTIME_DATA	DEFAULT_VALUE	CURRENT_RUNTIME_DEFAULT	gra/data/civ-matrix.json#/cywilizacje[typCywilizacji=sumer]/params/porzadek_produkcja_proc	LEGACY_DOC_PRESENT	docs/encyklopedia/cywilizacje/sumer.md	UNWIRED		0		NOT_ACTIVE	not computed by current consumer; retain raw Normal data	not applicable until a consumer is wired and reviewed	gra/src/game/civ-matrix.ts:41-60,71-101 (loader/accessor only); no gameplay call-site found	false
sumer	Sumerowie	1	porzadek_pieniadz_proc	spoleczenstwo	ulamek	order.ts	mul_proc	0	0	false	CURRENT_RUNTIME_DATA	DEFAULT_VALUE	CURRENT_RUNTIME_DEFAULT	gra/data/civ-matrix.json#/cywilizacje[typCywilizacji=sumer]/params/porzadek_pieniadz_proc	LEGACY_DOC_PRESENT	docs/encyklopedia/cywilizacje/sumer.md	UNWIRED		0		NOT_ACTIVE	not computed by current consumer; retain raw Normal data	not applicable until a consumer is wired and reviewed	gra/src/game/civ-matrix.ts:41-60,71-101 (loader/accessor only); no gameplay call-site found	false
sumer	Sumerowie	1	porzadek_nauka_proc	spoleczenstwo	ulamek	order.ts	mul_proc	0	0	false	CURRENT_RUNTIME_DATA	DEFAULT_VALUE	CURRENT_RUNTIME_DEFAULT	gra/data/civ-matrix.json#/cywilizacje[typCywilizacji=sumer]/params/porzadek_nauka_proc	LEGACY_DOC_PRESENT	docs/encyklopedia/cywilizacje/sumer.md	UNWIRED		0		NOT_ACTIVE	not computed by current consumer; retain raw Normal data	not applicable until a consumer is wired and reviewed	gra/src/game/civ-matrix.ts:41-60,71-101 (loader/accessor only); no gameplay call-site found	false
sumer	Sumerowie	1	porzadek_kultura_proc	spoleczenstwo	ulamek	order.ts	mul_proc	0	0	false	CURRENT_RUNTIME_DATA	DEFAULT_VALUE	CURRENT_RUNTIME_DEFAULT	gra/data/civ-matrix.json#/cywilizacje[typCywilizacji=sumer]/params/porzadek_kultura_proc	LEGACY_DOC_PRESENT	docs/encyklopedia/cywilizacje/sumer.md	UNWIRED		0		NOT_ACTIVE	not computed by current consumer; retain raw Normal data	not applicable until a consumer is wired and reviewed	gra/src/game/civ-matrix.ts:41-60,71-101 (loader/accessor only); no gameplay call-site found	false
sumer	Sumerowie	1	porzadek_wzrost_proc	spoleczenstwo	ulamek	order.ts	mul_proc	0	0	false	CURRENT_RUNTIME_DATA	DEFAULT_VALUE	CURRENT_RUNTIME_DEFAULT	gra/data/civ-matrix.json#/cywilizacje[typCywilizacji=sumer]/params/porzadek_wzrost_proc	LEGACY_DOC_PRESENT	docs/encyklopedia/cywilizacje/sumer.md	UNWIRED		0		NOT_ACTIVE	not computed by current consumer; retain raw Normal data	not applicable until a consumer is wired and reviewed	gra/src/game/civ-matrix.ts:41-60,71-101 (loader/accessor only); no gameplay call-site found	false
sumer	Sumerowie	1	obl_obrona_miasta_proc	obleczenie	ulamek	siege.ts	mul_proc	0	0	false	CURRENT_RUNTIME_DATA	DEFAULT_VALUE	CURRENT_RUNTIME_DEFAULT	gra/data/civ-matrix.json#/cywilizacje[typCywilizacji=sumer]/params/obl_obrona_miasta_proc	LEGACY_DOC_PRESENT	docs/encyklopedia/cywilizacje/sumer.md	UNWIRED		0		NOT_ACTIVE	not computed by current consumer; retain raw Normal data	not applicable until a consumer is wired and reviewed	gra/src/game/civ-matrix.ts:41-60,71-101 (loader/accessor only); no gameplay call-site found	false
sumer	Sumerowie	1	obl_mur_proc	obleczenie	ulamek	siege.ts	mul_proc	0	0	false	CURRENT_RUNTIME_DATA	DEFAULT_VALUE	CURRENT_RUNTIME_DEFAULT	gra/data/civ-matrix.json#/cywilizacje[typCywilizacji=sumer]/params/obl_mur_proc	LEGACY_DOC_PRESENT	docs/encyklopedia/cywilizacje/sumer.md	UNWIRED		0		NOT_ACTIVE	not computed by current consumer; retain raw Normal data	not applicable until a consumer is wired and reviewed	gra/src/game/civ-matrix.ts:41-60,71-101 (loader/accessor only); no gameplay call-site found	false
sumer	Sumerowie	1	obl_machines_proc	obleczenie	ulamek	siegeMachines.ts	mul_proc	0	0	false	CURRENT_RUNTIME_DATA	DEFAULT_VALUE	CURRENT_RUNTIME_DEFAULT	gra/data/civ-matrix.json#/cywilizacje[typCywilizacji=sumer]/params/obl_machines_proc	LEGACY_DOC_PRESENT	docs/encyklopedia/cywilizacje/sumer.md	UNWIRED		0		NOT_ACTIVE	not computed by current consumer; retain raw Normal data	not applicable until a consumer is wired and reviewed	gra/src/game/civ-matrix.ts:41-60,71-101 (loader/accessor only); no gameplay call-site found	false
sumer	Sumerowie	1	dip_sklonnosc_sojusze	dyplomacja	skala_1_10	diplomacy.ts	skala	7	5	true	CURRENT_RUNTIME_DATA	NON_DEFAULT_OVERRIDE	CURRENT_RUNTIME_DATA	gra/data/civ-matrix.json#/cywilizacje[typCywilizacji=sumer]/params/dip_sklonnosc_sojusze	LEGACY_DOC_PRESENT	docs/encyklopedia/cywilizacje/sumer.md	UI_ONLY		7		DISPLAY_RAW	display reads raw value; no gameplay Easy/Normal/Hard effect	etykieta UI; brak wpływu na wynik gry	gra/src/game/diplomacy-display.ts:54-59,116-122	false
sumer	Sumerowie	1	dip_lojalnosc	dyplomacja	skala_1_10	diplomacy.ts	skala	7	5	true	CURRENT_RUNTIME_DATA	NON_DEFAULT_OVERRIDE	CURRENT_RUNTIME_DATA	gra/data/civ-matrix.json#/cywilizacje[typCywilizacji=sumer]/params/dip_lojalnosc	LEGACY_DOC_PRESENT	docs/encyklopedia/cywilizacje/sumer.md	UI_ONLY		7		DISPLAY_RAW	display reads raw value; no gameplay Easy/Normal/Hard effect	etykieta UI; brak wpływu na wynik gry	gra/src/game/diplomacy-display.ts:64-69,116-122	false
sumer	Sumerowie	1	dip_prog_wojny	dyplomacja	skala_1_10	diplomacy.ts	skala	3	5	true	CURRENT_RUNTIME_DATA	NON_DEFAULT_OVERRIDE	CURRENT_RUNTIME_DATA	gra/data/civ-matrix.json#/cywilizacje[typCywilizacji=sumer]/params/dip_prog_wojny	LEGACY_DOC_PRESENT	docs/encyklopedia/cywilizacje/sumer.md	UI_ONLY		3		DISPLAY_RAW	display reads raw value; no gameplay Easy/Normal/Hard effect	etykieta UI; brak wpływu na wynik gry	gra/src/game/diplomacy-display.ts:73-78,116-122	false
sumer	Sumerowie	1	dip_pamietliwosc	dyplomacja	skala_1_10	diplomacy.ts	skala	5	5	false	CURRENT_RUNTIME_DATA	DEFAULT_VALUE	CURRENT_RUNTIME_DEFAULT	gra/data/civ-matrix.json#/cywilizacje[typCywilizacji=sumer]/params/dip_pamietliwosc	LEGACY_DOC_PRESENT	docs/encyklopedia/cywilizacje/sumer.md	UI_ONLY		5		DISPLAY_RAW	display reads raw value; no gameplay Easy/Normal/Hard effect	etykieta UI; brak wpływu na wynik gry	gra/src/game/diplomacy-display.ts:82-87,116-122	false
sumer	Sumerowie	1	dip_otwartosc_handel	dyplomacja	skala_1_10	diplomacy.ts	skala	6	5	true	CURRENT_RUNTIME_DATA	NON_DEFAULT_OVERRIDE	CURRENT_RUNTIME_DATA	gra/data/civ-matrix.json#/cywilizacje[typCywilizacji=sumer]/params/dip_otwartosc_handel	LEGACY_DOC_PRESENT	docs/encyklopedia/cywilizacje/sumer.md	UI_ONLY		6		DISPLAY_RAW	display reads raw value; no gameplay Easy/Normal/Hard effect	etykieta UI; brak wpływu na wynik gry	gra/src/game/diplomacy-display.ts:44-49,116-122	false
sumer	Sumerowie	1	dip_nastawienie_bazowe	dyplomacja	absolut	diplomacy.ts	add	59	50	true	CURRENT_RUNTIME_DATA	NON_DEFAULT_OVERRIDE	CURRENT_RUNTIME_DATA	gra/data/civ-matrix.json#/cywilizacje[typCywilizacji=sumer]/params/dip_nastawienie_bazowe	LEGACY_DOC_PRESENT	docs/encyklopedia/cywilizacje/sumer.md	REAL_GAMEPLAY	59	59	59	CURRENT_NEUTRAL_CALLER_OMITS_DIFFICULTY	current easy=raw; normal=raw; hard=raw; caller uses default normal	direction requires decision; no arbitrary Easy/Hard	gra/src/game/civ-ai-data.ts:205-217; gra/src/game/diplomacy.ts:1376-1380	false
sumer	Sumerowie	1	dip_agresja_archetyp	dyplomacja	ulamek_0_1	diplomacy.ts	mul_abs	0.3	0.5	true	CURRENT_RUNTIME_DATA	NON_DEFAULT_OVERRIDE	CURRENT_RUNTIME_DATA	gra/data/civ-matrix.json#/cywilizacje[typCywilizacji=sumer]/params/dip_agresja_archetyp	LEGACY_DOC_PRESENT	docs/encyklopedia/cywilizacje/sumer.md	DEAD_UNWIRED		0.3		NOT_ACTIVE	not computed by current consumer; retain raw Normal data	not applicable until a consumer is wired and reviewed	gra/src/game/civ-matrix.ts:41-60,71-101 (loader/accessor only); no gameplay call-site found	false
sumer	Sumerowie	1	dip_handlowosc_archetyp	dyplomacja	ulamek_0_1	diplomacy.ts	mul_abs	0.65	0.5	true	CURRENT_RUNTIME_DATA	NON_DEFAULT_OVERRIDE	CURRENT_RUNTIME_DATA	gra/data/civ-matrix.json#/cywilizacje[typCywilizacji=sumer]/params/dip_handlowosc_archetyp	LEGACY_DOC_PRESENT	docs/encyklopedia/cywilizacje/sumer.md	REAL_GAMEPLAY	0.65	0.65	0.65	CURRENT_NEUTRAL_MUL_ABS	current easy=raw; normal=raw; hard=raw because formula=mul_abs	direction requires decision; no arbitrary Easy/Hard	gra/src/game/civ-ai-data.ts:184-198; gra/src/game/diplomacy.ts:1267-1270; gra/src/main.ts:19553-19556,33555-33559,33916-33919	false
sumer	Sumerowie	1	ai_agresywnosc	ai	skala_1_10	civ-ai-data.ts	skala	3	5	true	CURRENT_RUNTIME_DATA	NON_DEFAULT_OVERRIDE	CURRENT_RUNTIME_DATA	gra/data/civ-matrix.json#/cywilizacje[typCywilizacji=sumer]/params/ai_agresywnosc	LEGACY_DOC_PRESENT	docs/encyklopedia/cywilizacje/sumer.md	REAL_GAMEPLAY	2	3	4	SKALA_1_10	easy=max(1,normal-1); normal=normal; hard=min(10,normal+1); /10	wyżej = bardziej agresywny AI; Hard +1, Easy -1	gra/src/game/civ-ai-data.ts:38-53,156-178; gra/src/game/diplomacy.ts:1261-1266; gra/src/main.ts:19784-19790,33910-33915; gra/src/game/ai.ts:4974-5036,5184-5187	false
sumer	Sumerowie	1	ai_ekspansywnosc	ai	skala_1_10	civ-ai-data.ts	skala	2	5	true	CURRENT_RUNTIME_DATA	NON_DEFAULT_OVERRIDE	CURRENT_RUNTIME_DATA	gra/data/civ-matrix.json#/cywilizacje[typCywilizacji=sumer]/params/ai_ekspansywnosc	LEGACY_DOC_PRESENT	docs/encyklopedia/cywilizacje/sumer.md	REAL_GAMEPLAY	1	2	3	SKALA_1_10	easy=max(1,normal-1); normal=normal; hard=min(10,normal+1)	wyżej = większa ekspansja; Hard +1, Easy -1	gra/src/game/civ-ai-data.ts:74-102; gra/src/main.ts:33264-33296; gra/src/game/ai.ts:506-513,1097-1117,2857-2868,4257-4264	false
sumer	Sumerowie	1	ai_priorytet_militarny	ai	skala_1_10	civ-ai-data.ts	skala	4	5	true	CURRENT_RUNTIME_DATA	NON_DEFAULT_OVERRIDE	CURRENT_RUNTIME_DATA	gra/data/civ-matrix.json#/cywilizacje[typCywilizacji=sumer]/params/ai_priorytet_militarny	LEGACY_DOC_PRESENT	docs/encyklopedia/cywilizacje/sumer.md	REAL_GAMEPLAY	3	4	5	SKALA_1_10	easy=max(1,normal-1); normal=normal; hard=min(10,normal+1); delta=(value-5)*15	wyżej = większy score wojskowy; Hard +1, Easy -1	gra/src/game/civ-ai-data.ts:74-102; gra/src/main.ts:33264-33296; gra/src/game/ai-production-priorities.ts:6-27; gra/src/game/ai.ts:1672-1676	false
sumer	Sumerowie	1	ai_priorytet_ekonomia	ai	skala_1_10	civ-ai-data.ts	skala	5	5	false	CURRENT_RUNTIME_DATA	DEFAULT_VALUE	CURRENT_RUNTIME_DEFAULT	gra/data/civ-matrix.json#/cywilizacje[typCywilizacji=sumer]/params/ai_priorytet_ekonomia	LEGACY_DOC_PRESENT	docs/encyklopedia/cywilizacje/sumer.md	REAL_GAMEPLAY	4	5	6	SKALA_1_10	easy=max(1,normal-1); normal=normal; hard=min(10,normal+1); delta=(value-5)*15	wyżej = większy score ekonomiczny; Hard +1, Easy -1	gra/src/game/civ-ai-data.ts:74-102; gra/src/main.ts:33264-33296; gra/src/game/ai-production-priorities.ts:6-27; gra/src/game/ai.ts:1672-1676	false
sumer	Sumerowie	1	ai_priorytet_nauka	ai	skala_1_10	civ-ai-data.ts	skala	8	5	true	CURRENT_RUNTIME_DATA	NON_DEFAULT_OVERRIDE	CURRENT_RUNTIME_DATA	gra/data/civ-matrix.json#/cywilizacje[typCywilizacji=sumer]/params/ai_priorytet_nauka	LEGACY_DOC_PRESENT	docs/encyklopedia/cywilizacje/sumer.md	REAL_GAMEPLAY	7	8	9	SKALA_1_10	easy=max(1,normal-1); normal=normal; hard=min(10,normal+1); delta=(value-5)*15	wyżej = większy score nauki; Hard +1, Easy -1	gra/src/game/civ-ai-data.ts:74-102; gra/src/main.ts:33264-33296; gra/src/game/ai-production-priorities.ts:6-27; gra/src/game/ai.ts:1672-1676	false
sumer	Sumerowie	1	ai_tolerancja_ryzyka	ai	skala_1_10	civ-ai-data.ts	skala	3	5	true	CURRENT_RUNTIME_DATA	NON_DEFAULT_OVERRIDE	CURRENT_RUNTIME_DATA	gra/data/civ-matrix.json#/cywilizacje[typCywilizacji=sumer]/params/ai_tolerancja_ryzyka	LEGACY_DOC_PRESENT	docs/encyklopedia/cywilizacje/sumer.md	REAL_GAMEPLAY	2	3	4	SKALA_1_10	easy=max(1,normal-1); normal=normal; hard=min(10,normal+1)	wyżej = większa tolerancja ryzyka wojny; Hard +1, Easy -1	gra/src/game/civ-ai-data.ts:74-102; gra/src/main.ts:33924-33927; gra/src/game/ai.ts:4974-5036,5184-5187	false
sumer	Sumerowie	1	ai_sklonnosc_podboju	ai	skala_1_10	civ-ai-data.ts	skala	2	5	true	CURRENT_RUNTIME_DATA	NON_DEFAULT_OVERRIDE	CURRENT_RUNTIME_DATA	gra/data/civ-matrix.json#/cywilizacje[typCywilizacji=sumer]/params/ai_sklonnosc_podboju	LEGACY_DOC_PRESENT	docs/encyklopedia/cywilizacje/sumer.md	REAL_GAMEPLAY	1	2	3	SKALA_1_10	easy=max(1,normal-1); normal=normal; hard=min(10,normal+1)	wyżej = większa skłonność do podboju; Hard +1, Easy -1	gra/src/game/civ-ai-data.ts:74-102; gra/src/main.ts:33264-33296,33924-33927; gra/src/game/ai.ts:4974-5036,5184-5187	false
sumer	Sumerowie	1	ai_profil_obronna	ai	flag_0_1	civ-ai-data.ts	flag	1	0	true	CURRENT_RUNTIME_DATA	NON_DEFAULT_OVERRIDE	CURRENT_RUNTIME_DATA	gra/data/civ-matrix.json#/cywilizacje[typCywilizacji=sumer]/params/ai_profil_obronna	LEGACY_DOC_PRESENT	docs/encyklopedia/cywilizacje/sumer.md	REAL_GAMEPLAY	1	1	1	FLAG_IDENTITY	flag raw 0/1 at Easy/Normal/Hard	1 = defensive-copy map profile; no difficulty delta	gra/src/game/civ-ai-data.ts:56-71,119-123; gra/src/main.ts:9169-9173	false
celtowie	Celtowie	1	meta_epoka_kamien	meta	flag_0_1	start-preview.ts	flag	0	0	false	CURRENT_RUNTIME_DATA	DEFAULT_VALUE	CURRENT_RUNTIME_DEFAULT	gra/data/civ-matrix.json#/cywilizacje[typCywilizacji=celtowie]/params/meta_epoka_kamien	LEGACY_DOC_PRESENT	docs/encyklopedia/cywilizacje/celtowie.md	DEAD_UNWIRED		0		NOT_ACTIVE	not computed by current consumer; retain raw Normal data	not applicable until a consumer is wired and reviewed	gra/src/game/civ-matrix.ts:41-60,71-101 (loader/accessor only); no gameplay call-site found	false
celtowie	Celtowie	1	meta_epoka_braz	meta	flag_0_1	start-preview.ts	flag	1	0	true	CURRENT_RUNTIME_DATA	NON_DEFAULT_OVERRIDE	CURRENT_RUNTIME_DATA	gra/data/civ-matrix.json#/cywilizacje[typCywilizacji=celtowie]/params/meta_epoka_braz	LEGACY_DOC_PRESENT	docs/encyklopedia/cywilizacje/celtowie.md	DEAD_UNWIRED		1		NOT_ACTIVE	not computed by current consumer; retain raw Normal data	not applicable until a consumer is wired and reviewed	gra/src/game/civ-matrix.ts:41-60,71-101 (loader/accessor only); no gameplay call-site found	false
celtowie	Celtowie	1	meta_epoka_zelazo	meta	flag_0_1	start-preview.ts	flag	1	0	true	CURRENT_RUNTIME_DATA	NON_DEFAULT_OVERRIDE	CURRENT_RUNTIME_DATA	gra/data/civ-matrix.json#/cywilizacje[typCywilizacji=celtowie]/params/meta_epoka_zelazo	LEGACY_DOC_PRESENT	docs/encyklopedia/cywilizacje/celtowie.md	DEAD_UNWIRED		1		NOT_ACTIVE	not computed by current consumer; retain raw Normal data	not applicable until a consumer is wired and reviewed	gra/src/game/civ-matrix.ts:41-60,71-101 (loader/accessor only); no gameplay call-site found	false
celtowie	Celtowie	1	meta_mnoznik_waluta	meta	absolut	economy.ts	mul_abs	1.9	2	true	CURRENT_RUNTIME_DATA	NON_DEFAULT_OVERRIDE	CURRENT_RUNTIME_DATA	gra/data/civ-matrix.json#/cywilizacje[typCywilizacji=celtowie]/params/meta_mnoznik_waluta	LEGACY_DOC_PRESENT	docs/encyklopedia/cywilizacje/celtowie.md	DEAD_UNWIRED		1.9		NOT_ACTIVE	not computed by current consumer; retain raw Normal data	not applicable until a consumer is wired and reviewed	gra/src/game/civ-matrix.ts:41-60,71-101 (loader/accessor only); no gameplay call-site found	false
celtowie	Celtowie	1	meta_tier_roster	meta	absolut	civ-roster.ts	mul_abs	1	1	false	CURRENT_RUNTIME_DATA	DEFAULT_VALUE	CURRENT_RUNTIME_DEFAULT	gra/data/civ-matrix.json#/cywilizacje[typCywilizacji=celtowie]/params/meta_tier_roster	LEGACY_DOC_PRESENT	docs/encyklopedia/cywilizacje/celtowie.md	DEAD_UNWIRED		1		NOT_ACTIVE	not computed by current consumer; retain raw Normal data	not applicable until a consumer is wired and reviewed	gra/src/game/civ-matrix.ts:41-60,71-101 (loader/accessor only); no gameplay call-site found	false
celtowie	Celtowie	1	walka_atak_piechota	walka	ulamek	civ-bonuses.ts	mul_proc	0	0	false	CURRENT_RUNTIME_DATA	DEFAULT_VALUE	CURRENT_RUNTIME_DEFAULT	gra/data/civ-matrix.json#/cywilizacje[typCywilizacji=celtowie]/params/walka_atak_piechota	LEGACY_DOC_PRESENT	docs/encyklopedia/cywilizacje/celtowie.md	DEAD_UNWIRED		0		NOT_ACTIVE	not computed by current consumer; retain raw Normal data	not applicable until a consumer is wired and reviewed	gra/src/game/civ-matrix.ts:41-60,71-101 (loader/accessor only); no gameplay call-site found	false
celtowie	Celtowie	1	walka_atak_lukownicy	walka	ulamek	civ-bonuses.ts	mul_proc	0	0	false	CURRENT_RUNTIME_DATA	DEFAULT_VALUE	CURRENT_RUNTIME_DEFAULT	gra/data/civ-matrix.json#/cywilizacje[typCywilizacji=celtowie]/params/walka_atak_lukownicy	LEGACY_DOC_PRESENT	docs/encyklopedia/cywilizacje/celtowie.md	UNWIRED		0		NOT_ACTIVE	not computed by current consumer; retain raw Normal data	not applicable until a consumer is wired and reviewed	gra/src/game/civ-matrix.ts:41-60,71-101 (loader/accessor only); no gameplay call-site found	false
celtowie	Celtowie	1	walka_atak_kawaleria	walka	ulamek	civ-bonuses.ts	mul_proc	0	0	false	CURRENT_RUNTIME_DATA	DEFAULT_VALUE	CURRENT_RUNTIME_DEFAULT	gra/data/civ-matrix.json#/cywilizacje[typCywilizacji=celtowie]/params/walka_atak_kawaleria	LEGACY_DOC_PRESENT	docs/encyklopedia/cywilizacje/celtowie.md	DEAD_UNWIRED		0		NOT_ACTIVE	not computed by current consumer; retain raw Normal data	not applicable until a consumer is wired and reviewed	gra/src/game/civ-matrix.ts:41-60,71-101 (loader/accessor only); no gameplay call-site found	false
celtowie	Celtowie	1	walka_atak_rydwany	walka	ulamek	civ-bonuses.ts	mul_proc	0	0	false	CURRENT_RUNTIME_DATA	DEFAULT_VALUE	CURRENT_RUNTIME_DEFAULT	gra/data/civ-matrix.json#/cywilizacje[typCywilizacji=celtowie]/params/walka_atak_rydwany	LEGACY_DOC_PRESENT	docs/encyklopedia/cywilizacje/celtowie.md	DEAD_UNWIRED		0		NOT_ACTIVE	not computed by current consumer; retain raw Normal data	not applicable until a consumer is wired and reviewed	gra/src/game/civ-matrix.ts:41-60,71-101 (loader/accessor only); no gameplay call-site found	false
celtowie	Celtowie	1	walka_atak_obleczenie	walka	ulamek	civ-bonuses.ts	mul_proc	0	0	false	CURRENT_RUNTIME_DATA	DEFAULT_VALUE	CURRENT_RUNTIME_DEFAULT	gra/data/civ-matrix.json#/cywilizacje[typCywilizacji=celtowie]/params/walka_atak_obleczenie	LEGACY_DOC_PRESENT	docs/encyklopedia/cywilizacje/celtowie.md	DEAD_UNWIRED		0		NOT_ACTIVE	not computed by current consumer; retain raw Normal data	not applicable until a consumer is wired and reviewed	gra/src/game/civ-matrix.ts:41-60,71-101 (loader/accessor only); no gameplay call-site found	false
celtowie	Celtowie	1	walka_atak_morska	walka	ulamek	civ-bonuses.ts	mul_proc	0	0	false	CURRENT_RUNTIME_DATA	DEFAULT_VALUE	CURRENT_RUNTIME_DEFAULT	gra/data/civ-matrix.json#/cywilizacje[typCywilizacji=celtowie]/params/walka_atak_morska	LEGACY_DOC_PRESENT	docs/encyklopedia/cywilizacje/celtowie.md	UNWIRED		0		NOT_ACTIVE	not computed by current consumer; retain raw Normal data	not applicable until a consumer is wired and reviewed	gra/src/game/civ-matrix.ts:41-60,71-101 (loader/accessor only); no gameplay call-site found	false
celtowie	Celtowie	1	walka_atak_wszystkie	walka	ulamek	civ-bonuses.ts	mul_proc	0	0	false	CURRENT_RUNTIME_DATA	DEFAULT_VALUE	CURRENT_RUNTIME_DEFAULT	gra/data/civ-matrix.json#/cywilizacje[typCywilizacji=celtowie]/params/walka_atak_wszystkie	LEGACY_DOC_PRESENT	docs/encyklopedia/cywilizacje/celtowie.md	UNWIRED		0		NOT_ACTIVE	not computed by current consumer; retain raw Normal data	not applicable until a consumer is wired and reviewed	gra/src/game/civ-matrix.ts:41-60,71-101 (loader/accessor only); no gameplay call-site found	false
celtowie	Celtowie	1	walka_obrona_piechota	walka	ulamek	civ-bonuses.ts	mul_proc	0	0	false	CURRENT_RUNTIME_DATA	DEFAULT_VALUE	CURRENT_RUNTIME_DEFAULT	gra/data/civ-matrix.json#/cywilizacje[typCywilizacji=celtowie]/params/walka_obrona_piechota	LEGACY_DOC_PRESENT	docs/encyklopedia/cywilizacje/celtowie.md	DEAD_UNWIRED		0		NOT_ACTIVE	not computed by current consumer; retain raw Normal data	not applicable until a consumer is wired and reviewed	gra/src/game/civ-matrix.ts:41-60,71-101 (loader/accessor only); no gameplay call-site found	false
celtowie	Celtowie	1	walka_obrona_lukownicy	walka	ulamek	civ-bonuses.ts	mul_proc	0	0	false	CURRENT_RUNTIME_DATA	DEFAULT_VALUE	CURRENT_RUNTIME_DEFAULT	gra/data/civ-matrix.json#/cywilizacje[typCywilizacji=celtowie]/params/walka_obrona_lukownicy	LEGACY_DOC_PRESENT	docs/encyklopedia/cywilizacje/celtowie.md	UNWIRED		0		NOT_ACTIVE	not computed by current consumer; retain raw Normal data	not applicable until a consumer is wired and reviewed	gra/src/game/civ-matrix.ts:41-60,71-101 (loader/accessor only); no gameplay call-site found	false
celtowie	Celtowie	1	walka_obrona_kawaleria	walka	ulamek	civ-bonuses.ts	mul_proc	0	0	false	CURRENT_RUNTIME_DATA	DEFAULT_VALUE	CURRENT_RUNTIME_DEFAULT	gra/data/civ-matrix.json#/cywilizacje[typCywilizacji=celtowie]/params/walka_obrona_kawaleria	LEGACY_DOC_PRESENT	docs/encyklopedia/cywilizacje/celtowie.md	UNWIRED		0		NOT_ACTIVE	not computed by current consumer; retain raw Normal data	not applicable until a consumer is wired and reviewed	gra/src/game/civ-matrix.ts:41-60,71-101 (loader/accessor only); no gameplay call-site found	false
celtowie	Celtowie	1	walka_obrona_rydwany	walka	ulamek	civ-bonuses.ts	mul_proc	0	0	false	CURRENT_RUNTIME_DATA	DEFAULT_VALUE	CURRENT_RUNTIME_DEFAULT	gra/data/civ-matrix.json#/cywilizacje[typCywilizacji=celtowie]/params/walka_obrona_rydwany	LEGACY_DOC_PRESENT	docs/encyklopedia/cywilizacje/celtowie.md	UNWIRED		0		NOT_ACTIVE	not computed by current consumer; retain raw Normal data	not applicable until a consumer is wired and reviewed	gra/src/game/civ-matrix.ts:41-60,71-101 (loader/accessor only); no gameplay call-site found	false
celtowie	Celtowie	1	walka_obrona_obleczenie	walka	ulamek	civ-bonuses.ts	mul_proc	0	0	false	CURRENT_RUNTIME_DATA	DEFAULT_VALUE	CURRENT_RUNTIME_DEFAULT	gra/data/civ-matrix.json#/cywilizacje[typCywilizacji=celtowie]/params/walka_obrona_obleczenie	LEGACY_DOC_PRESENT	docs/encyklopedia/cywilizacje/celtowie.md	UNWIRED		0		NOT_ACTIVE	not computed by current consumer; retain raw Normal data	not applicable until a consumer is wired and reviewed	gra/src/game/civ-matrix.ts:41-60,71-101 (loader/accessor only); no gameplay call-site found	false
celtowie	Celtowie	1	walka_obrona_morska	walka	ulamek	civ-bonuses.ts	mul_proc	0	0	false	CURRENT_RUNTIME_DATA	DEFAULT_VALUE	CURRENT_RUNTIME_DEFAULT	gra/data/civ-matrix.json#/cywilizacje[typCywilizacji=celtowie]/params/walka_obrona_morska	LEGACY_DOC_PRESENT	docs/encyklopedia/cywilizacje/celtowie.md	UNWIRED		0		NOT_ACTIVE	not computed by current consumer; retain raw Normal data	not applicable until a consumer is wired and reviewed	gra/src/game/civ-matrix.ts:41-60,71-101 (loader/accessor only); no gameplay call-site found	false
celtowie	Celtowie	1	walka_pancerz_piechota	walka	ulamek	civ-bonuses.ts	mul_proc	0	0	false	CURRENT_RUNTIME_DATA	DEFAULT_VALUE	CURRENT_RUNTIME_DEFAULT	gra/data/civ-matrix.json#/cywilizacje[typCywilizacji=celtowie]/params/walka_pancerz_piechota	LEGACY_DOC_PRESENT	docs/encyklopedia/cywilizacje/celtowie.md	DEAD_UNWIRED		0		NOT_ACTIVE	not computed by current consumer; retain raw Normal data	not applicable until a consumer is wired and reviewed	gra/src/game/civ-matrix.ts:41-60,71-101 (loader/accessor only); no gameplay call-site found	false
celtowie	Celtowie	1	walka_pancerz_lukownicy	walka	ulamek	civ-bonuses.ts	mul_proc	0	0	false	CURRENT_RUNTIME_DATA	DEFAULT_VALUE	CURRENT_RUNTIME_DEFAULT	gra/data/civ-matrix.json#/cywilizacje[typCywilizacji=celtowie]/params/walka_pancerz_lukownicy	LEGACY_DOC_PRESENT	docs/encyklopedia/cywilizacje/celtowie.md	UNWIRED		0		NOT_ACTIVE	not computed by current consumer; retain raw Normal data	not applicable until a consumer is wired and reviewed	gra/src/game/civ-matrix.ts:41-60,71-101 (loader/accessor only); no gameplay call-site found	false
celtowie	Celtowie	1	walka_pancerz_kawaleria	walka	ulamek	civ-bonuses.ts	mul_proc	0	0	false	CURRENT_RUNTIME_DATA	DEFAULT_VALUE	CURRENT_RUNTIME_DEFAULT	gra/data/civ-matrix.json#/cywilizacje[typCywilizacji=celtowie]/params/walka_pancerz_kawaleria	LEGACY_DOC_PRESENT	docs/encyklopedia/cywilizacje/celtowie.md	UNWIRED		0		NOT_ACTIVE	not computed by current consumer; retain raw Normal data	not applicable until a consumer is wired and reviewed	gra/src/game/civ-matrix.ts:41-60,71-101 (loader/accessor only); no gameplay call-site found	false
celtowie	Celtowie	1	walka_pancerz_rydwany	walka	ulamek	civ-bonuses.ts	mul_proc	0	0	false	CURRENT_RUNTIME_DATA	DEFAULT_VALUE	CURRENT_RUNTIME_DEFAULT	gra/data/civ-matrix.json#/cywilizacje[typCywilizacji=celtowie]/params/walka_pancerz_rydwany	LEGACY_DOC_PRESENT	docs/encyklopedia/cywilizacje/celtowie.md	UNWIRED		0		NOT_ACTIVE	not computed by current consumer; retain raw Normal data	not applicable until a consumer is wired and reviewed	gra/src/game/civ-matrix.ts:41-60,71-101 (loader/accessor only); no gameplay call-site found	false
celtowie	Celtowie	1	walka_uderzenie_piechota	walka	ulamek	civ-bonuses.ts	mul_proc	0.4	0	true	CURRENT_RUNTIME_DATA	NON_DEFAULT_OVERRIDE	CURRENT_RUNTIME_DATA	gra/data/civ-matrix.json#/cywilizacje[typCywilizacji=celtowie]/params/walka_uderzenie_piechota	LEGACY_DOC_PRESENT	docs/encyklopedia/cywilizacje/celtowie.md	DEAD_UNWIRED		0.4		NOT_ACTIVE	not computed by current consumer; retain raw Normal data	not applicable until a consumer is wired and reviewed	gra/src/game/civ-matrix.ts:41-60,71-101 (loader/accessor only); no gameplay call-site found	false
celtowie	Celtowie	1	walka_uderzenie_kawaleria	walka	ulamek	civ-bonuses.ts	mul_proc	0	0	false	CURRENT_RUNTIME_DATA	DEFAULT_VALUE	CURRENT_RUNTIME_DEFAULT	gra/data/civ-matrix.json#/cywilizacje[typCywilizacji=celtowie]/params/walka_uderzenie_kawaleria	LEGACY_DOC_PRESENT	docs/encyklopedia/cywilizacje/celtowie.md	DEAD_UNWIRED		0		NOT_ACTIVE	not computed by current consumer; retain raw Normal data	not applicable until a consumer is wired and reviewed	gra/src/game/civ-matrix.ts:41-60,71-101 (loader/accessor only); no gameplay call-site found	false
celtowie	Celtowie	1	walka_uderzenie_rydwany	walka	ulamek	civ-bonuses.ts	mul_proc	0	0	false	CURRENT_RUNTIME_DATA	DEFAULT_VALUE	CURRENT_RUNTIME_DEFAULT	gra/data/civ-matrix.json#/cywilizacje[typCywilizacji=celtowie]/params/walka_uderzenie_rydwany	LEGACY_DOC_PRESENT	docs/encyklopedia/cywilizacje/celtowie.md	UNWIRED		0		NOT_ACTIVE	not computed by current consumer; retain raw Normal data	not applicable until a consumer is wired and reviewed	gra/src/game/civ-matrix.ts:41-60,71-101 (loader/accessor only); no gameplay call-site found	false
celtowie	Celtowie	1	walka_dystans_lukownicy	walka	ulamek	civ-bonuses.ts	mul_proc	0	0	false	CURRENT_RUNTIME_DATA	DEFAULT_VALUE	CURRENT_RUNTIME_DEFAULT	gra/data/civ-matrix.json#/cywilizacje[typCywilizacji=celtowie]/params/walka_dystans_lukownicy	LEGACY_DOC_PRESENT	docs/encyklopedia/cywilizacje/celtowie.md	DEAD_UNWIRED		0		NOT_ACTIVE	not computed by current consumer; retain raw Normal data	not applicable until a consumer is wired and reviewed	gra/src/game/civ-matrix.ts:41-60,71-101 (loader/accessor only); no gameplay call-site found	false
celtowie	Celtowie	1	walka_dystans_rydwany	walka	ulamek	civ-bonuses.ts	mul_proc	0	0	false	CURRENT_RUNTIME_DATA	DEFAULT_VALUE	CURRENT_RUNTIME_DEFAULT	gra/data/civ-matrix.json#/cywilizacje[typCywilizacji=celtowie]/params/walka_dystans_rydwany	LEGACY_DOC_PRESENT	docs/encyklopedia/cywilizacje/celtowie.md	UNWIRED		0		NOT_ACTIVE	not computed by current consumer; retain raw Normal data	not applicable until a consumer is wired and reviewed	gra/src/game/civ-matrix.ts:41-60,71-101 (loader/accessor only); no gameplay call-site found	false
celtowie	Celtowie	1	walka_hp_piechota	walka	ulamek	civ-bonuses.ts	mul_proc	0	0	false	CURRENT_RUNTIME_DATA	DEFAULT_VALUE	CURRENT_RUNTIME_DEFAULT	gra/data/civ-matrix.json#/cywilizacje[typCywilizacji=celtowie]/params/walka_hp_piechota	LEGACY_DOC_PRESENT	docs/encyklopedia/cywilizacje/celtowie.md	DEAD_UNWIRED		0		NOT_ACTIVE	not computed by current consumer; retain raw Normal data	not applicable until a consumer is wired and reviewed	gra/src/game/civ-matrix.ts:41-60,71-101 (loader/accessor only); no gameplay call-site found	false
celtowie	Celtowie	1	walka_hp_kawaleria	walka	ulamek	civ-bonuses.ts	mul_proc	0	0	false	CURRENT_RUNTIME_DATA	DEFAULT_VALUE	CURRENT_RUNTIME_DEFAULT	gra/data/civ-matrix.json#/cywilizacje[typCywilizacji=celtowie]/params/walka_hp_kawaleria	LEGACY_DOC_PRESENT	docs/encyklopedia/cywilizacje/celtowie.md	UNWIRED		0		NOT_ACTIVE	not computed by current consumer; retain raw Normal data	not applicable until a consumer is wired and reviewed	gra/src/game/civ-matrix.ts:41-60,71-101 (loader/accessor only); no gameplay call-site found	false
celtowie	Celtowie	1	walka_hp_rydwany	walka	ulamek	civ-bonuses.ts	mul_proc	0	0	false	CURRENT_RUNTIME_DATA	DEFAULT_VALUE	CURRENT_RUNTIME_DEFAULT	gra/data/civ-matrix.json#/cywilizacje[typCywilizacji=celtowie]/params/walka_hp_rydwany	LEGACY_DOC_PRESENT	docs/encyklopedia/cywilizacje/celtowie.md	DEAD_UNWIRED		0		NOT_ACTIVE	not computed by current consumer; retain raw Normal data	not applicable until a consumer is wired and reviewed	gra/src/game/civ-matrix.ts:41-60,71-101 (loader/accessor only); no gameplay call-site found	false
celtowie	Celtowie	1	walka_ruch_bitwa_proc	walka	ulamek	civ-bonuses.ts	mul_proc	0	0	false	CURRENT_RUNTIME_DATA	DEFAULT_VALUE	CURRENT_RUNTIME_DEFAULT	gra/data/civ-matrix.json#/cywilizacje[typCywilizacji=celtowie]/params/walka_ruch_bitwa_proc	LEGACY_DOC_PRESENT	docs/encyklopedia/cywilizacje/celtowie.md	DEAD_UNWIRED		0		NOT_ACTIVE	not computed by current consumer; retain raw Normal data	not applicable until a consumer is wired and reviewed	gra/src/game/civ-matrix.ts:41-60,71-101 (loader/accessor only); no gameplay call-site found	false
celtowie	Celtowie	1	walka_zasieg_proc	walka	ulamek	civ-bonuses.ts	mul_proc	0	0	false	CURRENT_RUNTIME_DATA	DEFAULT_VALUE	CURRENT_RUNTIME_DEFAULT	gra/data/civ-matrix.json#/cywilizacje[typCywilizacji=celtowie]/params/walka_zasieg_proc	LEGACY_DOC_PRESENT	docs/encyklopedia/cywilizacje/celtowie.md	UNWIRED		0		NOT_ACTIVE	not computed by current consumer; retain raw Normal data	not applicable until a consumer is wired and reviewed	gra/src/game/civ-matrix.ts:41-60,71-101 (loader/accessor only); no gameplay call-site found	false
celtowie	Celtowie	1	walka_oblezenie_proc	walka	ulamek	civ-bonuses.ts	mul_proc	0	0	false	CURRENT_RUNTIME_DATA	DEFAULT_VALUE	CURRENT_RUNTIME_DEFAULT	gra/data/civ-matrix.json#/cywilizacje[typCywilizacji=celtowie]/params/walka_oblezenie_proc	LEGACY_DOC_PRESENT	docs/encyklopedia/cywilizacje/celtowie.md	UNWIRED		0		NOT_ACTIVE	not computed by current consumer; retain raw Normal data	not applicable until a consumer is wired and reviewed	gra/src/game/civ-matrix.ts:41-60,71-101 (loader/accessor only); no gameplay call-site found	false
celtowie	Celtowie	1	walka_koszt_rekrutacji_proc	walka	ulamek	production.ts	mul_proc	0	0	false	CURRENT_RUNTIME_DATA	DEFAULT_VALUE	CURRENT_RUNTIME_DEFAULT	gra/data/civ-matrix.json#/cywilizacje[typCywilizacji=celtowie]/params/walka_koszt_rekrutacji_proc	LEGACY_DOC_PRESENT	docs/encyklopedia/cywilizacje/celtowie.md	DEAD_UNWIRED		0		NOT_ACTIVE	not computed by current consumer; retain raw Normal data	not applicable until a consumer is wired and reviewed	gra/src/game/civ-matrix.ts:41-60,71-101 (loader/accessor only); no gameplay call-site found	false
celtowie	Celtowie	1	walka_atak_piechota_teren_las	walka	ulamek	civ-bonuses.ts	mul_proc	0	0	false	CURRENT_RUNTIME_DATA	DEFAULT_VALUE	CURRENT_RUNTIME_DEFAULT	gra/data/civ-matrix.json#/cywilizacje[typCywilizacji=celtowie]/params/walka_atak_piechota_teren_las	LEGACY_DOC_PRESENT	docs/encyklopedia/cywilizacje/celtowie.md	DEAD_UNWIRED		0		NOT_ACTIVE	not computed by current consumer; retain raw Normal data	not applicable until a consumer is wired and reviewed	gra/src/game/civ-matrix.ts:41-60,71-101 (loader/accessor only); no gameplay call-site found	false
celtowie	Celtowie	1	walka_obrona_piechota_teren_las	walka	ulamek	civ-bonuses.ts	mul_proc	0	0	false	CURRENT_RUNTIME_DATA	DEFAULT_VALUE	CURRENT_RUNTIME_DEFAULT	gra/data/civ-matrix.json#/cywilizacje[typCywilizacji=celtowie]/params/walka_obrona_piechota_teren_las	LEGACY_DOC_PRESENT	docs/encyklopedia/cywilizacje/celtowie.md	UNWIRED		0		NOT_ACTIVE	not computed by current consumer; retain raw Normal data	not applicable until a consumer is wired and reviewed	gra/src/game/civ-matrix.ts:41-60,71-101 (loader/accessor only); no gameplay call-site found	false
celtowie	Celtowie	1	walka_atak_piechota_terytorium_wlasne	walka	ulamek	civ-bonuses.ts	mul_proc	0	0	false	CURRENT_RUNTIME_DATA	DEFAULT_VALUE	CURRENT_RUNTIME_DEFAULT	gra/data/civ-matrix.json#/cywilizacje[typCywilizacji=celtowie]/params/walka_atak_piechota_terytorium_wlasne	LEGACY_DOC_PRESENT	docs/encyklopedia/cywilizacje/celtowie.md	UNWIRED		0		NOT_ACTIVE	not computed by current consumer; retain raw Normal data	not applicable until a consumer is wired and reviewed	gra/src/game/civ-matrix.ts:41-60,71-101 (loader/accessor only); no gameplay call-site found	false
celtowie	Celtowie	1	walka_obrona_piechota_terytorium_wlasne	walka	ulamek	civ-bonuses.ts	mul_proc	0	0	false	CURRENT_RUNTIME_DATA	DEFAULT_VALUE	CURRENT_RUNTIME_DEFAULT	gra/data/civ-matrix.json#/cywilizacje[typCywilizacji=celtowie]/params/walka_obrona_piechota_terytorium_wlasne	LEGACY_DOC_PRESENT	docs/encyklopedia/cywilizacje/celtowie.md	DEAD_UNWIRED		0		NOT_ACTIVE	not computed by current consumer; retain raw Normal data	not applicable until a consumer is wired and reviewed	gra/src/game/civ-matrix.ts:41-60,71-101 (loader/accessor only); no gameplay call-site found	false
celtowie	Celtowie	1	walka_atak_piechota_w_murze	walka	ulamek	civ-bonuses.ts	mul_proc	0	0	false	CURRENT_RUNTIME_DATA	DEFAULT_VALUE	CURRENT_RUNTIME_DEFAULT	gra/data/civ-matrix.json#/cywilizacje[typCywilizacji=celtowie]/params/walka_atak_piechota_w_murze	LEGACY_DOC_PRESENT	docs/encyklopedia/cywilizacje/celtowie.md	UNWIRED		0		NOT_ACTIVE	not computed by current consumer; retain raw Normal data	not applicable until a consumer is wired and reviewed	gra/src/game/civ-matrix.ts:41-60,71-101 (loader/accessor only); no gameplay call-site found	false
celtowie	Celtowie	1	walka_obrona_piechota_w_murze	walka	ulamek	civ-bonuses.ts	mul_proc	0	0	false	CURRENT_RUNTIME_DATA	DEFAULT_VALUE	CURRENT_RUNTIME_DEFAULT	gra/data/civ-matrix.json#/cywilizacje[typCywilizacji=celtowie]/params/walka_obrona_piechota_w_murze	LEGACY_DOC_PRESENT	docs/encyklopedia/cywilizacje/celtowie.md	DEAD_UNWIRED		0		NOT_ACTIVE	not computed by current consumer; retain raw Normal data	not applicable until a consumer is wired and reviewed	gra/src/game/civ-matrix.ts:41-60,71-101 (loader/accessor only); no gameplay call-site found	false
celtowie	Celtowie	1	walka_atak_piechota_runda_szarzy	walka	ulamek	civ-bonuses.ts	mul_proc	0	0	false	CURRENT_RUNTIME_DATA	DEFAULT_VALUE	CURRENT_RUNTIME_DEFAULT	gra/data/civ-matrix.json#/cywilizacje[typCywilizacji=celtowie]/params/walka_atak_piechota_runda_szarzy	LEGACY_DOC_PRESENT	docs/encyklopedia/cywilizacje/celtowie.md	DEAD_UNWIRED		0		NOT_ACTIVE	not computed by current consumer; retain raw Normal data	not applicable until a consumer is wired and reviewed	gra/src/game/civ-matrix.ts:41-60,71-101 (loader/accessor only); no gameplay call-site found	false
celtowie	Celtowie	1	walka_obrona_piechota_runda_szarzy	walka	ulamek	civ-bonuses.ts	mul_proc	0	0	false	CURRENT_RUNTIME_DATA	DEFAULT_VALUE	CURRENT_RUNTIME_DEFAULT	gra/data/civ-matrix.json#/cywilizacje[typCywilizacji=celtowie]/params/walka_obrona_piechota_runda_szarzy	LEGACY_DOC_PRESENT	docs/encyklopedia/cywilizacje/celtowie.md	UNWIRED		0		NOT_ACTIVE	not computed by current consumer; retain raw Normal data	not applicable until a consumer is wired and reviewed	gra/src/game/civ-matrix.ts:41-60,71-101 (loader/accessor only); no gameplay call-site found	false
celtowie	Celtowie	1	walka_atak_piechota_teren_plytkie_morze	walka	ulamek	civ-bonuses.ts	mul_proc	0	0	false	CURRENT_RUNTIME_DATA	DEFAULT_VALUE	CURRENT_RUNTIME_DEFAULT	gra/data/civ-matrix.json#/cywilizacje[typCywilizacji=celtowie]/params/walka_atak_piechota_teren_plytkie_morze	LEGACY_DOC_PRESENT	docs/encyklopedia/cywilizacje/celtowie.md	UNWIRED		0		NOT_ACTIVE	not computed by current consumer; retain raw Normal data	not applicable until a consumer is wired and reviewed	gra/src/game/civ-matrix.ts:41-60,71-101 (loader/accessor only); no gameplay call-site found	false
celtowie	Celtowie	1	walka_obrona_piechota_teren_plytkie_morze	walka	ulamek	civ-bonuses.ts	mul_proc	0	0	false	CURRENT_RUNTIME_DATA	DEFAULT_VALUE	CURRENT_RUNTIME_DEFAULT	gra/data/civ-matrix.json#/cywilizacje[typCywilizacji=celtowie]/params/walka_obrona_piechota_teren_plytkie_morze	LEGACY_DOC_PRESENT	docs/encyklopedia/cywilizacje/celtowie.md	UNWIRED		0		NOT_ACTIVE	not computed by current consumer; retain raw Normal data	not applicable until a consumer is wired and reviewed	gra/src/game/civ-matrix.ts:41-60,71-101 (loader/accessor only); no gameplay call-site found	false
celtowie	Celtowie	1	spec_Atak	jednostka_spec	absolut	units.json+combat.ts	stat_abs	0	0	false	CURRENT_RUNTIME_DATA	DEFAULT_VALUE	CURRENT_RUNTIME_DEFAULT	gra/data/civ-matrix.json#/cywilizacje[typCywilizacji=celtowie]/params/spec_Atak	LEGACY_DOC_PRESENT	docs/encyklopedia/cywilizacje/celtowie.md	DEAD_UNWIRED		0		NOT_ACTIVE	not computed by current consumer; retain raw Normal data	not applicable until a consumer is wired and reviewed	gra/src/game/civ-matrix.ts:41-60,71-101 (loader/accessor only); no gameplay call-site found	false
celtowie	Celtowie	1	spec_Obrazenia	jednostka_spec	absolut	units.json+combat.ts	stat_abs	0	0	false	CURRENT_RUNTIME_DATA	DEFAULT_VALUE	CURRENT_RUNTIME_DEFAULT	gra/data/civ-matrix.json#/cywilizacje[typCywilizacji=celtowie]/params/spec_Obrazenia	LEGACY_DOC_PRESENT	docs/encyklopedia/cywilizacje/celtowie.md	DEAD_UNWIRED		0		NOT_ACTIVE	not computed by current consumer; retain raw Normal data	not applicable until a consumer is wired and reviewed	gra/src/game/civ-matrix.ts:41-60,71-101 (loader/accessor only); no gameplay call-site found	false
celtowie	Celtowie	1	spec_Obrona	jednostka_spec	absolut	units.json+combat.ts	stat_abs	0	0	false	CURRENT_RUNTIME_DATA	DEFAULT_VALUE	CURRENT_RUNTIME_DEFAULT	gra/data/civ-matrix.json#/cywilizacje[typCywilizacji=celtowie]/params/spec_Obrona	LEGACY_DOC_PRESENT	docs/encyklopedia/cywilizacje/celtowie.md	DEAD_UNWIRED		0		NOT_ACTIVE	not computed by current consumer; retain raw Normal data	not applicable until a consumer is wired and reviewed	gra/src/game/civ-matrix.ts:41-60,71-101 (loader/accessor only); no gameplay call-site found	false
celtowie	Celtowie	1	spec_Uderzenie	jednostka_spec	absolut	units.json+combat.ts	stat_abs	0	0	false	CURRENT_RUNTIME_DATA	DEFAULT_VALUE	CURRENT_RUNTIME_DEFAULT	gra/data/civ-matrix.json#/cywilizacje[typCywilizacji=celtowie]/params/spec_Uderzenie	LEGACY_DOC_PRESENT	docs/encyklopedia/cywilizacje/celtowie.md	DEAD_UNWIRED		0		NOT_ACTIVE	not computed by current consumer; retain raw Normal data	not applicable until a consumer is wired and reviewed	gra/src/game/civ-matrix.ts:41-60,71-101 (loader/accessor only); no gameplay call-site found	false
celtowie	Celtowie	1	spec_Pancerz	jednostka_spec	absolut	units.json+combat.ts	stat_abs	0	0	false	CURRENT_RUNTIME_DATA	DEFAULT_VALUE	CURRENT_RUNTIME_DEFAULT	gra/data/civ-matrix.json#/cywilizacje[typCywilizacji=celtowie]/params/spec_Pancerz	LEGACY_DOC_PRESENT	docs/encyklopedia/cywilizacje/celtowie.md	DEAD_UNWIRED		0		NOT_ACTIVE	not computed by current consumer; retain raw Normal data	not applicable until a consumer is wired and reviewed	gra/src/game/civ-matrix.ts:41-60,71-101 (loader/accessor only); no gameplay call-site found	false
celtowie	Celtowie	1	spec_Przebicie	jednostka_spec	absolut	units.json+combat.ts	stat_abs	0	0	false	CURRENT_RUNTIME_DATA	DEFAULT_VALUE	CURRENT_RUNTIME_DEFAULT	gra/data/civ-matrix.json#/cywilizacje[typCywilizacji=celtowie]/params/spec_Przebicie	LEGACY_DOC_PRESENT	docs/encyklopedia/cywilizacje/celtowie.md	DEAD_UNWIRED		0		NOT_ACTIVE	not computed by current consumer; retain raw Normal data	not applicable until a consumer is wired and reviewed	gra/src/game/civ-matrix.ts:41-60,71-101 (loader/accessor only); no gameplay call-site found	false
celtowie	Celtowie	1	spec_Health	jednostka_spec	absolut	units.json+combat.ts	stat_abs	0	0	false	CURRENT_RUNTIME_DATA	DEFAULT_VALUE	CURRENT_RUNTIME_DEFAULT	gra/data/civ-matrix.json#/cywilizacje[typCywilizacji=celtowie]/params/spec_Health	LEGACY_DOC_PRESENT	docs/encyklopedia/cywilizacje/celtowie.md	DEAD_UNWIRED		0		NOT_ACTIVE	not computed by current consumer; retain raw Normal data	not applicable until a consumer is wired and reviewed	gra/src/game/civ-matrix.ts:41-60,71-101 (loader/accessor only); no gameplay call-site found	false
celtowie	Celtowie	1	spec_Atak_dystansowy	jednostka_spec	absolut	units.json+combat.ts	stat_abs	0	0	false	CURRENT_RUNTIME_DATA	DEFAULT_VALUE	CURRENT_RUNTIME_DEFAULT	gra/data/civ-matrix.json#/cywilizacje[typCywilizacji=celtowie]/params/spec_Atak_dystansowy	LEGACY_DOC_PRESENT	docs/encyklopedia/cywilizacje/celtowie.md	DEAD_UNWIRED		0		NOT_ACTIVE	not computed by current consumer; retain raw Normal data	not applicable until a consumer is wired and reviewed	gra/src/game/civ-matrix.ts:41-60,71-101 (loader/accessor only); no gameplay call-site found	false
celtowie	Celtowie	1	spec_Zasieg_hex	jednostka_spec	absolut	units.json+combat.ts	stat_abs	0	0	false	CURRENT_RUNTIME_DATA	DEFAULT_VALUE	CURRENT_RUNTIME_DEFAULT	gra/data/civ-matrix.json#/cywilizacje[typCywilizacji=celtowie]/params/spec_Zasieg_hex	LEGACY_DOC_PRESENT	docs/encyklopedia/cywilizacje/celtowie.md	DEAD_UNWIRED		0		NOT_ACTIVE	not computed by current consumer; retain raw Normal data	not applicable until a consumer is wired and reviewed	gra/src/game/civ-matrix.ts:41-60,71-101 (loader/accessor only); no gameplay call-site found	false
celtowie	Celtowie	1	spec_Pociski	jednostka_spec	absolut	units.json+combat.ts	stat_abs	0	0	false	CURRENT_RUNTIME_DATA	DEFAULT_VALUE	CURRENT_RUNTIME_DEFAULT	gra/data/civ-matrix.json#/cywilizacje[typCywilizacji=celtowie]/params/spec_Pociski	LEGACY_DOC_PRESENT	docs/encyklopedia/cywilizacje/celtowie.md	DEAD_UNWIRED		0		NOT_ACTIVE	not computed by current consumer; retain raw Normal data	not applicable until a consumer is wired and reviewed	gra/src/game/civ-matrix.ts:41-60,71-101 (loader/accessor only); no gameplay call-site found	false
celtowie	Celtowie	1	spec_Ruch_bitwa	jednostka_spec	absolut	units.json+combat.ts	stat_abs	0	0	false	CURRENT_RUNTIME_DATA	DEFAULT_VALUE	CURRENT_RUNTIME_DEFAULT	gra/data/civ-matrix.json#/cywilizacje[typCywilizacji=celtowie]/params/spec_Ruch_bitwa	LEGACY_DOC_PRESENT	docs/encyklopedia/cywilizacje/celtowie.md	DEAD_UNWIRED		0		NOT_ACTIVE	not computed by current consumer; retain raw Normal data	not applicable until a consumer is wired and reviewed	gra/src/game/civ-matrix.ts:41-60,71-101 (loader/accessor only); no gameplay call-site found	false
celtowie	Celtowie	1	spec_Ruch_mapa	jednostka_spec	absolut	units.json+combat.ts	stat_abs	0	0	false	CURRENT_RUNTIME_DATA	DEFAULT_VALUE	CURRENT_RUNTIME_DEFAULT	gra/data/civ-matrix.json#/cywilizacje[typCywilizacji=celtowie]/params/spec_Ruch_mapa	LEGACY_DOC_PRESENT	docs/encyklopedia/cywilizacje/celtowie.md	DEAD_UNWIRED		0		NOT_ACTIVE	not computed by current consumer; retain raw Normal data	not applicable until a consumer is wired and reviewed	gra/src/game/civ-matrix.ts:41-60,71-101 (loader/accessor only); no gameplay call-site found	false
celtowie	Celtowie	1	spec_Widok	jednostka_spec	absolut	units.json+combat.ts	stat_abs	0	0	false	CURRENT_RUNTIME_DATA	DEFAULT_VALUE	CURRENT_RUNTIME_DEFAULT	gra/data/civ-matrix.json#/cywilizacje[typCywilizacji=celtowie]/params/spec_Widok	LEGACY_DOC_PRESENT	docs/encyklopedia/cywilizacje/celtowie.md	DEAD_UNWIRED		0		NOT_ACTIVE	not computed by current consumer; retain raw Normal data	not applicable until a consumer is wired and reviewed	gra/src/game/civ-matrix.ts:41-60,71-101 (loader/accessor only); no gameplay call-site found	false
celtowie	Celtowie	1	spec_Dezercja_proc	jednostka_spec	absolut	units.json+combat.ts	stat_abs	0	0	false	CURRENT_RUNTIME_DATA	DEFAULT_VALUE	CURRENT_RUNTIME_DEFAULT	gra/data/civ-matrix.json#/cywilizacje[typCywilizacji=celtowie]/params/spec_Dezercja_proc	LEGACY_DOC_PRESENT	docs/encyklopedia/cywilizacje/celtowie.md	DEAD_UNWIRED		0		NOT_ACTIVE	not computed by current consumer; retain raw Normal data	not applicable until a consumer is wired and reviewed	gra/src/game/civ-matrix.ts:41-60,71-101 (loader/accessor only); no gameplay call-site found	false
celtowie	Celtowie	1	spec_Morale	jednostka_spec	absolut	units.json+combat.ts	stat_abs	0	0	false	CURRENT_RUNTIME_DATA	DEFAULT_VALUE	CURRENT_RUNTIME_DEFAULT	gra/data/civ-matrix.json#/cywilizacje[typCywilizacji=celtowie]/params/spec_Morale	LEGACY_DOC_PRESENT	docs/encyklopedia/cywilizacje/celtowie.md	DEAD_UNWIRED		0		NOT_ACTIVE	not computed by current consumer; retain raw Normal data	not applicable until a consumer is wired and reviewed	gra/src/game/civ-matrix.ts:41-60,71-101 (loader/accessor only); no gameplay call-site found	false
celtowie	Celtowie	1	spec_Koszt_pieniadz	jednostka_spec	absolut	units.json+combat.ts	stat_abs	0	0	false	CURRENT_RUNTIME_DATA	DEFAULT_VALUE	CURRENT_RUNTIME_DEFAULT	gra/data/civ-matrix.json#/cywilizacje[typCywilizacji=celtowie]/params/spec_Koszt_pieniadz	LEGACY_DOC_PRESENT	docs/encyklopedia/cywilizacje/celtowie.md	DEAD_UNWIRED		0		NOT_ACTIVE	not computed by current consumer; retain raw Normal data	not applicable until a consumer is wired and reviewed	gra/src/game/civ-matrix.ts:41-60,71-101 (loader/accessor only); no gameplay call-site found	false
celtowie	Celtowie	1	spec_Utrzymanie	jednostka_spec	absolut	units.json+combat.ts	stat_abs	0	0	false	CURRENT_RUNTIME_DATA	DEFAULT_VALUE	CURRENT_RUNTIME_DEFAULT	gra/data/civ-matrix.json#/cywilizacje[typCywilizacji=celtowie]/params/spec_Utrzymanie	LEGACY_DOC_PRESENT	docs/encyklopedia/cywilizacje/celtowie.md	DEAD_UNWIRED		0		NOT_ACTIVE	not computed by current consumer; retain raw Normal data	not applicable until a consumer is wired and reviewed	gra/src/game/civ-matrix.ts:41-60,71-101 (loader/accessor only); no gameplay call-site found	false
celtowie	Celtowie	1	spec_Zywnosc_ture	jednostka_spec	absolut	units.json+combat.ts	stat_abs	0	0	false	CURRENT_RUNTIME_DATA	DEFAULT_VALUE	CURRENT_RUNTIME_DEFAULT	gra/data/civ-matrix.json#/cywilizacje[typCywilizacji=celtowie]/params/spec_Zywnosc_ture	LEGACY_DOC_PRESENT	docs/encyklopedia/cywilizacje/celtowie.md	DEAD_UNWIRED		0		NOT_ACTIVE	not computed by current consumer; retain raw Normal data	not applicable until a consumer is wired and reviewed	gra/src/game/civ-matrix.ts:41-60,71-101 (loader/accessor only); no gameplay call-site found	false
celtowie	Celtowie	1	eko_praca_proc	ekonomia	ulamek	economy.ts	mul_proc	-0.02	0	true	CURRENT_RUNTIME_DATA	NON_DEFAULT_OVERRIDE	CURRENT_RUNTIME_DATA	gra/data/civ-matrix.json#/cywilizacje[typCywilizacji=celtowie]/params/eko_praca_proc	LEGACY_DOC_PRESENT	docs/encyklopedia/cywilizacje/celtowie.md	DEAD_UNWIRED		-0.02		NOT_ACTIVE	not computed by current consumer; retain raw Normal data	not applicable until a consumer is wired and reviewed	gra/src/game/civ-matrix.ts:41-60,71-101 (loader/accessor only); no gameplay call-site found	false
celtowie	Celtowie	1	eko_pieniadz_proc	ekonomia	ulamek	economy.ts	mul_proc	0	0	false	CURRENT_RUNTIME_DATA	DEFAULT_VALUE	CURRENT_RUNTIME_DEFAULT	gra/data/civ-matrix.json#/cywilizacje[typCywilizacji=celtowie]/params/eko_pieniadz_proc	LEGACY_DOC_PRESENT	docs/encyklopedia/cywilizacje/celtowie.md	DEAD_UNWIRED		0		NOT_ACTIVE	not computed by current consumer; retain raw Normal data	not applicable until a consumer is wired and reviewed	gra/src/game/civ-matrix.ts:41-60,71-101 (loader/accessor only); no gameplay call-site found	false
celtowie	Celtowie	1	eko_pieniadz_port_proc	ekonomia	ulamek	economy.ts	mul_proc	0	0	false	CURRENT_RUNTIME_DATA	DEFAULT_VALUE	CURRENT_RUNTIME_DEFAULT	gra/data/civ-matrix.json#/cywilizacje[typCywilizacji=celtowie]/params/eko_pieniadz_port_proc	LEGACY_DOC_PRESENT	docs/encyklopedia/cywilizacje/celtowie.md	DEAD_UNWIRED		0		NOT_ACTIVE	not computed by current consumer; retain raw Normal data	not applicable until a consumer is wired and reviewed	gra/src/game/civ-matrix.ts:41-60,71-101 (loader/accessor only); no gameplay call-site found	false
celtowie	Celtowie	1	eko_zywnosc_proc	ekonomia	ulamek	economy.ts	mul_proc	0	0	false	CURRENT_RUNTIME_DATA	DEFAULT_VALUE	CURRENT_RUNTIME_DEFAULT	gra/data/civ-matrix.json#/cywilizacje[typCywilizacji=celtowie]/params/eko_zywnosc_proc	LEGACY_DOC_PRESENT	docs/encyklopedia/cywilizacje/celtowie.md	UNWIRED		0		NOT_ACTIVE	not computed by current consumer; retain raw Normal data	not applicable until a consumer is wired and reviewed	gra/src/game/civ-matrix.ts:41-60,71-101 (loader/accessor only); no gameplay call-site found	false
celtowie	Celtowie	1	eko_nauka_proc	ekonomia	ulamek	economy.ts	mul_proc	0	0	false	CURRENT_RUNTIME_DATA	DEFAULT_VALUE	CURRENT_RUNTIME_DEFAULT	gra/data/civ-matrix.json#/cywilizacje[typCywilizacji=celtowie]/params/eko_nauka_proc	LEGACY_DOC_PRESENT	docs/encyklopedia/cywilizacje/celtowie.md	DEAD_UNWIRED		0		NOT_ACTIVE	not computed by current consumer; retain raw Normal data	not applicable until a consumer is wired and reviewed	gra/src/game/civ-matrix.ts:41-60,71-101 (loader/accessor only); no gameplay call-site found	false
celtowie	Celtowie	1	eko_kultura_proc	ekonomia	ulamek	economy.ts	mul_proc	0	0	false	CURRENT_RUNTIME_DATA	DEFAULT_VALUE	CURRENT_RUNTIME_DEFAULT	gra/data/civ-matrix.json#/cywilizacje[typCywilizacji=celtowie]/params/eko_kultura_proc	LEGACY_DOC_PRESENT	docs/encyklopedia/cywilizacje/celtowie.md	UNWIRED		0		NOT_ACTIVE	not computed by current consumer; retain raw Normal data	not applicable until a consumer is wired and reviewed	gra/src/game/civ-matrix.ts:41-60,71-101 (loader/accessor only); no gameplay call-site found	false
celtowie	Celtowie	1	eko_luksus_proc	ekonomia	ulamek	economy.ts	mul_proc	0	0	false	CURRENT_RUNTIME_DATA	DEFAULT_VALUE	CURRENT_RUNTIME_DEFAULT	gra/data/civ-matrix.json#/cywilizacje[typCywilizacji=celtowie]/params/eko_luksus_proc	LEGACY_DOC_PRESENT	docs/encyklopedia/cywilizacje/celtowie.md	UNWIRED		0		NOT_ACTIVE	not computed by current consumer; retain raw Normal data	not applicable until a consumer is wired and reviewed	gra/src/game/civ-matrix.ts:41-60,71-101 (loader/accessor only); no gameplay call-site found	false
celtowie	Celtowie	1	eko_zadowolenie_proc	ekonomia	ulamek	economy.ts	mul_proc	0	0	false	CURRENT_RUNTIME_DATA	DEFAULT_VALUE	CURRENT_RUNTIME_DEFAULT	gra/data/civ-matrix.json#/cywilizacje[typCywilizacji=celtowie]/params/eko_zadowolenie_proc	LEGACY_DOC_PRESENT	docs/encyklopedia/cywilizacje/celtowie.md	UNWIRED		0		NOT_ACTIVE	not computed by current consumer; retain raw Normal data	not applicable until a consumer is wired and reviewed	gra/src/game/civ-matrix.ts:41-60,71-101 (loader/accessor only); no gameplay call-site found	false
celtowie	Celtowie	1	eko_handel_brutto_proc	ekonomia	ulamek	economy.ts	mul_proc	0	0	false	CURRENT_RUNTIME_DATA	DEFAULT_VALUE	CURRENT_RUNTIME_DEFAULT	gra/data/civ-matrix.json#/cywilizacje[typCywilizacji=celtowie]/params/eko_handel_brutto_proc	LEGACY_DOC_PRESENT	docs/encyklopedia/cywilizacje/celtowie.md	DEAD_UNWIRED		0		NOT_ACTIVE	not computed by current consumer; retain raw Normal data	not applicable until a consumer is wired and reviewed	gra/src/game/civ-matrix.ts:41-60,71-101 (loader/accessor only); no gameplay call-site found	false
celtowie	Celtowie	1	eko_korupcja_proc	ekonomia	ulamek	economy.ts	mul_proc	0	0	false	CURRENT_RUNTIME_DATA	DEFAULT_VALUE	CURRENT_RUNTIME_DEFAULT	gra/data/civ-matrix.json#/cywilizacje[typCywilizacji=celtowie]/params/eko_korupcja_proc	LEGACY_DOC_PRESENT	docs/encyklopedia/cywilizacje/celtowie.md	UNWIRED		0		NOT_ACTIVE	not computed by current consumer; retain raw Normal data	not applicable until a consumer is wired and reviewed	gra/src/game/civ-matrix.ts:41-60,71-101 (loader/accessor only); no gameplay call-site found	false
celtowie	Celtowie	1	prod_koszt_budynku_proc	produkcja	ulamek	civ-bonuses.ts	mul_proc	0	0	false	CURRENT_RUNTIME_DATA	DEFAULT_VALUE	CURRENT_RUNTIME_DEFAULT	gra/data/civ-matrix.json#/cywilizacje[typCywilizacji=celtowie]/params/prod_koszt_budynku_proc	LEGACY_DOC_PRESENT	docs/encyklopedia/cywilizacje/celtowie.md	DEAD_UNWIRED		0		NOT_ACTIVE	not computed by current consumer; retain raw Normal data	not applicable until a consumer is wired and reviewed	gra/src/game/civ-matrix.ts:41-60,71-101 (loader/accessor only); no gameplay call-site found	false
celtowie	Celtowie	1	prod_koszt_jednostki_proc	produkcja	ulamek	production.ts	mul_proc	0	0	false	CURRENT_RUNTIME_DATA	DEFAULT_VALUE	CURRENT_RUNTIME_DEFAULT	gra/data/civ-matrix.json#/cywilizacje[typCywilizacji=celtowie]/params/prod_koszt_jednostki_proc	LEGACY_DOC_PRESENT	docs/encyklopedia/cywilizacje/celtowie.md	DEAD_UNWIRED		0		NOT_ACTIVE	not computed by current consumer; retain raw Normal data	not applicable until a consumer is wired and reviewed	gra/src/game/civ-matrix.ts:41-60,71-101 (loader/accessor only); no gameplay call-site found	false
celtowie	Celtowie	1	prod_szybkosc_budynku_proc	produkcja	ulamek	production.ts	mul_proc	0	0	false	CURRENT_RUNTIME_DATA	DEFAULT_VALUE	CURRENT_RUNTIME_DEFAULT	gra/data/civ-matrix.json#/cywilizacje[typCywilizacji=celtowie]/params/prod_szybkosc_budynku_proc	LEGACY_DOC_PRESENT	docs/encyklopedia/cywilizacje/celtowie.md	UNWIRED		0		NOT_ACTIVE	not computed by current consumer; retain raw Normal data	not applicable until a consumer is wired and reviewed	gra/src/game/civ-matrix.ts:41-60,71-101 (loader/accessor only); no gameplay call-site found	false
celtowie	Celtowie	1	prod_szybkosc_jednostki_proc	produkcja	ulamek	production.ts	mul_proc	0	0	false	CURRENT_RUNTIME_DATA	DEFAULT_VALUE	CURRENT_RUNTIME_DEFAULT	gra/data/civ-matrix.json#/cywilizacje[typCywilizacji=celtowie]/params/prod_szybkosc_jednostki_proc	LEGACY_DOC_PRESENT	docs/encyklopedia/cywilizacje/celtowie.md	UNWIRED		0		NOT_ACTIVE	not computed by current consumer; retain raw Normal data	not applicable until a consumer is wired and reviewed	gra/src/game/civ-matrix.ts:41-60,71-101 (loader/accessor only); no gameplay call-site found	false
celtowie	Celtowie	1	prod_rush_koszt_proc	produkcja	ulamek	production.ts	mul_proc	0	0	false	CURRENT_RUNTIME_DATA	DEFAULT_VALUE	CURRENT_RUNTIME_DEFAULT	gra/data/civ-matrix.json#/cywilizacje[typCywilizacji=celtowie]/params/prod_rush_koszt_proc	LEGACY_DOC_PRESENT	docs/encyklopedia/cywilizacje/celtowie.md	UNWIRED		0		NOT_ACTIVE	not computed by current consumer; retain raw Normal data	not applicable until a consumer is wired and reviewed	gra/src/game/civ-matrix.ts:41-60,71-101 (loader/accessor only); no gameplay call-site found	false
celtowie	Celtowie	1	lud_wzrost_proc	ludnosc	ulamek	economy.ts	mul_proc	0	0	false	CURRENT_RUNTIME_DATA	DEFAULT_VALUE	CURRENT_RUNTIME_DEFAULT	gra/data/civ-matrix.json#/cywilizacje[typCywilizacji=celtowie]/params/lud_wzrost_proc	LEGACY_DOC_PRESENT	docs/encyklopedia/cywilizacje/celtowie.md	REAL_GAMEPLAY	0.0	0	0.0	GROWTH_DIFFICULTY_MULT	easy=raw*0.5; normal=raw; hard=raw*1.5; contribution rounded to percent	wyżej = szybszy wzrost i silniejszy AI; Hard ×1.5, Easy ×0.5	gra/src/game/population-growth-v85.ts:84-90,230-232	false
celtowie	Celtowie	1	lud_spadek_proc	ludnosc	ulamek	economy.ts	mul_proc	0	0	false	CURRENT_RUNTIME_DATA	DEFAULT_VALUE	CURRENT_RUNTIME_DEFAULT	gra/data/civ-matrix.json#/cywilizacje[typCywilizacji=celtowie]/params/lud_spadek_proc	LEGACY_DOC_PRESENT	docs/encyklopedia/cywilizacje/celtowie.md	UNWIRED		0		NOT_ACTIVE	not computed by current consumer; retain raw Normal data	not applicable until a consumer is wired and reviewed	gra/src/game/civ-matrix.ts:41-60,71-101 (loader/accessor only); no gameplay call-site found	false
celtowie	Celtowie	1	lud_zdrowie_proc	ludnosc	ulamek	turn-economy.ts	mul_proc	0	0	false	CURRENT_RUNTIME_DATA	DEFAULT_VALUE	CURRENT_RUNTIME_DEFAULT	gra/data/civ-matrix.json#/cywilizacje[typCywilizacji=celtowie]/params/lud_zdrowie_proc	LEGACY_DOC_PRESENT	docs/encyklopedia/cywilizacje/celtowie.md	UNWIRED		0		NOT_ACTIVE	not computed by current consumer; retain raw Normal data	not applicable until a consumer is wired and reviewed	gra/src/game/civ-matrix.ts:41-60,71-101 (loader/accessor only); no gameplay call-site found	false
celtowie	Celtowie	1	lud_zadowolenie_bazowe	ludnosc	absolut	culture-religion.ts	add	0	0	false	CURRENT_RUNTIME_DATA	DEFAULT_VALUE	CURRENT_RUNTIME_DEFAULT	gra/data/civ-matrix.json#/cywilizacje[typCywilizacji=celtowie]/params/lud_zadowolenie_bazowe	LEGACY_DOC_PRESENT	docs/encyklopedia/cywilizacje/celtowie.md	UNWIRED		0		NOT_ACTIVE	not computed by current consumer; retain raw Normal data	not applicable until a consumer is wired and reviewed	gra/src/game/civ-matrix.ts:41-60,71-101 (loader/accessor only); no gameplay call-site found	false
celtowie	Celtowie	1	lud_limit_populacji	ludnosc	absolut	cities.ts	add	10	10	false	CURRENT_RUNTIME_DATA	DEFAULT_VALUE	CURRENT_RUNTIME_DEFAULT	gra/data/civ-matrix.json#/cywilizacje[typCywilizacji=celtowie]/params/lud_limit_populacji	LEGACY_DOC_PRESENT	docs/encyklopedia/cywilizacje/celtowie.md	UNWIRED		10		NOT_ACTIVE	not computed by current consumer; retain raw Normal data	not applicable until a consumer is wired and reviewed	gra/src/game/civ-matrix.ts:41-60,71-101 (loader/accessor only); no gameplay call-site found	false
celtowie	Celtowie	1	mp_regen_proc	manpower	ulamek	manpower.ts	mul_proc	0	0	false	CURRENT_RUNTIME_DATA	DEFAULT_VALUE	CURRENT_RUNTIME_DEFAULT	gra/data/civ-matrix.json#/cywilizacje[typCywilizacji=celtowie]/params/mp_regen_proc	LEGACY_DOC_PRESENT	docs/encyklopedia/cywilizacje/celtowie.md	DEAD_UNWIRED		0		NOT_ACTIVE	not computed by current consumer; retain raw Normal data	not applicable until a consumer is wired and reviewed	gra/src/game/civ-matrix.ts:41-60,71-101 (loader/accessor only); no gameplay call-site found	false
celtowie	Celtowie	1	mp_max_proc	manpower	ulamek	manpower.ts	mul_proc	0	0	false	CURRENT_RUNTIME_DATA	DEFAULT_VALUE	CURRENT_RUNTIME_DEFAULT	gra/data/civ-matrix.json#/cywilizacje[typCywilizacji=celtowie]/params/mp_max_proc	LEGACY_DOC_PRESENT	docs/encyklopedia/cywilizacje/celtowie.md	UNWIRED		0		NOT_ACTIVE	not computed by current consumer; retain raw Normal data	not applicable until a consumer is wired and reviewed	gra/src/game/civ-matrix.ts:41-60,71-101 (loader/accessor only); no gameplay call-site found	false
celtowie	Celtowie	1	mp_koszt_jednostki_proc	manpower	ulamek	manpower.ts	mul_proc	0	0	false	CURRENT_RUNTIME_DATA	DEFAULT_VALUE	CURRENT_RUNTIME_DEFAULT	gra/data/civ-matrix.json#/cywilizacje[typCywilizacji=celtowie]/params/mp_koszt_jednostki_proc	LEGACY_DOC_PRESENT	docs/encyklopedia/cywilizacje/celtowie.md	UNWIRED		0		NOT_ACTIVE	not computed by current consumer; retain raw Normal data	not applicable until a consumer is wired and reviewed	gra/src/game/civ-matrix.ts:41-60,71-101 (loader/accessor only); no gameplay call-site found	false
celtowie	Celtowie	1	wealth_cap_proc	spoleczenstwo	ulamek	wealth.ts	mul_proc	0	0	false	CURRENT_RUNTIME_DATA	DEFAULT_VALUE	CURRENT_RUNTIME_DEFAULT	gra/data/civ-matrix.json#/cywilizacje[typCywilizacji=celtowie]/params/wealth_cap_proc	LEGACY_DOC_PRESENT	docs/encyklopedia/cywilizacje/celtowie.md	UNWIRED		0		NOT_ACTIVE	not computed by current consumer; retain raw Normal data	not applicable until a consumer is wired and reviewed	gra/src/game/civ-matrix.ts:41-60,71-101 (loader/accessor only); no gameplay call-site found	false
celtowie	Celtowie	1	wealth_mnoznik_proc	spoleczenstwo	ulamek	wealth.ts	mul_proc	0	0	false	CURRENT_RUNTIME_DATA	DEFAULT_VALUE	CURRENT_RUNTIME_DEFAULT	gra/data/civ-matrix.json#/cywilizacje[typCywilizacji=celtowie]/params/wealth_mnoznik_proc	LEGACY_DOC_PRESENT	docs/encyklopedia/cywilizacje/celtowie.md	UNWIRED		0		NOT_ACTIVE	not computed by current consumer; retain raw Normal data	not applicable until a consumer is wired and reviewed	gra/src/game/civ-matrix.ts:41-60,71-101 (loader/accessor only); no gameplay call-site found	false
celtowie	Celtowie	1	kultura_naplyw_proc	spoleczenstwo	ulamek	culture-religion.ts	mul_proc	0	0	false	CURRENT_RUNTIME_DATA	DEFAULT_VALUE	CURRENT_RUNTIME_DEFAULT	gra/data/civ-matrix.json#/cywilizacje[typCywilizacji=celtowie]/params/kultura_naplyw_proc	LEGACY_DOC_PRESENT	docs/encyklopedia/cywilizacje/celtowie.md	UNWIRED		0		NOT_ACTIVE	not computed by current consumer; retain raw Normal data	not applicable until a consumer is wired and reviewed	gra/src/game/civ-matrix.ts:41-60,71-101 (loader/accessor only); no gameplay call-site found	false
celtowie	Celtowie	1	religia_spread_proc	spoleczenstwo	ulamek	culture-religion.ts	mul_proc	0	0	false	CURRENT_RUNTIME_DATA	DEFAULT_VALUE	CURRENT_RUNTIME_DEFAULT	gra/data/civ-matrix.json#/cywilizacje[typCywilizacji=celtowie]/params/religia_spread_proc	LEGACY_DOC_PRESENT	docs/encyklopedia/cywilizacje/celtowie.md	UNWIRED		0		NOT_ACTIVE	not computed by current consumer; retain raw Normal data	not applicable until a consumer is wired and reviewed	gra/src/game/civ-matrix.ts:41-60,71-101 (loader/accessor only); no gameplay call-site found	false
celtowie	Celtowie	1	porzadek_produkcja_proc	spoleczenstwo	ulamek	order.ts	mul_proc	0	0	false	CURRENT_RUNTIME_DATA	DEFAULT_VALUE	CURRENT_RUNTIME_DEFAULT	gra/data/civ-matrix.json#/cywilizacje[typCywilizacji=celtowie]/params/porzadek_produkcja_proc	LEGACY_DOC_PRESENT	docs/encyklopedia/cywilizacje/celtowie.md	UNWIRED		0		NOT_ACTIVE	not computed by current consumer; retain raw Normal data	not applicable until a consumer is wired and reviewed	gra/src/game/civ-matrix.ts:41-60,71-101 (loader/accessor only); no gameplay call-site found	false
celtowie	Celtowie	1	porzadek_pieniadz_proc	spoleczenstwo	ulamek	order.ts	mul_proc	0	0	false	CURRENT_RUNTIME_DATA	DEFAULT_VALUE	CURRENT_RUNTIME_DEFAULT	gra/data/civ-matrix.json#/cywilizacje[typCywilizacji=celtowie]/params/porzadek_pieniadz_proc	LEGACY_DOC_PRESENT	docs/encyklopedia/cywilizacje/celtowie.md	UNWIRED		0		NOT_ACTIVE	not computed by current consumer; retain raw Normal data	not applicable until a consumer is wired and reviewed	gra/src/game/civ-matrix.ts:41-60,71-101 (loader/accessor only); no gameplay call-site found	false
celtowie	Celtowie	1	porzadek_nauka_proc	spoleczenstwo	ulamek	order.ts	mul_proc	0	0	false	CURRENT_RUNTIME_DATA	DEFAULT_VALUE	CURRENT_RUNTIME_DEFAULT	gra/data/civ-matrix.json#/cywilizacje[typCywilizacji=celtowie]/params/porzadek_nauka_proc	LEGACY_DOC_PRESENT	docs/encyklopedia/cywilizacje/celtowie.md	UNWIRED		0		NOT_ACTIVE	not computed by current consumer; retain raw Normal data	not applicable until a consumer is wired and reviewed	gra/src/game/civ-matrix.ts:41-60,71-101 (loader/accessor only); no gameplay call-site found	false
celtowie	Celtowie	1	porzadek_kultura_proc	spoleczenstwo	ulamek	order.ts	mul_proc	0	0	false	CURRENT_RUNTIME_DATA	DEFAULT_VALUE	CURRENT_RUNTIME_DEFAULT	gra/data/civ-matrix.json#/cywilizacje[typCywilizacji=celtowie]/params/porzadek_kultura_proc	LEGACY_DOC_PRESENT	docs/encyklopedia/cywilizacje/celtowie.md	UNWIRED		0		NOT_ACTIVE	not computed by current consumer; retain raw Normal data	not applicable until a consumer is wired and reviewed	gra/src/game/civ-matrix.ts:41-60,71-101 (loader/accessor only); no gameplay call-site found	false
celtowie	Celtowie	1	porzadek_wzrost_proc	spoleczenstwo	ulamek	order.ts	mul_proc	0	0	false	CURRENT_RUNTIME_DATA	DEFAULT_VALUE	CURRENT_RUNTIME_DEFAULT	gra/data/civ-matrix.json#/cywilizacje[typCywilizacji=celtowie]/params/porzadek_wzrost_proc	LEGACY_DOC_PRESENT	docs/encyklopedia/cywilizacje/celtowie.md	UNWIRED		0		NOT_ACTIVE	not computed by current consumer; retain raw Normal data	not applicable until a consumer is wired and reviewed	gra/src/game/civ-matrix.ts:41-60,71-101 (loader/accessor only); no gameplay call-site found	false
celtowie	Celtowie	1	obl_obrona_miasta_proc	obleczenie	ulamek	siege.ts	mul_proc	0	0	false	CURRENT_RUNTIME_DATA	DEFAULT_VALUE	CURRENT_RUNTIME_DEFAULT	gra/data/civ-matrix.json#/cywilizacje[typCywilizacji=celtowie]/params/obl_obrona_miasta_proc	LEGACY_DOC_PRESENT	docs/encyklopedia/cywilizacje/celtowie.md	UNWIRED		0		NOT_ACTIVE	not computed by current consumer; retain raw Normal data	not applicable until a consumer is wired and reviewed	gra/src/game/civ-matrix.ts:41-60,71-101 (loader/accessor only); no gameplay call-site found	false
celtowie	Celtowie	1	obl_mur_proc	obleczenie	ulamek	siege.ts	mul_proc	0	0	false	CURRENT_RUNTIME_DATA	DEFAULT_VALUE	CURRENT_RUNTIME_DEFAULT	gra/data/civ-matrix.json#/cywilizacje[typCywilizacji=celtowie]/params/obl_mur_proc	LEGACY_DOC_PRESENT	docs/encyklopedia/cywilizacje/celtowie.md	UNWIRED		0		NOT_ACTIVE	not computed by current consumer; retain raw Normal data	not applicable until a consumer is wired and reviewed	gra/src/game/civ-matrix.ts:41-60,71-101 (loader/accessor only); no gameplay call-site found	false
celtowie	Celtowie	1	obl_machines_proc	obleczenie	ulamek	siegeMachines.ts	mul_proc	0	0	false	CURRENT_RUNTIME_DATA	DEFAULT_VALUE	CURRENT_RUNTIME_DEFAULT	gra/data/civ-matrix.json#/cywilizacje[typCywilizacji=celtowie]/params/obl_machines_proc	LEGACY_DOC_PRESENT	docs/encyklopedia/cywilizacje/celtowie.md	UNWIRED		0		NOT_ACTIVE	not computed by current consumer; retain raw Normal data	not applicable until a consumer is wired and reviewed	gra/src/game/civ-matrix.ts:41-60,71-101 (loader/accessor only); no gameplay call-site found	false
celtowie	Celtowie	1	dip_sklonnosc_sojusze	dyplomacja	skala_1_10	diplomacy.ts	skala	4	5	true	CURRENT_RUNTIME_DATA	NON_DEFAULT_OVERRIDE	CURRENT_RUNTIME_DATA	gra/data/civ-matrix.json#/cywilizacje[typCywilizacji=celtowie]/params/dip_sklonnosc_sojusze	LEGACY_DOC_PRESENT	docs/encyklopedia/cywilizacje/celtowie.md	UI_ONLY		4		DISPLAY_RAW	display reads raw value; no gameplay Easy/Normal/Hard effect	etykieta UI; brak wpływu na wynik gry	gra/src/game/diplomacy-display.ts:54-59,116-122	false
celtowie	Celtowie	1	dip_lojalnosc	dyplomacja	skala_1_10	diplomacy.ts	skala	6	5	true	CURRENT_RUNTIME_DATA	NON_DEFAULT_OVERRIDE	CURRENT_RUNTIME_DATA	gra/data/civ-matrix.json#/cywilizacje[typCywilizacji=celtowie]/params/dip_lojalnosc	LEGACY_DOC_PRESENT	docs/encyklopedia/cywilizacje/celtowie.md	UI_ONLY		6		DISPLAY_RAW	display reads raw value; no gameplay Easy/Normal/Hard effect	etykieta UI; brak wpływu na wynik gry	gra/src/game/diplomacy-display.ts:64-69,116-122	false
celtowie	Celtowie	1	dip_prog_wojny	dyplomacja	skala_1_10	diplomacy.ts	skala	6	5	true	CURRENT_RUNTIME_DATA	NON_DEFAULT_OVERRIDE	CURRENT_RUNTIME_DATA	gra/data/civ-matrix.json#/cywilizacje[typCywilizacji=celtowie]/params/dip_prog_wojny	LEGACY_DOC_PRESENT	docs/encyklopedia/cywilizacje/celtowie.md	UI_ONLY		6		DISPLAY_RAW	display reads raw value; no gameplay Easy/Normal/Hard effect	etykieta UI; brak wpływu na wynik gry	gra/src/game/diplomacy-display.ts:73-78,116-122	false
celtowie	Celtowie	1	dip_pamietliwosc	dyplomacja	skala_1_10	diplomacy.ts	skala	6	5	true	CURRENT_RUNTIME_DATA	NON_DEFAULT_OVERRIDE	CURRENT_RUNTIME_DATA	gra/data/civ-matrix.json#/cywilizacje[typCywilizacji=celtowie]/params/dip_pamietliwosc	LEGACY_DOC_PRESENT	docs/encyklopedia/cywilizacje/celtowie.md	UI_ONLY		6		DISPLAY_RAW	display reads raw value; no gameplay Easy/Normal/Hard effect	etykieta UI; brak wpływu na wynik gry	gra/src/game/diplomacy-display.ts:82-87,116-122	false
celtowie	Celtowie	1	dip_otwartosc_handel	dyplomacja	skala_1_10	diplomacy.ts	skala	4	5	true	CURRENT_RUNTIME_DATA	NON_DEFAULT_OVERRIDE	CURRENT_RUNTIME_DATA	gra/data/civ-matrix.json#/cywilizacje[typCywilizacji=celtowie]/params/dip_otwartosc_handel	LEGACY_DOC_PRESENT	docs/encyklopedia/cywilizacje/celtowie.md	UI_ONLY		4		DISPLAY_RAW	display reads raw value; no gameplay Easy/Normal/Hard effect	etykieta UI; brak wpływu na wynik gry	gra/src/game/diplomacy-display.ts:44-49,116-122	false
celtowie	Celtowie	1	dip_nastawienie_bazowe	dyplomacja	absolut	diplomacy.ts	add	44	50	true	CURRENT_RUNTIME_DATA	NON_DEFAULT_OVERRIDE	CURRENT_RUNTIME_DATA	gra/data/civ-matrix.json#/cywilizacje[typCywilizacji=celtowie]/params/dip_nastawienie_bazowe	LEGACY_DOC_PRESENT	docs/encyklopedia/cywilizacje/celtowie.md	REAL_GAMEPLAY	44	44	44	CURRENT_NEUTRAL_CALLER_OMITS_DIFFICULTY	current easy=raw; normal=raw; hard=raw; caller uses default normal	direction requires decision; no arbitrary Easy/Hard	gra/src/game/civ-ai-data.ts:205-217; gra/src/game/diplomacy.ts:1376-1380	false
celtowie	Celtowie	1	dip_agresja_archetyp	dyplomacja	ulamek_0_1	diplomacy.ts	mul_abs	0.6	0.5	true	CURRENT_RUNTIME_DATA	NON_DEFAULT_OVERRIDE	CURRENT_RUNTIME_DATA	gra/data/civ-matrix.json#/cywilizacje[typCywilizacji=celtowie]/params/dip_agresja_archetyp	LEGACY_DOC_PRESENT	docs/encyklopedia/cywilizacje/celtowie.md	DEAD_UNWIRED		0.6		NOT_ACTIVE	not computed by current consumer; retain raw Normal data	not applicable until a consumer is wired and reviewed	gra/src/game/civ-matrix.ts:41-60,71-101 (loader/accessor only); no gameplay call-site found	false
celtowie	Celtowie	1	dip_handlowosc_archetyp	dyplomacja	ulamek_0_1	diplomacy.ts	mul_abs	0.35	0.5	true	CURRENT_RUNTIME_DATA	NON_DEFAULT_OVERRIDE	CURRENT_RUNTIME_DATA	gra/data/civ-matrix.json#/cywilizacje[typCywilizacji=celtowie]/params/dip_handlowosc_archetyp	LEGACY_DOC_PRESENT	docs/encyklopedia/cywilizacje/celtowie.md	REAL_GAMEPLAY	0.35	0.35	0.35	CURRENT_NEUTRAL_MUL_ABS	current easy=raw; normal=raw; hard=raw because formula=mul_abs	direction requires decision; no arbitrary Easy/Hard	gra/src/game/civ-ai-data.ts:184-198; gra/src/game/diplomacy.ts:1267-1270; gra/src/main.ts:19553-19556,33555-33559,33916-33919	false
celtowie	Celtowie	1	ai_agresywnosc	ai	skala_1_10	civ-ai-data.ts	skala	6	5	true	CURRENT_RUNTIME_DATA	NON_DEFAULT_OVERRIDE	CURRENT_RUNTIME_DATA	gra/data/civ-matrix.json#/cywilizacje[typCywilizacji=celtowie]/params/ai_agresywnosc	LEGACY_DOC_PRESENT	docs/encyklopedia/cywilizacje/celtowie.md	REAL_GAMEPLAY	5	6	7	SKALA_1_10	easy=max(1,normal-1); normal=normal; hard=min(10,normal+1); /10	wyżej = bardziej agresywny AI; Hard +1, Easy -1	gra/src/game/civ-ai-data.ts:38-53,156-178; gra/src/game/diplomacy.ts:1261-1266; gra/src/main.ts:19784-19790,33910-33915; gra/src/game/ai.ts:4974-5036,5184-5187	false
celtowie	Celtowie	1	ai_ekspansywnosc	ai	skala_1_10	civ-ai-data.ts	skala	4	5	true	CURRENT_RUNTIME_DATA	NON_DEFAULT_OVERRIDE	CURRENT_RUNTIME_DATA	gra/data/civ-matrix.json#/cywilizacje[typCywilizacji=celtowie]/params/ai_ekspansywnosc	LEGACY_DOC_PRESENT	docs/encyklopedia/cywilizacje/celtowie.md	REAL_GAMEPLAY	3	4	5	SKALA_1_10	easy=max(1,normal-1); normal=normal; hard=min(10,normal+1)	wyżej = większa ekspansja; Hard +1, Easy -1	gra/src/game/civ-ai-data.ts:74-102; gra/src/main.ts:33264-33296; gra/src/game/ai.ts:506-513,1097-1117,2857-2868,4257-4264	false
celtowie	Celtowie	1	ai_priorytet_militarny	ai	skala_1_10	civ-ai-data.ts	skala	8	5	true	CURRENT_RUNTIME_DATA	NON_DEFAULT_OVERRIDE	CURRENT_RUNTIME_DATA	gra/data/civ-matrix.json#/cywilizacje[typCywilizacji=celtowie]/params/ai_priorytet_militarny	LEGACY_DOC_PRESENT	docs/encyklopedia/cywilizacje/celtowie.md	REAL_GAMEPLAY	7	8	9	SKALA_1_10	easy=max(1,normal-1); normal=normal; hard=min(10,normal+1); delta=(value-5)*15	wyżej = większy score wojskowy; Hard +1, Easy -1	gra/src/game/civ-ai-data.ts:74-102; gra/src/main.ts:33264-33296; gra/src/game/ai-production-priorities.ts:6-27; gra/src/game/ai.ts:1672-1676	false
celtowie	Celtowie	1	ai_priorytet_ekonomia	ai	skala_1_10	civ-ai-data.ts	skala	5	5	false	CURRENT_RUNTIME_DATA	DEFAULT_VALUE	CURRENT_RUNTIME_DEFAULT	gra/data/civ-matrix.json#/cywilizacje[typCywilizacji=celtowie]/params/ai_priorytet_ekonomia	LEGACY_DOC_PRESENT	docs/encyklopedia/cywilizacje/celtowie.md	REAL_GAMEPLAY	4	5	6	SKALA_1_10	easy=max(1,normal-1); normal=normal; hard=min(10,normal+1); delta=(value-5)*15	wyżej = większy score ekonomiczny; Hard +1, Easy -1	gra/src/game/civ-ai-data.ts:74-102; gra/src/main.ts:33264-33296; gra/src/game/ai-production-priorities.ts:6-27; gra/src/game/ai.ts:1672-1676	false
celtowie	Celtowie	1	ai_priorytet_nauka	ai	skala_1_10	civ-ai-data.ts	skala	4	5	true	CURRENT_RUNTIME_DATA	NON_DEFAULT_OVERRIDE	CURRENT_RUNTIME_DATA	gra/data/civ-matrix.json#/cywilizacje[typCywilizacji=celtowie]/params/ai_priorytet_nauka	LEGACY_DOC_PRESENT	docs/encyklopedia/cywilizacje/celtowie.md	REAL_GAMEPLAY	3	4	5	SKALA_1_10	easy=max(1,normal-1); normal=normal; hard=min(10,normal+1); delta=(value-5)*15	wyżej = większy score nauki; Hard +1, Easy -1	gra/src/game/civ-ai-data.ts:74-102; gra/src/main.ts:33264-33296; gra/src/game/ai-production-priorities.ts:6-27; gra/src/game/ai.ts:1672-1676	false
celtowie	Celtowie	1	ai_tolerancja_ryzyka	ai	skala_1_10	civ-ai-data.ts	skala	6	5	true	CURRENT_RUNTIME_DATA	NON_DEFAULT_OVERRIDE	CURRENT_RUNTIME_DATA	gra/data/civ-matrix.json#/cywilizacje[typCywilizacji=celtowie]/params/ai_tolerancja_ryzyka	LEGACY_DOC_PRESENT	docs/encyklopedia/cywilizacje/celtowie.md	REAL_GAMEPLAY	5	6	7	SKALA_1_10	easy=max(1,normal-1); normal=normal; hard=min(10,normal+1)	wyżej = większa tolerancja ryzyka wojny; Hard +1, Easy -1	gra/src/game/civ-ai-data.ts:74-102; gra/src/main.ts:33924-33927; gra/src/game/ai.ts:4974-5036,5184-5187	false
celtowie	Celtowie	1	ai_sklonnosc_podboju	ai	skala_1_10	civ-ai-data.ts	skala	4	5	true	CURRENT_RUNTIME_DATA	NON_DEFAULT_OVERRIDE	CURRENT_RUNTIME_DATA	gra/data/civ-matrix.json#/cywilizacje[typCywilizacji=celtowie]/params/ai_sklonnosc_podboju	LEGACY_DOC_PRESENT	docs/encyklopedia/cywilizacje/celtowie.md	REAL_GAMEPLAY	3	4	5	SKALA_1_10	easy=max(1,normal-1); normal=normal; hard=min(10,normal+1)	wyżej = większa skłonność do podboju; Hard +1, Easy -1	gra/src/game/civ-ai-data.ts:74-102; gra/src/main.ts:33264-33296,33924-33927; gra/src/game/ai.ts:4974-5036,5184-5187	false
celtowie	Celtowie	1	ai_profil_obronna	ai	flag_0_1	civ-ai-data.ts	flag	1	0	true	CURRENT_RUNTIME_DATA	NON_DEFAULT_OVERRIDE	CURRENT_RUNTIME_DATA	gra/data/civ-matrix.json#/cywilizacje[typCywilizacji=celtowie]/params/ai_profil_obronna	LEGACY_DOC_PRESENT	docs/encyklopedia/cywilizacje/celtowie.md	REAL_GAMEPLAY	1	1	1	FLAG_IDENTITY	flag raw 0/1 at Easy/Normal/Hard	1 = defensive-copy map profile; no difficulty delta	gra/src/game/civ-ai-data.ts:56-71,119-123; gra/src/main.ts:9169-9173	false
germanie	Germanie	1	meta_epoka_kamien	meta	flag_0_1	start-preview.ts	flag	0	0	false	CURRENT_RUNTIME_DATA	DEFAULT_VALUE	CURRENT_RUNTIME_DEFAULT	gra/data/civ-matrix.json#/cywilizacje[typCywilizacji=germanie]/params/meta_epoka_kamien	LEGACY_DOC_PRESENT	docs/encyklopedia/cywilizacje/germanie.md	DEAD_UNWIRED		0		NOT_ACTIVE	not computed by current consumer; retain raw Normal data	not applicable until a consumer is wired and reviewed	gra/src/game/civ-matrix.ts:41-60,71-101 (loader/accessor only); no gameplay call-site found	false
germanie	Germanie	1	meta_epoka_braz	meta	flag_0_1	start-preview.ts	flag	1	0	true	CURRENT_RUNTIME_DATA	NON_DEFAULT_OVERRIDE	CURRENT_RUNTIME_DATA	gra/data/civ-matrix.json#/cywilizacje[typCywilizacji=germanie]/params/meta_epoka_braz	LEGACY_DOC_PRESENT	docs/encyklopedia/cywilizacje/germanie.md	DEAD_UNWIRED		1		NOT_ACTIVE	not computed by current consumer; retain raw Normal data	not applicable until a consumer is wired and reviewed	gra/src/game/civ-matrix.ts:41-60,71-101 (loader/accessor only); no gameplay call-site found	false
germanie	Germanie	1	meta_epoka_zelazo	meta	flag_0_1	start-preview.ts	flag	1	0	true	CURRENT_RUNTIME_DATA	NON_DEFAULT_OVERRIDE	CURRENT_RUNTIME_DATA	gra/data/civ-matrix.json#/cywilizacje[typCywilizacji=germanie]/params/meta_epoka_zelazo	LEGACY_DOC_PRESENT	docs/encyklopedia/cywilizacje/germanie.md	DEAD_UNWIRED		1		NOT_ACTIVE	not computed by current consumer; retain raw Normal data	not applicable until a consumer is wired and reviewed	gra/src/game/civ-matrix.ts:41-60,71-101 (loader/accessor only); no gameplay call-site found	false
germanie	Germanie	1	meta_mnoznik_waluta	meta	absolut	economy.ts	mul_abs	1.7	2	true	CURRENT_RUNTIME_DATA	NON_DEFAULT_OVERRIDE	CURRENT_RUNTIME_DATA	gra/data/civ-matrix.json#/cywilizacje[typCywilizacji=germanie]/params/meta_mnoznik_waluta	LEGACY_DOC_PRESENT	docs/encyklopedia/cywilizacje/germanie.md	DEAD_UNWIRED		1.7		NOT_ACTIVE	not computed by current consumer; retain raw Normal data	not applicable until a consumer is wired and reviewed	gra/src/game/civ-matrix.ts:41-60,71-101 (loader/accessor only); no gameplay call-site found	false
germanie	Germanie	1	meta_tier_roster	meta	absolut	civ-roster.ts	mul_abs	1	1	false	CURRENT_RUNTIME_DATA	DEFAULT_VALUE	CURRENT_RUNTIME_DEFAULT	gra/data/civ-matrix.json#/cywilizacje[typCywilizacji=germanie]/params/meta_tier_roster	LEGACY_DOC_PRESENT	docs/encyklopedia/cywilizacje/germanie.md	DEAD_UNWIRED		1		NOT_ACTIVE	not computed by current consumer; retain raw Normal data	not applicable until a consumer is wired and reviewed	gra/src/game/civ-matrix.ts:41-60,71-101 (loader/accessor only); no gameplay call-site found	false
germanie	Germanie	1	walka_atak_piechota	walka	ulamek	civ-bonuses.ts	mul_proc	0	0	false	CURRENT_RUNTIME_DATA	DEFAULT_VALUE	CURRENT_RUNTIME_DEFAULT	gra/data/civ-matrix.json#/cywilizacje[typCywilizacji=germanie]/params/walka_atak_piechota	LEGACY_DOC_PRESENT	docs/encyklopedia/cywilizacje/germanie.md	DEAD_UNWIRED		0		NOT_ACTIVE	not computed by current consumer; retain raw Normal data	not applicable until a consumer is wired and reviewed	gra/src/game/civ-matrix.ts:41-60,71-101 (loader/accessor only); no gameplay call-site found	false
germanie	Germanie	1	walka_atak_lukownicy	walka	ulamek	civ-bonuses.ts	mul_proc	0	0	false	CURRENT_RUNTIME_DATA	DEFAULT_VALUE	CURRENT_RUNTIME_DEFAULT	gra/data/civ-matrix.json#/cywilizacje[typCywilizacji=germanie]/params/walka_atak_lukownicy	LEGACY_DOC_PRESENT	docs/encyklopedia/cywilizacje/germanie.md	UNWIRED		0		NOT_ACTIVE	not computed by current consumer; retain raw Normal data	not applicable until a consumer is wired and reviewed	gra/src/game/civ-matrix.ts:41-60,71-101 (loader/accessor only); no gameplay call-site found	false
germanie	Germanie	1	walka_atak_kawaleria	walka	ulamek	civ-bonuses.ts	mul_proc	0	0	false	CURRENT_RUNTIME_DATA	DEFAULT_VALUE	CURRENT_RUNTIME_DEFAULT	gra/data/civ-matrix.json#/cywilizacje[typCywilizacji=germanie]/params/walka_atak_kawaleria	LEGACY_DOC_PRESENT	docs/encyklopedia/cywilizacje/germanie.md	DEAD_UNWIRED		0		NOT_ACTIVE	not computed by current consumer; retain raw Normal data	not applicable until a consumer is wired and reviewed	gra/src/game/civ-matrix.ts:41-60,71-101 (loader/accessor only); no gameplay call-site found	false
germanie	Germanie	1	walka_atak_rydwany	walka	ulamek	civ-bonuses.ts	mul_proc	0	0	false	CURRENT_RUNTIME_DATA	DEFAULT_VALUE	CURRENT_RUNTIME_DEFAULT	gra/data/civ-matrix.json#/cywilizacje[typCywilizacji=germanie]/params/walka_atak_rydwany	LEGACY_DOC_PRESENT	docs/encyklopedia/cywilizacje/germanie.md	DEAD_UNWIRED		0		NOT_ACTIVE	not computed by current consumer; retain raw Normal data	not applicable until a consumer is wired and reviewed	gra/src/game/civ-matrix.ts:41-60,71-101 (loader/accessor only); no gameplay call-site found	false
germanie	Germanie	1	walka_atak_obleczenie	walka	ulamek	civ-bonuses.ts	mul_proc	0	0	false	CURRENT_RUNTIME_DATA	DEFAULT_VALUE	CURRENT_RUNTIME_DEFAULT	gra/data/civ-matrix.json#/cywilizacje[typCywilizacji=germanie]/params/walka_atak_obleczenie	LEGACY_DOC_PRESENT	docs/encyklopedia/cywilizacje/germanie.md	DEAD_UNWIRED		0		NOT_ACTIVE	not computed by current consumer; retain raw Normal data	not applicable until a consumer is wired and reviewed	gra/src/game/civ-matrix.ts:41-60,71-101 (loader/accessor only); no gameplay call-site found	false
germanie	Germanie	1	walka_atak_morska	walka	ulamek	civ-bonuses.ts	mul_proc	0	0	false	CURRENT_RUNTIME_DATA	DEFAULT_VALUE	CURRENT_RUNTIME_DEFAULT	gra/data/civ-matrix.json#/cywilizacje[typCywilizacji=germanie]/params/walka_atak_morska	LEGACY_DOC_PRESENT	docs/encyklopedia/cywilizacje/germanie.md	UNWIRED		0		NOT_ACTIVE	not computed by current consumer; retain raw Normal data	not applicable until a consumer is wired and reviewed	gra/src/game/civ-matrix.ts:41-60,71-101 (loader/accessor only); no gameplay call-site found	false
germanie	Germanie	1	walka_atak_wszystkie	walka	ulamek	civ-bonuses.ts	mul_proc	0	0	false	CURRENT_RUNTIME_DATA	DEFAULT_VALUE	CURRENT_RUNTIME_DEFAULT	gra/data/civ-matrix.json#/cywilizacje[typCywilizacji=germanie]/params/walka_atak_wszystkie	LEGACY_DOC_PRESENT	docs/encyklopedia/cywilizacje/germanie.md	UNWIRED		0		NOT_ACTIVE	not computed by current consumer; retain raw Normal data	not applicable until a consumer is wired and reviewed	gra/src/game/civ-matrix.ts:41-60,71-101 (loader/accessor only); no gameplay call-site found	false
germanie	Germanie	1	walka_obrona_piechota	walka	ulamek	civ-bonuses.ts	mul_proc	0	0	false	CURRENT_RUNTIME_DATA	DEFAULT_VALUE	CURRENT_RUNTIME_DEFAULT	gra/data/civ-matrix.json#/cywilizacje[typCywilizacji=germanie]/params/walka_obrona_piechota	LEGACY_DOC_PRESENT	docs/encyklopedia/cywilizacje/germanie.md	DEAD_UNWIRED		0		NOT_ACTIVE	not computed by current consumer; retain raw Normal data	not applicable until a consumer is wired and reviewed	gra/src/game/civ-matrix.ts:41-60,71-101 (loader/accessor only); no gameplay call-site found	false
germanie	Germanie	1	walka_obrona_lukownicy	walka	ulamek	civ-bonuses.ts	mul_proc	0	0	false	CURRENT_RUNTIME_DATA	DEFAULT_VALUE	CURRENT_RUNTIME_DEFAULT	gra/data/civ-matrix.json#/cywilizacje[typCywilizacji=germanie]/params/walka_obrona_lukownicy	LEGACY_DOC_PRESENT	docs/encyklopedia/cywilizacje/germanie.md	UNWIRED		0		NOT_ACTIVE	not computed by current consumer; retain raw Normal data	not applicable until a consumer is wired and reviewed	gra/src/game/civ-matrix.ts:41-60,71-101 (loader/accessor only); no gameplay call-site found	false
germanie	Germanie	1	walka_obrona_kawaleria	walka	ulamek	civ-bonuses.ts	mul_proc	0	0	false	CURRENT_RUNTIME_DATA	DEFAULT_VALUE	CURRENT_RUNTIME_DEFAULT	gra/data/civ-matrix.json#/cywilizacje[typCywilizacji=germanie]/params/walka_obrona_kawaleria	LEGACY_DOC_PRESENT	docs/encyklopedia/cywilizacje/germanie.md	UNWIRED		0		NOT_ACTIVE	not computed by current consumer; retain raw Normal data	not applicable until a consumer is wired and reviewed	gra/src/game/civ-matrix.ts:41-60,71-101 (loader/accessor only); no gameplay call-site found	false
germanie	Germanie	1	walka_obrona_rydwany	walka	ulamek	civ-bonuses.ts	mul_proc	0	0	false	CURRENT_RUNTIME_DATA	DEFAULT_VALUE	CURRENT_RUNTIME_DEFAULT	gra/data/civ-matrix.json#/cywilizacje[typCywilizacji=germanie]/params/walka_obrona_rydwany	LEGACY_DOC_PRESENT	docs/encyklopedia/cywilizacje/germanie.md	UNWIRED		0		NOT_ACTIVE	not computed by current consumer; retain raw Normal data	not applicable until a consumer is wired and reviewed	gra/src/game/civ-matrix.ts:41-60,71-101 (loader/accessor only); no gameplay call-site found	false
germanie	Germanie	1	walka_obrona_obleczenie	walka	ulamek	civ-bonuses.ts	mul_proc	0	0	false	CURRENT_RUNTIME_DATA	DEFAULT_VALUE	CURRENT_RUNTIME_DEFAULT	gra/data/civ-matrix.json#/cywilizacje[typCywilizacji=germanie]/params/walka_obrona_obleczenie	LEGACY_DOC_PRESENT	docs/encyklopedia/cywilizacje/germanie.md	UNWIRED		0		NOT_ACTIVE	not computed by current consumer; retain raw Normal data	not applicable until a consumer is wired and reviewed	gra/src/game/civ-matrix.ts:41-60,71-101 (loader/accessor only); no gameplay call-site found	false
germanie	Germanie	1	walka_obrona_morska	walka	ulamek	civ-bonuses.ts	mul_proc	0	0	false	CURRENT_RUNTIME_DATA	DEFAULT_VALUE	CURRENT_RUNTIME_DEFAULT	gra/data/civ-matrix.json#/cywilizacje[typCywilizacji=germanie]/params/walka_obrona_morska	LEGACY_DOC_PRESENT	docs/encyklopedia/cywilizacje/germanie.md	UNWIRED		0		NOT_ACTIVE	not computed by current consumer; retain raw Normal data	not applicable until a consumer is wired and reviewed	gra/src/game/civ-matrix.ts:41-60,71-101 (loader/accessor only); no gameplay call-site found	false
germanie	Germanie	1	walka_pancerz_piechota	walka	ulamek	civ-bonuses.ts	mul_proc	0	0	false	CURRENT_RUNTIME_DATA	DEFAULT_VALUE	CURRENT_RUNTIME_DEFAULT	gra/data/civ-matrix.json#/cywilizacje[typCywilizacji=germanie]/params/walka_pancerz_piechota	LEGACY_DOC_PRESENT	docs/encyklopedia/cywilizacje/germanie.md	DEAD_UNWIRED		0		NOT_ACTIVE	not computed by current consumer; retain raw Normal data	not applicable until a consumer is wired and reviewed	gra/src/game/civ-matrix.ts:41-60,71-101 (loader/accessor only); no gameplay call-site found	false
germanie	Germanie	1	walka_pancerz_lukownicy	walka	ulamek	civ-bonuses.ts	mul_proc	0	0	false	CURRENT_RUNTIME_DATA	DEFAULT_VALUE	CURRENT_RUNTIME_DEFAULT	gra/data/civ-matrix.json#/cywilizacje[typCywilizacji=germanie]/params/walka_pancerz_lukownicy	LEGACY_DOC_PRESENT	docs/encyklopedia/cywilizacje/germanie.md	UNWIRED		0		NOT_ACTIVE	not computed by current consumer; retain raw Normal data	not applicable until a consumer is wired and reviewed	gra/src/game/civ-matrix.ts:41-60,71-101 (loader/accessor only); no gameplay call-site found	false
germanie	Germanie	1	walka_pancerz_kawaleria	walka	ulamek	civ-bonuses.ts	mul_proc	0	0	false	CURRENT_RUNTIME_DATA	DEFAULT_VALUE	CURRENT_RUNTIME_DEFAULT	gra/data/civ-matrix.json#/cywilizacje[typCywilizacji=germanie]/params/walka_pancerz_kawaleria	LEGACY_DOC_PRESENT	docs/encyklopedia/cywilizacje/germanie.md	UNWIRED		0		NOT_ACTIVE	not computed by current consumer; retain raw Normal data	not applicable until a consumer is wired and reviewed	gra/src/game/civ-matrix.ts:41-60,71-101 (loader/accessor only); no gameplay call-site found	false
germanie	Germanie	1	walka_pancerz_rydwany	walka	ulamek	civ-bonuses.ts	mul_proc	0	0	false	CURRENT_RUNTIME_DATA	DEFAULT_VALUE	CURRENT_RUNTIME_DEFAULT	gra/data/civ-matrix.json#/cywilizacje[typCywilizacji=germanie]/params/walka_pancerz_rydwany	LEGACY_DOC_PRESENT	docs/encyklopedia/cywilizacje/germanie.md	UNWIRED		0		NOT_ACTIVE	not computed by current consumer; retain raw Normal data	not applicable until a consumer is wired and reviewed	gra/src/game/civ-matrix.ts:41-60,71-101 (loader/accessor only); no gameplay call-site found	false
germanie	Germanie	1	walka_uderzenie_piechota	walka	ulamek	civ-bonuses.ts	mul_proc	0	0	false	CURRENT_RUNTIME_DATA	DEFAULT_VALUE	CURRENT_RUNTIME_DEFAULT	gra/data/civ-matrix.json#/cywilizacje[typCywilizacji=germanie]/params/walka_uderzenie_piechota	LEGACY_DOC_PRESENT	docs/encyklopedia/cywilizacje/germanie.md	DEAD_UNWIRED		0		NOT_ACTIVE	not computed by current consumer; retain raw Normal data	not applicable until a consumer is wired and reviewed	gra/src/game/civ-matrix.ts:41-60,71-101 (loader/accessor only); no gameplay call-site found	false
germanie	Germanie	1	walka_uderzenie_kawaleria	walka	ulamek	civ-bonuses.ts	mul_proc	0	0	false	CURRENT_RUNTIME_DATA	DEFAULT_VALUE	CURRENT_RUNTIME_DEFAULT	gra/data/civ-matrix.json#/cywilizacje[typCywilizacji=germanie]/params/walka_uderzenie_kawaleria	LEGACY_DOC_PRESENT	docs/encyklopedia/cywilizacje/germanie.md	DEAD_UNWIRED		0		NOT_ACTIVE	not computed by current consumer; retain raw Normal data	not applicable until a consumer is wired and reviewed	gra/src/game/civ-matrix.ts:41-60,71-101 (loader/accessor only); no gameplay call-site found	false
germanie	Germanie	1	walka_uderzenie_rydwany	walka	ulamek	civ-bonuses.ts	mul_proc	0	0	false	CURRENT_RUNTIME_DATA	DEFAULT_VALUE	CURRENT_RUNTIME_DEFAULT	gra/data/civ-matrix.json#/cywilizacje[typCywilizacji=germanie]/params/walka_uderzenie_rydwany	LEGACY_DOC_PRESENT	docs/encyklopedia/cywilizacje/germanie.md	UNWIRED		0		NOT_ACTIVE	not computed by current consumer; retain raw Normal data	not applicable until a consumer is wired and reviewed	gra/src/game/civ-matrix.ts:41-60,71-101 (loader/accessor only); no gameplay call-site found	false
germanie	Germanie	1	walka_dystans_lukownicy	walka	ulamek	civ-bonuses.ts	mul_proc	0	0	false	CURRENT_RUNTIME_DATA	DEFAULT_VALUE	CURRENT_RUNTIME_DEFAULT	gra/data/civ-matrix.json#/cywilizacje[typCywilizacji=germanie]/params/walka_dystans_lukownicy	LEGACY_DOC_PRESENT	docs/encyklopedia/cywilizacje/germanie.md	DEAD_UNWIRED		0		NOT_ACTIVE	not computed by current consumer; retain raw Normal data	not applicable until a consumer is wired and reviewed	gra/src/game/civ-matrix.ts:41-60,71-101 (loader/accessor only); no gameplay call-site found	false
germanie	Germanie	1	walka_dystans_rydwany	walka	ulamek	civ-bonuses.ts	mul_proc	0	0	false	CURRENT_RUNTIME_DATA	DEFAULT_VALUE	CURRENT_RUNTIME_DEFAULT	gra/data/civ-matrix.json#/cywilizacje[typCywilizacji=germanie]/params/walka_dystans_rydwany	LEGACY_DOC_PRESENT	docs/encyklopedia/cywilizacje/germanie.md	UNWIRED		0		NOT_ACTIVE	not computed by current consumer; retain raw Normal data	not applicable until a consumer is wired and reviewed	gra/src/game/civ-matrix.ts:41-60,71-101 (loader/accessor only); no gameplay call-site found	false
germanie	Germanie	1	walka_hp_piechota	walka	ulamek	civ-bonuses.ts	mul_proc	0	0	false	CURRENT_RUNTIME_DATA	DEFAULT_VALUE	CURRENT_RUNTIME_DEFAULT	gra/data/civ-matrix.json#/cywilizacje[typCywilizacji=germanie]/params/walka_hp_piechota	LEGACY_DOC_PRESENT	docs/encyklopedia/cywilizacje/germanie.md	DEAD_UNWIRED		0		NOT_ACTIVE	not computed by current consumer; retain raw Normal data	not applicable until a consumer is wired and reviewed	gra/src/game/civ-matrix.ts:41-60,71-101 (loader/accessor only); no gameplay call-site found	false
germanie	Germanie	1	walka_hp_kawaleria	walka	ulamek	civ-bonuses.ts	mul_proc	0	0	false	CURRENT_RUNTIME_DATA	DEFAULT_VALUE	CURRENT_RUNTIME_DEFAULT	gra/data/civ-matrix.json#/cywilizacje[typCywilizacji=germanie]/params/walka_hp_kawaleria	LEGACY_DOC_PRESENT	docs/encyklopedia/cywilizacje/germanie.md	UNWIRED		0		NOT_ACTIVE	not computed by current consumer; retain raw Normal data	not applicable until a consumer is wired and reviewed	gra/src/game/civ-matrix.ts:41-60,71-101 (loader/accessor only); no gameplay call-site found	false
germanie	Germanie	1	walka_hp_rydwany	walka	ulamek	civ-bonuses.ts	mul_proc	0	0	false	CURRENT_RUNTIME_DATA	DEFAULT_VALUE	CURRENT_RUNTIME_DEFAULT	gra/data/civ-matrix.json#/cywilizacje[typCywilizacji=germanie]/params/walka_hp_rydwany	LEGACY_DOC_PRESENT	docs/encyklopedia/cywilizacje/germanie.md	DEAD_UNWIRED		0		NOT_ACTIVE	not computed by current consumer; retain raw Normal data	not applicable until a consumer is wired and reviewed	gra/src/game/civ-matrix.ts:41-60,71-101 (loader/accessor only); no gameplay call-site found	false
germanie	Germanie	1	walka_ruch_bitwa_proc	walka	ulamek	civ-bonuses.ts	mul_proc	0	0	false	CURRENT_RUNTIME_DATA	DEFAULT_VALUE	CURRENT_RUNTIME_DEFAULT	gra/data/civ-matrix.json#/cywilizacje[typCywilizacji=germanie]/params/walka_ruch_bitwa_proc	LEGACY_DOC_PRESENT	docs/encyklopedia/cywilizacje/germanie.md	DEAD_UNWIRED		0		NOT_ACTIVE	not computed by current consumer; retain raw Normal data	not applicable until a consumer is wired and reviewed	gra/src/game/civ-matrix.ts:41-60,71-101 (loader/accessor only); no gameplay call-site found	false
germanie	Germanie	1	walka_zasieg_proc	walka	ulamek	civ-bonuses.ts	mul_proc	0	0	false	CURRENT_RUNTIME_DATA	DEFAULT_VALUE	CURRENT_RUNTIME_DEFAULT	gra/data/civ-matrix.json#/cywilizacje[typCywilizacji=germanie]/params/walka_zasieg_proc	LEGACY_DOC_PRESENT	docs/encyklopedia/cywilizacje/germanie.md	UNWIRED		0		NOT_ACTIVE	not computed by current consumer; retain raw Normal data	not applicable until a consumer is wired and reviewed	gra/src/game/civ-matrix.ts:41-60,71-101 (loader/accessor only); no gameplay call-site found	false
germanie	Germanie	1	walka_oblezenie_proc	walka	ulamek	civ-bonuses.ts	mul_proc	0	0	false	CURRENT_RUNTIME_DATA	DEFAULT_VALUE	CURRENT_RUNTIME_DEFAULT	gra/data/civ-matrix.json#/cywilizacje[typCywilizacji=germanie]/params/walka_oblezenie_proc	LEGACY_DOC_PRESENT	docs/encyklopedia/cywilizacje/germanie.md	UNWIRED		0		NOT_ACTIVE	not computed by current consumer; retain raw Normal data	not applicable until a consumer is wired and reviewed	gra/src/game/civ-matrix.ts:41-60,71-101 (loader/accessor only); no gameplay call-site found	false
germanie	Germanie	1	walka_koszt_rekrutacji_proc	walka	ulamek	production.ts	mul_proc	0	0	false	CURRENT_RUNTIME_DATA	DEFAULT_VALUE	CURRENT_RUNTIME_DEFAULT	gra/data/civ-matrix.json#/cywilizacje[typCywilizacji=germanie]/params/walka_koszt_rekrutacji_proc	LEGACY_DOC_PRESENT	docs/encyklopedia/cywilizacje/germanie.md	DEAD_UNWIRED		0		NOT_ACTIVE	not computed by current consumer; retain raw Normal data	not applicable until a consumer is wired and reviewed	gra/src/game/civ-matrix.ts:41-60,71-101 (loader/accessor only); no gameplay call-site found	false
germanie	Germanie	1	walka_atak_piechota_teren_las	walka	ulamek	civ-bonuses.ts	mul_proc	0.25	0	true	CURRENT_RUNTIME_DATA	NON_DEFAULT_OVERRIDE	CURRENT_RUNTIME_DATA	gra/data/civ-matrix.json#/cywilizacje[typCywilizacji=germanie]/params/walka_atak_piechota_teren_las	LEGACY_DOC_PRESENT	docs/encyklopedia/cywilizacje/germanie.md	DEAD_UNWIRED		0.25		NOT_ACTIVE	not computed by current consumer; retain raw Normal data	not applicable until a consumer is wired and reviewed	gra/src/game/civ-matrix.ts:41-60,71-101 (loader/accessor only); no gameplay call-site found	false
germanie	Germanie	1	walka_obrona_piechota_teren_las	walka	ulamek	civ-bonuses.ts	mul_proc	0	0	false	CURRENT_RUNTIME_DATA	DEFAULT_VALUE	CURRENT_RUNTIME_DEFAULT	gra/data/civ-matrix.json#/cywilizacje[typCywilizacji=germanie]/params/walka_obrona_piechota_teren_las	LEGACY_DOC_PRESENT	docs/encyklopedia/cywilizacje/germanie.md	UNWIRED		0		NOT_ACTIVE	not computed by current consumer; retain raw Normal data	not applicable until a consumer is wired and reviewed	gra/src/game/civ-matrix.ts:41-60,71-101 (loader/accessor only); no gameplay call-site found	false
germanie	Germanie	1	walka_atak_piechota_terytorium_wlasne	walka	ulamek	civ-bonuses.ts	mul_proc	0	0	false	CURRENT_RUNTIME_DATA	DEFAULT_VALUE	CURRENT_RUNTIME_DEFAULT	gra/data/civ-matrix.json#/cywilizacje[typCywilizacji=germanie]/params/walka_atak_piechota_terytorium_wlasne	LEGACY_DOC_PRESENT	docs/encyklopedia/cywilizacje/germanie.md	UNWIRED		0		NOT_ACTIVE	not computed by current consumer; retain raw Normal data	not applicable until a consumer is wired and reviewed	gra/src/game/civ-matrix.ts:41-60,71-101 (loader/accessor only); no gameplay call-site found	false
germanie	Germanie	1	walka_obrona_piechota_terytorium_wlasne	walka	ulamek	civ-bonuses.ts	mul_proc	0	0	false	CURRENT_RUNTIME_DATA	DEFAULT_VALUE	CURRENT_RUNTIME_DEFAULT	gra/data/civ-matrix.json#/cywilizacje[typCywilizacji=germanie]/params/walka_obrona_piechota_terytorium_wlasne	LEGACY_DOC_PRESENT	docs/encyklopedia/cywilizacje/germanie.md	DEAD_UNWIRED		0		NOT_ACTIVE	not computed by current consumer; retain raw Normal data	not applicable until a consumer is wired and reviewed	gra/src/game/civ-matrix.ts:41-60,71-101 (loader/accessor only); no gameplay call-site found	false
germanie	Germanie	1	walka_atak_piechota_w_murze	walka	ulamek	civ-bonuses.ts	mul_proc	0	0	false	CURRENT_RUNTIME_DATA	DEFAULT_VALUE	CURRENT_RUNTIME_DEFAULT	gra/data/civ-matrix.json#/cywilizacje[typCywilizacji=germanie]/params/walka_atak_piechota_w_murze	LEGACY_DOC_PRESENT	docs/encyklopedia/cywilizacje/germanie.md	UNWIRED		0		NOT_ACTIVE	not computed by current consumer; retain raw Normal data	not applicable until a consumer is wired and reviewed	gra/src/game/civ-matrix.ts:41-60,71-101 (loader/accessor only); no gameplay call-site found	false
germanie	Germanie	1	walka_obrona_piechota_w_murze	walka	ulamek	civ-bonuses.ts	mul_proc	0	0	false	CURRENT_RUNTIME_DATA	DEFAULT_VALUE	CURRENT_RUNTIME_DEFAULT	gra/data/civ-matrix.json#/cywilizacje[typCywilizacji=germanie]/params/walka_obrona_piechota_w_murze	LEGACY_DOC_PRESENT	docs/encyklopedia/cywilizacje/germanie.md	DEAD_UNWIRED		0		NOT_ACTIVE	not computed by current consumer; retain raw Normal data	not applicable until a consumer is wired and reviewed	gra/src/game/civ-matrix.ts:41-60,71-101 (loader/accessor only); no gameplay call-site found	false
germanie	Germanie	1	walka_atak_piechota_runda_szarzy	walka	ulamek	civ-bonuses.ts	mul_proc	0.4	0	true	CURRENT_RUNTIME_DATA	NON_DEFAULT_OVERRIDE	CURRENT_RUNTIME_DATA	gra/data/civ-matrix.json#/cywilizacje[typCywilizacji=germanie]/params/walka_atak_piechota_runda_szarzy	LEGACY_DOC_PRESENT	docs/encyklopedia/cywilizacje/germanie.md	DEAD_UNWIRED		0.4		NOT_ACTIVE	not computed by current consumer; retain raw Normal data	not applicable until a consumer is wired and reviewed	gra/src/game/civ-matrix.ts:41-60,71-101 (loader/accessor only); no gameplay call-site found	false
germanie	Germanie	1	walka_obrona_piechota_runda_szarzy	walka	ulamek	civ-bonuses.ts	mul_proc	0	0	false	CURRENT_RUNTIME_DATA	DEFAULT_VALUE	CURRENT_RUNTIME_DEFAULT	gra/data/civ-matrix.json#/cywilizacje[typCywilizacji=germanie]/params/walka_obrona_piechota_runda_szarzy	LEGACY_DOC_PRESENT	docs/encyklopedia/cywilizacje/germanie.md	UNWIRED		0		NOT_ACTIVE	not computed by current consumer; retain raw Normal data	not applicable until a consumer is wired and reviewed	gra/src/game/civ-matrix.ts:41-60,71-101 (loader/accessor only); no gameplay call-site found	false
germanie	Germanie	1	walka_atak_piechota_teren_plytkie_morze	walka	ulamek	civ-bonuses.ts	mul_proc	0	0	false	CURRENT_RUNTIME_DATA	DEFAULT_VALUE	CURRENT_RUNTIME_DEFAULT	gra/data/civ-matrix.json#/cywilizacje[typCywilizacji=germanie]/params/walka_atak_piechota_teren_plytkie_morze	LEGACY_DOC_PRESENT	docs/encyklopedia/cywilizacje/germanie.md	UNWIRED		0		NOT_ACTIVE	not computed by current consumer; retain raw Normal data	not applicable until a consumer is wired and reviewed	gra/src/game/civ-matrix.ts:41-60,71-101 (loader/accessor only); no gameplay call-site found	false
germanie	Germanie	1	walka_obrona_piechota_teren_plytkie_morze	walka	ulamek	civ-bonuses.ts	mul_proc	0	0	false	CURRENT_RUNTIME_DATA	DEFAULT_VALUE	CURRENT_RUNTIME_DEFAULT	gra/data/civ-matrix.json#/cywilizacje[typCywilizacji=germanie]/params/walka_obrona_piechota_teren_plytkie_morze	LEGACY_DOC_PRESENT	docs/encyklopedia/cywilizacje/germanie.md	UNWIRED		0		NOT_ACTIVE	not computed by current consumer; retain raw Normal data	not applicable until a consumer is wired and reviewed	gra/src/game/civ-matrix.ts:41-60,71-101 (loader/accessor only); no gameplay call-site found	false
germanie	Germanie	1	spec_Atak	jednostka_spec	absolut	units.json+combat.ts	stat_abs	45	0	true	CURRENT_RUNTIME_DATA	NON_DEFAULT_OVERRIDE	CURRENT_RUNTIME_DATA	gra/data/civ-matrix.json#/cywilizacje[typCywilizacji=germanie]/params/spec_Atak	LEGACY_DOC_PRESENT	docs/encyklopedia/cywilizacje/germanie.md	DEAD_UNWIRED		45		NOT_ACTIVE	not computed by current consumer; retain raw Normal data	not applicable until a consumer is wired and reviewed	gra/src/game/civ-matrix.ts:41-60,71-101 (loader/accessor only); no gameplay call-site found	false
germanie	Germanie	1	spec_Obrazenia	jednostka_spec	absolut	units.json+combat.ts	stat_abs	45	0	true	CURRENT_RUNTIME_DATA	NON_DEFAULT_OVERRIDE	CURRENT_RUNTIME_DATA	gra/data/civ-matrix.json#/cywilizacje[typCywilizacji=germanie]/params/spec_Obrazenia	LEGACY_DOC_PRESENT	docs/encyklopedia/cywilizacje/germanie.md	DEAD_UNWIRED		45		NOT_ACTIVE	not computed by current consumer; retain raw Normal data	not applicable until a consumer is wired and reviewed	gra/src/game/civ-matrix.ts:41-60,71-101 (loader/accessor only); no gameplay call-site found	false
germanie	Germanie	1	spec_Obrona	jednostka_spec	absolut	units.json+combat.ts	stat_abs	38	0	true	CURRENT_RUNTIME_DATA	NON_DEFAULT_OVERRIDE	CURRENT_RUNTIME_DATA	gra/data/civ-matrix.json#/cywilizacje[typCywilizacji=germanie]/params/spec_Obrona	LEGACY_DOC_PRESENT	docs/encyklopedia/cywilizacje/germanie.md	DEAD_UNWIRED		38		NOT_ACTIVE	not computed by current consumer; retain raw Normal data	not applicable until a consumer is wired and reviewed	gra/src/game/civ-matrix.ts:41-60,71-101 (loader/accessor only); no gameplay call-site found	false
germanie	Germanie	1	spec_Uderzenie	jednostka_spec	absolut	units.json+combat.ts	stat_abs	20	0	true	CURRENT_RUNTIME_DATA	NON_DEFAULT_OVERRIDE	CURRENT_RUNTIME_DATA	gra/data/civ-matrix.json#/cywilizacje[typCywilizacji=germanie]/params/spec_Uderzenie	LEGACY_DOC_PRESENT	docs/encyklopedia/cywilizacje/germanie.md	DEAD_UNWIRED		20		NOT_ACTIVE	not computed by current consumer; retain raw Normal data	not applicable until a consumer is wired and reviewed	gra/src/game/civ-matrix.ts:41-60,71-101 (loader/accessor only); no gameplay call-site found	false
germanie	Germanie	1	spec_Pancerz	jednostka_spec	absolut	units.json+combat.ts	stat_abs	20	0	true	CURRENT_RUNTIME_DATA	NON_DEFAULT_OVERRIDE	CURRENT_RUNTIME_DATA	gra/data/civ-matrix.json#/cywilizacje[typCywilizacji=germanie]/params/spec_Pancerz	LEGACY_DOC_PRESENT	docs/encyklopedia/cywilizacje/germanie.md	DEAD_UNWIRED		20		NOT_ACTIVE	not computed by current consumer; retain raw Normal data	not applicable until a consumer is wired and reviewed	gra/src/game/civ-matrix.ts:41-60,71-101 (loader/accessor only); no gameplay call-site found	false
germanie	Germanie	1	spec_Przebicie	jednostka_spec	absolut	units.json+combat.ts	stat_abs	10	0	true	CURRENT_RUNTIME_DATA	NON_DEFAULT_OVERRIDE	CURRENT_RUNTIME_DATA	gra/data/civ-matrix.json#/cywilizacje[typCywilizacji=germanie]/params/spec_Przebicie	LEGACY_DOC_PRESENT	docs/encyklopedia/cywilizacje/germanie.md	DEAD_UNWIRED		10		NOT_ACTIVE	not computed by current consumer; retain raw Normal data	not applicable until a consumer is wired and reviewed	gra/src/game/civ-matrix.ts:41-60,71-101 (loader/accessor only); no gameplay call-site found	false
germanie	Germanie	1	spec_Health	jednostka_spec	absolut	units.json+combat.ts	stat_abs	45	0	true	CURRENT_RUNTIME_DATA	NON_DEFAULT_OVERRIDE	CURRENT_RUNTIME_DATA	gra/data/civ-matrix.json#/cywilizacje[typCywilizacji=germanie]/params/spec_Health	LEGACY_DOC_PRESENT	docs/encyklopedia/cywilizacje/germanie.md	DEAD_UNWIRED		45		NOT_ACTIVE	not computed by current consumer; retain raw Normal data	not applicable until a consumer is wired and reviewed	gra/src/game/civ-matrix.ts:41-60,71-101 (loader/accessor only); no gameplay call-site found	false
germanie	Germanie	1	spec_Atak_dystansowy	jednostka_spec	absolut	units.json+combat.ts	stat_abs	0	0	false	CURRENT_RUNTIME_DATA	DEFAULT_VALUE	CURRENT_RUNTIME_DEFAULT	gra/data/civ-matrix.json#/cywilizacje[typCywilizacji=germanie]/params/spec_Atak_dystansowy	LEGACY_DOC_PRESENT	docs/encyklopedia/cywilizacje/germanie.md	DEAD_UNWIRED		0		NOT_ACTIVE	not computed by current consumer; retain raw Normal data	not applicable until a consumer is wired and reviewed	gra/src/game/civ-matrix.ts:41-60,71-101 (loader/accessor only); no gameplay call-site found	false
germanie	Germanie	1	spec_Zasieg_hex	jednostka_spec	absolut	units.json+combat.ts	stat_abs	0	0	false	CURRENT_RUNTIME_DATA	DEFAULT_VALUE	CURRENT_RUNTIME_DEFAULT	gra/data/civ-matrix.json#/cywilizacje[typCywilizacji=germanie]/params/spec_Zasieg_hex	LEGACY_DOC_PRESENT	docs/encyklopedia/cywilizacje/germanie.md	DEAD_UNWIRED		0		NOT_ACTIVE	not computed by current consumer; retain raw Normal data	not applicable until a consumer is wired and reviewed	gra/src/game/civ-matrix.ts:41-60,71-101 (loader/accessor only); no gameplay call-site found	false
germanie	Germanie	1	spec_Pociski	jednostka_spec	absolut	units.json+combat.ts	stat_abs	0	0	false	CURRENT_RUNTIME_DATA	DEFAULT_VALUE	CURRENT_RUNTIME_DEFAULT	gra/data/civ-matrix.json#/cywilizacje[typCywilizacji=germanie]/params/spec_Pociski	LEGACY_DOC_PRESENT	docs/encyklopedia/cywilizacje/germanie.md	DEAD_UNWIRED		0		NOT_ACTIVE	not computed by current consumer; retain raw Normal data	not applicable until a consumer is wired and reviewed	gra/src/game/civ-matrix.ts:41-60,71-101 (loader/accessor only); no gameplay call-site found	false
germanie	Germanie	1	spec_Ruch_bitwa	jednostka_spec	absolut	units.json+combat.ts	stat_abs	4	0	true	CURRENT_RUNTIME_DATA	NON_DEFAULT_OVERRIDE	CURRENT_RUNTIME_DATA	gra/data/civ-matrix.json#/cywilizacje[typCywilizacji=germanie]/params/spec_Ruch_bitwa	LEGACY_DOC_PRESENT	docs/encyklopedia/cywilizacje/germanie.md	DEAD_UNWIRED		4		NOT_ACTIVE	not computed by current consumer; retain raw Normal data	not applicable until a consumer is wired and reviewed	gra/src/game/civ-matrix.ts:41-60,71-101 (loader/accessor only); no gameplay call-site found	false
germanie	Germanie	1	spec_Ruch_mapa	jednostka_spec	absolut	units.json+combat.ts	stat_abs	2	0	true	CURRENT_RUNTIME_DATA	NON_DEFAULT_OVERRIDE	CURRENT_RUNTIME_DATA	gra/data/civ-matrix.json#/cywilizacje[typCywilizacji=germanie]/params/spec_Ruch_mapa	LEGACY_DOC_PRESENT	docs/encyklopedia/cywilizacje/germanie.md	DEAD_UNWIRED		2		NOT_ACTIVE	not computed by current consumer; retain raw Normal data	not applicable until a consumer is wired and reviewed	gra/src/game/civ-matrix.ts:41-60,71-101 (loader/accessor only); no gameplay call-site found	false
germanie	Germanie	1	spec_Widok	jednostka_spec	absolut	units.json+combat.ts	stat_abs	2	0	true	CURRENT_RUNTIME_DATA	NON_DEFAULT_OVERRIDE	CURRENT_RUNTIME_DATA	gra/data/civ-matrix.json#/cywilizacje[typCywilizacji=germanie]/params/spec_Widok	LEGACY_DOC_PRESENT	docs/encyklopedia/cywilizacje/germanie.md	DEAD_UNWIRED		2		NOT_ACTIVE	not computed by current consumer; retain raw Normal data	not applicable until a consumer is wired and reviewed	gra/src/game/civ-matrix.ts:41-60,71-101 (loader/accessor only); no gameplay call-site found	false
germanie	Germanie	1	spec_Dezercja_proc	jednostka_spec	absolut	units.json+combat.ts	stat_abs	0.4	0	true	CURRENT_RUNTIME_DATA	NON_DEFAULT_OVERRIDE	CURRENT_RUNTIME_DATA	gra/data/civ-matrix.json#/cywilizacje[typCywilizacji=germanie]/params/spec_Dezercja_proc	LEGACY_DOC_PRESENT	docs/encyklopedia/cywilizacje/germanie.md	DEAD_UNWIRED		0.4		NOT_ACTIVE	not computed by current consumer; retain raw Normal data	not applicable until a consumer is wired and reviewed	gra/src/game/civ-matrix.ts:41-60,71-101 (loader/accessor only); no gameplay call-site found	false
germanie	Germanie	1	spec_Morale	jednostka_spec	absolut	units.json+combat.ts	stat_abs	50	0	true	CURRENT_RUNTIME_DATA	NON_DEFAULT_OVERRIDE	CURRENT_RUNTIME_DATA	gra/data/civ-matrix.json#/cywilizacje[typCywilizacji=germanie]/params/spec_Morale	LEGACY_DOC_PRESENT	docs/encyklopedia/cywilizacje/germanie.md	DEAD_UNWIRED		50		NOT_ACTIVE	not computed by current consumer; retain raw Normal data	not applicable until a consumer is wired and reviewed	gra/src/game/civ-matrix.ts:41-60,71-101 (loader/accessor only); no gameplay call-site found	false
germanie	Germanie	1	spec_Koszt_pieniadz	jednostka_spec	absolut	units.json+combat.ts	stat_abs	10	0	true	CURRENT_RUNTIME_DATA	NON_DEFAULT_OVERRIDE	CURRENT_RUNTIME_DATA	gra/data/civ-matrix.json#/cywilizacje[typCywilizacji=germanie]/params/spec_Koszt_pieniadz	LEGACY_DOC_PRESENT	docs/encyklopedia/cywilizacje/germanie.md	DEAD_UNWIRED		10		NOT_ACTIVE	not computed by current consumer; retain raw Normal data	not applicable until a consumer is wired and reviewed	gra/src/game/civ-matrix.ts:41-60,71-101 (loader/accessor only); no gameplay call-site found	false
germanie	Germanie	1	spec_Utrzymanie	jednostka_spec	absolut	units.json+combat.ts	stat_abs	1	0	true	CURRENT_RUNTIME_DATA	NON_DEFAULT_OVERRIDE	CURRENT_RUNTIME_DATA	gra/data/civ-matrix.json#/cywilizacje[typCywilizacji=germanie]/params/spec_Utrzymanie	LEGACY_DOC_PRESENT	docs/encyklopedia/cywilizacje/germanie.md	DEAD_UNWIRED		1		NOT_ACTIVE	not computed by current consumer; retain raw Normal data	not applicable until a consumer is wired and reviewed	gra/src/game/civ-matrix.ts:41-60,71-101 (loader/accessor only); no gameplay call-site found	false
germanie	Germanie	1	spec_Zywnosc_ture	jednostka_spec	absolut	units.json+combat.ts	stat_abs	1	0	true	CURRENT_RUNTIME_DATA	NON_DEFAULT_OVERRIDE	CURRENT_RUNTIME_DATA	gra/data/civ-matrix.json#/cywilizacje[typCywilizacji=germanie]/params/spec_Zywnosc_ture	LEGACY_DOC_PRESENT	docs/encyklopedia/cywilizacje/germanie.md	DEAD_UNWIRED		1		NOT_ACTIVE	not computed by current consumer; retain raw Normal data	not applicable until a consumer is wired and reviewed	gra/src/game/civ-matrix.ts:41-60,71-101 (loader/accessor only); no gameplay call-site found	false
germanie	Germanie	1	eko_praca_proc	ekonomia	ulamek	economy.ts	mul_proc	-0.02	0	true	CURRENT_RUNTIME_DATA	NON_DEFAULT_OVERRIDE	CURRENT_RUNTIME_DATA	gra/data/civ-matrix.json#/cywilizacje[typCywilizacji=germanie]/params/eko_praca_proc	LEGACY_DOC_PRESENT	docs/encyklopedia/cywilizacje/germanie.md	DEAD_UNWIRED		-0.02		NOT_ACTIVE	not computed by current consumer; retain raw Normal data	not applicable until a consumer is wired and reviewed	gra/src/game/civ-matrix.ts:41-60,71-101 (loader/accessor only); no gameplay call-site found	false
germanie	Germanie	1	eko_pieniadz_proc	ekonomia	ulamek	economy.ts	mul_proc	0	0	false	CURRENT_RUNTIME_DATA	DEFAULT_VALUE	CURRENT_RUNTIME_DEFAULT	gra/data/civ-matrix.json#/cywilizacje[typCywilizacji=germanie]/params/eko_pieniadz_proc	LEGACY_DOC_PRESENT	docs/encyklopedia/cywilizacje/germanie.md	DEAD_UNWIRED		0		NOT_ACTIVE	not computed by current consumer; retain raw Normal data	not applicable until a consumer is wired and reviewed	gra/src/game/civ-matrix.ts:41-60,71-101 (loader/accessor only); no gameplay call-site found	false
germanie	Germanie	1	eko_pieniadz_port_proc	ekonomia	ulamek	economy.ts	mul_proc	0	0	false	CURRENT_RUNTIME_DATA	DEFAULT_VALUE	CURRENT_RUNTIME_DEFAULT	gra/data/civ-matrix.json#/cywilizacje[typCywilizacji=germanie]/params/eko_pieniadz_port_proc	LEGACY_DOC_PRESENT	docs/encyklopedia/cywilizacje/germanie.md	DEAD_UNWIRED		0		NOT_ACTIVE	not computed by current consumer; retain raw Normal data	not applicable until a consumer is wired and reviewed	gra/src/game/civ-matrix.ts:41-60,71-101 (loader/accessor only); no gameplay call-site found	false
germanie	Germanie	1	eko_zywnosc_proc	ekonomia	ulamek	economy.ts	mul_proc	0	0	false	CURRENT_RUNTIME_DATA	DEFAULT_VALUE	CURRENT_RUNTIME_DEFAULT	gra/data/civ-matrix.json#/cywilizacje[typCywilizacji=germanie]/params/eko_zywnosc_proc	LEGACY_DOC_PRESENT	docs/encyklopedia/cywilizacje/germanie.md	UNWIRED		0		NOT_ACTIVE	not computed by current consumer; retain raw Normal data	not applicable until a consumer is wired and reviewed	gra/src/game/civ-matrix.ts:41-60,71-101 (loader/accessor only); no gameplay call-site found	false
germanie	Germanie	1	eko_nauka_proc	ekonomia	ulamek	economy.ts	mul_proc	0	0	false	CURRENT_RUNTIME_DATA	DEFAULT_VALUE	CURRENT_RUNTIME_DEFAULT	gra/data/civ-matrix.json#/cywilizacje[typCywilizacji=germanie]/params/eko_nauka_proc	LEGACY_DOC_PRESENT	docs/encyklopedia/cywilizacje/germanie.md	DEAD_UNWIRED		0		NOT_ACTIVE	not computed by current consumer; retain raw Normal data	not applicable until a consumer is wired and reviewed	gra/src/game/civ-matrix.ts:41-60,71-101 (loader/accessor only); no gameplay call-site found	false
germanie	Germanie	1	eko_kultura_proc	ekonomia	ulamek	economy.ts	mul_proc	0	0	false	CURRENT_RUNTIME_DATA	DEFAULT_VALUE	CURRENT_RUNTIME_DEFAULT	gra/data/civ-matrix.json#/cywilizacje[typCywilizacji=germanie]/params/eko_kultura_proc	LEGACY_DOC_PRESENT	docs/encyklopedia/cywilizacje/germanie.md	UNWIRED		0		NOT_ACTIVE	not computed by current consumer; retain raw Normal data	not applicable until a consumer is wired and reviewed	gra/src/game/civ-matrix.ts:41-60,71-101 (loader/accessor only); no gameplay call-site found	false
germanie	Germanie	1	eko_luksus_proc	ekonomia	ulamek	economy.ts	mul_proc	0	0	false	CURRENT_RUNTIME_DATA	DEFAULT_VALUE	CURRENT_RUNTIME_DEFAULT	gra/data/civ-matrix.json#/cywilizacje[typCywilizacji=germanie]/params/eko_luksus_proc	LEGACY_DOC_PRESENT	docs/encyklopedia/cywilizacje/germanie.md	UNWIRED		0		NOT_ACTIVE	not computed by current consumer; retain raw Normal data	not applicable until a consumer is wired and reviewed	gra/src/game/civ-matrix.ts:41-60,71-101 (loader/accessor only); no gameplay call-site found	false
germanie	Germanie	1	eko_zadowolenie_proc	ekonomia	ulamek	economy.ts	mul_proc	0	0	false	CURRENT_RUNTIME_DATA	DEFAULT_VALUE	CURRENT_RUNTIME_DEFAULT	gra/data/civ-matrix.json#/cywilizacje[typCywilizacji=germanie]/params/eko_zadowolenie_proc	LEGACY_DOC_PRESENT	docs/encyklopedia/cywilizacje/germanie.md	UNWIRED		0		NOT_ACTIVE	not computed by current consumer; retain raw Normal data	not applicable until a consumer is wired and reviewed	gra/src/game/civ-matrix.ts:41-60,71-101 (loader/accessor only); no gameplay call-site found	false
germanie	Germanie	1	eko_handel_brutto_proc	ekonomia	ulamek	economy.ts	mul_proc	0	0	false	CURRENT_RUNTIME_DATA	DEFAULT_VALUE	CURRENT_RUNTIME_DEFAULT	gra/data/civ-matrix.json#/cywilizacje[typCywilizacji=germanie]/params/eko_handel_brutto_proc	LEGACY_DOC_PRESENT	docs/encyklopedia/cywilizacje/germanie.md	DEAD_UNWIRED		0		NOT_ACTIVE	not computed by current consumer; retain raw Normal data	not applicable until a consumer is wired and reviewed	gra/src/game/civ-matrix.ts:41-60,71-101 (loader/accessor only); no gameplay call-site found	false
germanie	Germanie	1	eko_korupcja_proc	ekonomia	ulamek	economy.ts	mul_proc	0	0	false	CURRENT_RUNTIME_DATA	DEFAULT_VALUE	CURRENT_RUNTIME_DEFAULT	gra/data/civ-matrix.json#/cywilizacje[typCywilizacji=germanie]/params/eko_korupcja_proc	LEGACY_DOC_PRESENT	docs/encyklopedia/cywilizacje/germanie.md	UNWIRED		0		NOT_ACTIVE	not computed by current consumer; retain raw Normal data	not applicable until a consumer is wired and reviewed	gra/src/game/civ-matrix.ts:41-60,71-101 (loader/accessor only); no gameplay call-site found	false
germanie	Germanie	1	prod_koszt_budynku_proc	produkcja	ulamek	civ-bonuses.ts	mul_proc	0	0	false	CURRENT_RUNTIME_DATA	DEFAULT_VALUE	CURRENT_RUNTIME_DEFAULT	gra/data/civ-matrix.json#/cywilizacje[typCywilizacji=germanie]/params/prod_koszt_budynku_proc	LEGACY_DOC_PRESENT	docs/encyklopedia/cywilizacje/germanie.md	DEAD_UNWIRED		0		NOT_ACTIVE	not computed by current consumer; retain raw Normal data	not applicable until a consumer is wired and reviewed	gra/src/game/civ-matrix.ts:41-60,71-101 (loader/accessor only); no gameplay call-site found	false
germanie	Germanie	1	prod_koszt_jednostki_proc	produkcja	ulamek	production.ts	mul_proc	0	0	false	CURRENT_RUNTIME_DATA	DEFAULT_VALUE	CURRENT_RUNTIME_DEFAULT	gra/data/civ-matrix.json#/cywilizacje[typCywilizacji=germanie]/params/prod_koszt_jednostki_proc	LEGACY_DOC_PRESENT	docs/encyklopedia/cywilizacje/germanie.md	DEAD_UNWIRED		0		NOT_ACTIVE	not computed by current consumer; retain raw Normal data	not applicable until a consumer is wired and reviewed	gra/src/game/civ-matrix.ts:41-60,71-101 (loader/accessor only); no gameplay call-site found	false
germanie	Germanie	1	prod_szybkosc_budynku_proc	produkcja	ulamek	production.ts	mul_proc	0	0	false	CURRENT_RUNTIME_DATA	DEFAULT_VALUE	CURRENT_RUNTIME_DEFAULT	gra/data/civ-matrix.json#/cywilizacje[typCywilizacji=germanie]/params/prod_szybkosc_budynku_proc	LEGACY_DOC_PRESENT	docs/encyklopedia/cywilizacje/germanie.md	UNWIRED		0		NOT_ACTIVE	not computed by current consumer; retain raw Normal data	not applicable until a consumer is wired and reviewed	gra/src/game/civ-matrix.ts:41-60,71-101 (loader/accessor only); no gameplay call-site found	false
germanie	Germanie	1	prod_szybkosc_jednostki_proc	produkcja	ulamek	production.ts	mul_proc	0	0	false	CURRENT_RUNTIME_DATA	DEFAULT_VALUE	CURRENT_RUNTIME_DEFAULT	gra/data/civ-matrix.json#/cywilizacje[typCywilizacji=germanie]/params/prod_szybkosc_jednostki_proc	LEGACY_DOC_PRESENT	docs/encyklopedia/cywilizacje/germanie.md	UNWIRED		0		NOT_ACTIVE	not computed by current consumer; retain raw Normal data	not applicable until a consumer is wired and reviewed	gra/src/game/civ-matrix.ts:41-60,71-101 (loader/accessor only); no gameplay call-site found	false
germanie	Germanie	1	prod_rush_koszt_proc	produkcja	ulamek	production.ts	mul_proc	0	0	false	CURRENT_RUNTIME_DATA	DEFAULT_VALUE	CURRENT_RUNTIME_DEFAULT	gra/data/civ-matrix.json#/cywilizacje[typCywilizacji=germanie]/params/prod_rush_koszt_proc	LEGACY_DOC_PRESENT	docs/encyklopedia/cywilizacje/germanie.md	UNWIRED		0		NOT_ACTIVE	not computed by current consumer; retain raw Normal data	not applicable until a consumer is wired and reviewed	gra/src/game/civ-matrix.ts:41-60,71-101 (loader/accessor only); no gameplay call-site found	false
germanie	Germanie	1	lud_wzrost_proc	ludnosc	ulamek	economy.ts	mul_proc	-0.05	0	true	CURRENT_RUNTIME_DATA	NON_DEFAULT_OVERRIDE	CURRENT_RUNTIME_DATA	gra/data/civ-matrix.json#/cywilizacje[typCywilizacji=germanie]/params/lud_wzrost_proc	LEGACY_DOC_PRESENT	docs/encyklopedia/cywilizacje/germanie.md	REAL_GAMEPLAY	-0.025	-0.05	-0.07500000000000001	GROWTH_DIFFICULTY_MULT	easy=raw*0.5; normal=raw; hard=raw*1.5; contribution rounded to percent	wyżej = szybszy wzrost i silniejszy AI; Hard ×1.5, Easy ×0.5	gra/src/game/population-growth-v85.ts:84-90,230-232	false
germanie	Germanie	1	lud_spadek_proc	ludnosc	ulamek	economy.ts	mul_proc	0	0	false	CURRENT_RUNTIME_DATA	DEFAULT_VALUE	CURRENT_RUNTIME_DEFAULT	gra/data/civ-matrix.json#/cywilizacje[typCywilizacji=germanie]/params/lud_spadek_proc	LEGACY_DOC_PRESENT	docs/encyklopedia/cywilizacje/germanie.md	UNWIRED		0		NOT_ACTIVE	not computed by current consumer; retain raw Normal data	not applicable until a consumer is wired and reviewed	gra/src/game/civ-matrix.ts:41-60,71-101 (loader/accessor only); no gameplay call-site found	false
germanie	Germanie	1	lud_zdrowie_proc	ludnosc	ulamek	turn-economy.ts	mul_proc	0	0	false	CURRENT_RUNTIME_DATA	DEFAULT_VALUE	CURRENT_RUNTIME_DEFAULT	gra/data/civ-matrix.json#/cywilizacje[typCywilizacji=germanie]/params/lud_zdrowie_proc	LEGACY_DOC_PRESENT	docs/encyklopedia/cywilizacje/germanie.md	UNWIRED		0		NOT_ACTIVE	not computed by current consumer; retain raw Normal data	not applicable until a consumer is wired and reviewed	gra/src/game/civ-matrix.ts:41-60,71-101 (loader/accessor only); no gameplay call-site found	false
germanie	Germanie	1	lud_zadowolenie_bazowe	ludnosc	absolut	culture-religion.ts	add	0	0	false	CURRENT_RUNTIME_DATA	DEFAULT_VALUE	CURRENT_RUNTIME_DEFAULT	gra/data/civ-matrix.json#/cywilizacje[typCywilizacji=germanie]/params/lud_zadowolenie_bazowe	LEGACY_DOC_PRESENT	docs/encyklopedia/cywilizacje/germanie.md	UNWIRED		0		NOT_ACTIVE	not computed by current consumer; retain raw Normal data	not applicable until a consumer is wired and reviewed	gra/src/game/civ-matrix.ts:41-60,71-101 (loader/accessor only); no gameplay call-site found	false
germanie	Germanie	1	lud_limit_populacji	ludnosc	absolut	cities.ts	add	10	10	false	CURRENT_RUNTIME_DATA	DEFAULT_VALUE	CURRENT_RUNTIME_DEFAULT	gra/data/civ-matrix.json#/cywilizacje[typCywilizacji=germanie]/params/lud_limit_populacji	LEGACY_DOC_PRESENT	docs/encyklopedia/cywilizacje/germanie.md	UNWIRED		10		NOT_ACTIVE	not computed by current consumer; retain raw Normal data	not applicable until a consumer is wired and reviewed	gra/src/game/civ-matrix.ts:41-60,71-101 (loader/accessor only); no gameplay call-site found	false
germanie	Germanie	1	mp_regen_proc	manpower	ulamek	manpower.ts	mul_proc	0	0	false	CURRENT_RUNTIME_DATA	DEFAULT_VALUE	CURRENT_RUNTIME_DEFAULT	gra/data/civ-matrix.json#/cywilizacje[typCywilizacji=germanie]/params/mp_regen_proc	LEGACY_DOC_PRESENT	docs/encyklopedia/cywilizacje/germanie.md	DEAD_UNWIRED		0		NOT_ACTIVE	not computed by current consumer; retain raw Normal data	not applicable until a consumer is wired and reviewed	gra/src/game/civ-matrix.ts:41-60,71-101 (loader/accessor only); no gameplay call-site found	false
germanie	Germanie	1	mp_max_proc	manpower	ulamek	manpower.ts	mul_proc	0	0	false	CURRENT_RUNTIME_DATA	DEFAULT_VALUE	CURRENT_RUNTIME_DEFAULT	gra/data/civ-matrix.json#/cywilizacje[typCywilizacji=germanie]/params/mp_max_proc	LEGACY_DOC_PRESENT	docs/encyklopedia/cywilizacje/germanie.md	UNWIRED		0		NOT_ACTIVE	not computed by current consumer; retain raw Normal data	not applicable until a consumer is wired and reviewed	gra/src/game/civ-matrix.ts:41-60,71-101 (loader/accessor only); no gameplay call-site found	false
germanie	Germanie	1	mp_koszt_jednostki_proc	manpower	ulamek	manpower.ts	mul_proc	0	0	false	CURRENT_RUNTIME_DATA	DEFAULT_VALUE	CURRENT_RUNTIME_DEFAULT	gra/data/civ-matrix.json#/cywilizacje[typCywilizacji=germanie]/params/mp_koszt_jednostki_proc	LEGACY_DOC_PRESENT	docs/encyklopedia/cywilizacje/germanie.md	UNWIRED		0		NOT_ACTIVE	not computed by current consumer; retain raw Normal data	not applicable until a consumer is wired and reviewed	gra/src/game/civ-matrix.ts:41-60,71-101 (loader/accessor only); no gameplay call-site found	false
germanie	Germanie	1	wealth_cap_proc	spoleczenstwo	ulamek	wealth.ts	mul_proc	0	0	false	CURRENT_RUNTIME_DATA	DEFAULT_VALUE	CURRENT_RUNTIME_DEFAULT	gra/data/civ-matrix.json#/cywilizacje[typCywilizacji=germanie]/params/wealth_cap_proc	LEGACY_DOC_PRESENT	docs/encyklopedia/cywilizacje/germanie.md	UNWIRED		0		NOT_ACTIVE	not computed by current consumer; retain raw Normal data	not applicable until a consumer is wired and reviewed	gra/src/game/civ-matrix.ts:41-60,71-101 (loader/accessor only); no gameplay call-site found	false
germanie	Germanie	1	wealth_mnoznik_proc	spoleczenstwo	ulamek	wealth.ts	mul_proc	0	0	false	CURRENT_RUNTIME_DATA	DEFAULT_VALUE	CURRENT_RUNTIME_DEFAULT	gra/data/civ-matrix.json#/cywilizacje[typCywilizacji=germanie]/params/wealth_mnoznik_proc	LEGACY_DOC_PRESENT	docs/encyklopedia/cywilizacje/germanie.md	UNWIRED		0		NOT_ACTIVE	not computed by current consumer; retain raw Normal data	not applicable until a consumer is wired and reviewed	gra/src/game/civ-matrix.ts:41-60,71-101 (loader/accessor only); no gameplay call-site found	false
germanie	Germanie	1	kultura_naplyw_proc	spoleczenstwo	ulamek	culture-religion.ts	mul_proc	0	0	false	CURRENT_RUNTIME_DATA	DEFAULT_VALUE	CURRENT_RUNTIME_DEFAULT	gra/data/civ-matrix.json#/cywilizacje[typCywilizacji=germanie]/params/kultura_naplyw_proc	LEGACY_DOC_PRESENT	docs/encyklopedia/cywilizacje/germanie.md	UNWIRED		0		NOT_ACTIVE	not computed by current consumer; retain raw Normal data	not applicable until a consumer is wired and reviewed	gra/src/game/civ-matrix.ts:41-60,71-101 (loader/accessor only); no gameplay call-site found	false
germanie	Germanie	1	religia_spread_proc	spoleczenstwo	ulamek	culture-religion.ts	mul_proc	0	0	false	CURRENT_RUNTIME_DATA	DEFAULT_VALUE	CURRENT_RUNTIME_DEFAULT	gra/data/civ-matrix.json#/cywilizacje[typCywilizacji=germanie]/params/religia_spread_proc	LEGACY_DOC_PRESENT	docs/encyklopedia/cywilizacje/germanie.md	UNWIRED		0		NOT_ACTIVE	not computed by current consumer; retain raw Normal data	not applicable until a consumer is wired and reviewed	gra/src/game/civ-matrix.ts:41-60,71-101 (loader/accessor only); no gameplay call-site found	false
germanie	Germanie	1	porzadek_produkcja_proc	spoleczenstwo	ulamek	order.ts	mul_proc	0	0	false	CURRENT_RUNTIME_DATA	DEFAULT_VALUE	CURRENT_RUNTIME_DEFAULT	gra/data/civ-matrix.json#/cywilizacje[typCywilizacji=germanie]/params/porzadek_produkcja_proc	LEGACY_DOC_PRESENT	docs/encyklopedia/cywilizacje/germanie.md	UNWIRED		0		NOT_ACTIVE	not computed by current consumer; retain raw Normal data	not applicable until a consumer is wired and reviewed	gra/src/game/civ-matrix.ts:41-60,71-101 (loader/accessor only); no gameplay call-site found	false
germanie	Germanie	1	porzadek_pieniadz_proc	spoleczenstwo	ulamek	order.ts	mul_proc	0	0	false	CURRENT_RUNTIME_DATA	DEFAULT_VALUE	CURRENT_RUNTIME_DEFAULT	gra/data/civ-matrix.json#/cywilizacje[typCywilizacji=germanie]/params/porzadek_pieniadz_proc	LEGACY_DOC_PRESENT	docs/encyklopedia/cywilizacje/germanie.md	UNWIRED		0		NOT_ACTIVE	not computed by current consumer; retain raw Normal data	not applicable until a consumer is wired and reviewed	gra/src/game/civ-matrix.ts:41-60,71-101 (loader/accessor only); no gameplay call-site found	false
germanie	Germanie	1	porzadek_nauka_proc	spoleczenstwo	ulamek	order.ts	mul_proc	0	0	false	CURRENT_RUNTIME_DATA	DEFAULT_VALUE	CURRENT_RUNTIME_DEFAULT	gra/data/civ-matrix.json#/cywilizacje[typCywilizacji=germanie]/params/porzadek_nauka_proc	LEGACY_DOC_PRESENT	docs/encyklopedia/cywilizacje/germanie.md	UNWIRED		0		NOT_ACTIVE	not computed by current consumer; retain raw Normal data	not applicable until a consumer is wired and reviewed	gra/src/game/civ-matrix.ts:41-60,71-101 (loader/accessor only); no gameplay call-site found	false
germanie	Germanie	1	porzadek_kultura_proc	spoleczenstwo	ulamek	order.ts	mul_proc	0	0	false	CURRENT_RUNTIME_DATA	DEFAULT_VALUE	CURRENT_RUNTIME_DEFAULT	gra/data/civ-matrix.json#/cywilizacje[typCywilizacji=germanie]/params/porzadek_kultura_proc	LEGACY_DOC_PRESENT	docs/encyklopedia/cywilizacje/germanie.md	UNWIRED		0		NOT_ACTIVE	not computed by current consumer; retain raw Normal data	not applicable until a consumer is wired and reviewed	gra/src/game/civ-matrix.ts:41-60,71-101 (loader/accessor only); no gameplay call-site found	false
germanie	Germanie	1	porzadek_wzrost_proc	spoleczenstwo	ulamek	order.ts	mul_proc	0	0	false	CURRENT_RUNTIME_DATA	DEFAULT_VALUE	CURRENT_RUNTIME_DEFAULT	gra/data/civ-matrix.json#/cywilizacje[typCywilizacji=germanie]/params/porzadek_wzrost_proc	LEGACY_DOC_PRESENT	docs/encyklopedia/cywilizacje/germanie.md	UNWIRED		0		NOT_ACTIVE	not computed by current consumer; retain raw Normal data	not applicable until a consumer is wired and reviewed	gra/src/game/civ-matrix.ts:41-60,71-101 (loader/accessor only); no gameplay call-site found	false
germanie	Germanie	1	obl_obrona_miasta_proc	obleczenie	ulamek	siege.ts	mul_proc	0	0	false	CURRENT_RUNTIME_DATA	DEFAULT_VALUE	CURRENT_RUNTIME_DEFAULT	gra/data/civ-matrix.json#/cywilizacje[typCywilizacji=germanie]/params/obl_obrona_miasta_proc	LEGACY_DOC_PRESENT	docs/encyklopedia/cywilizacje/germanie.md	UNWIRED		0		NOT_ACTIVE	not computed by current consumer; retain raw Normal data	not applicable until a consumer is wired and reviewed	gra/src/game/civ-matrix.ts:41-60,71-101 (loader/accessor only); no gameplay call-site found	false
germanie	Germanie	1	obl_mur_proc	obleczenie	ulamek	siege.ts	mul_proc	0	0	false	CURRENT_RUNTIME_DATA	DEFAULT_VALUE	CURRENT_RUNTIME_DEFAULT	gra/data/civ-matrix.json#/cywilizacje[typCywilizacji=germanie]/params/obl_mur_proc	LEGACY_DOC_PRESENT	docs/encyklopedia/cywilizacje/germanie.md	UNWIRED		0		NOT_ACTIVE	not computed by current consumer; retain raw Normal data	not applicable until a consumer is wired and reviewed	gra/src/game/civ-matrix.ts:41-60,71-101 (loader/accessor only); no gameplay call-site found	false
germanie	Germanie	1	obl_machines_proc	obleczenie	ulamek	siegeMachines.ts	mul_proc	0	0	false	CURRENT_RUNTIME_DATA	DEFAULT_VALUE	CURRENT_RUNTIME_DEFAULT	gra/data/civ-matrix.json#/cywilizacje[typCywilizacji=germanie]/params/obl_machines_proc	LEGACY_DOC_PRESENT	docs/encyklopedia/cywilizacje/germanie.md	UNWIRED		0		NOT_ACTIVE	not computed by current consumer; retain raw Normal data	not applicable until a consumer is wired and reviewed	gra/src/game/civ-matrix.ts:41-60,71-101 (loader/accessor only); no gameplay call-site found	false
germanie	Germanie	1	dip_sklonnosc_sojusze	dyplomacja	skala_1_10	diplomacy.ts	skala	4	5	true	CURRENT_RUNTIME_DATA	NON_DEFAULT_OVERRIDE	CURRENT_RUNTIME_DATA	gra/data/civ-matrix.json#/cywilizacje[typCywilizacji=germanie]/params/dip_sklonnosc_sojusze	LEGACY_DOC_PRESENT	docs/encyklopedia/cywilizacje/germanie.md	UI_ONLY		4		DISPLAY_RAW	display reads raw value; no gameplay Easy/Normal/Hard effect	etykieta UI; brak wpływu na wynik gry	gra/src/game/diplomacy-display.ts:54-59,116-122	false
germanie	Germanie	1	dip_lojalnosc	dyplomacja	skala_1_10	diplomacy.ts	skala	6	5	true	CURRENT_RUNTIME_DATA	NON_DEFAULT_OVERRIDE	CURRENT_RUNTIME_DATA	gra/data/civ-matrix.json#/cywilizacje[typCywilizacji=germanie]/params/dip_lojalnosc	LEGACY_DOC_PRESENT	docs/encyklopedia/cywilizacje/germanie.md	UI_ONLY		6		DISPLAY_RAW	display reads raw value; no gameplay Easy/Normal/Hard effect	etykieta UI; brak wpływu na wynik gry	gra/src/game/diplomacy-display.ts:64-69,116-122	false
germanie	Germanie	1	dip_prog_wojny	dyplomacja	skala_1_10	diplomacy.ts	skala	6	5	true	CURRENT_RUNTIME_DATA	NON_DEFAULT_OVERRIDE	CURRENT_RUNTIME_DATA	gra/data/civ-matrix.json#/cywilizacje[typCywilizacji=germanie]/params/dip_prog_wojny	LEGACY_DOC_PRESENT	docs/encyklopedia/cywilizacje/germanie.md	UI_ONLY		6		DISPLAY_RAW	display reads raw value; no gameplay Easy/Normal/Hard effect	etykieta UI; brak wpływu na wynik gry	gra/src/game/diplomacy-display.ts:73-78,116-122	false
germanie	Germanie	1	dip_pamietliwosc	dyplomacja	skala_1_10	diplomacy.ts	skala	7	5	true	CURRENT_RUNTIME_DATA	NON_DEFAULT_OVERRIDE	CURRENT_RUNTIME_DATA	gra/data/civ-matrix.json#/cywilizacje[typCywilizacji=germanie]/params/dip_pamietliwosc	LEGACY_DOC_PRESENT	docs/encyklopedia/cywilizacje/germanie.md	UI_ONLY		7		DISPLAY_RAW	display reads raw value; no gameplay Easy/Normal/Hard effect	etykieta UI; brak wpływu na wynik gry	gra/src/game/diplomacy-display.ts:82-87,116-122	false
germanie	Germanie	1	dip_otwartosc_handel	dyplomacja	skala_1_10	diplomacy.ts	skala	3	5	true	CURRENT_RUNTIME_DATA	NON_DEFAULT_OVERRIDE	CURRENT_RUNTIME_DATA	gra/data/civ-matrix.json#/cywilizacje[typCywilizacji=germanie]/params/dip_otwartosc_handel	LEGACY_DOC_PRESENT	docs/encyklopedia/cywilizacje/germanie.md	UI_ONLY		3		DISPLAY_RAW	display reads raw value; no gameplay Easy/Normal/Hard effect	etykieta UI; brak wpływu na wynik gry	gra/src/game/diplomacy-display.ts:44-49,116-122	false
germanie	Germanie	1	dip_nastawienie_bazowe	dyplomacja	absolut	diplomacy.ts	add	41	50	true	CURRENT_RUNTIME_DATA	NON_DEFAULT_OVERRIDE	CURRENT_RUNTIME_DATA	gra/data/civ-matrix.json#/cywilizacje[typCywilizacji=germanie]/params/dip_nastawienie_bazowe	LEGACY_DOC_PRESENT	docs/encyklopedia/cywilizacje/germanie.md	REAL_GAMEPLAY	41	41	41	CURRENT_NEUTRAL_CALLER_OMITS_DIFFICULTY	current easy=raw; normal=raw; hard=raw; caller uses default normal	direction requires decision; no arbitrary Easy/Hard	gra/src/game/civ-ai-data.ts:205-217; gra/src/game/diplomacy.ts:1376-1380	false
germanie	Germanie	1	dip_agresja_archetyp	dyplomacja	ulamek_0_1	diplomacy.ts	mul_abs	0.65	0.5	true	CURRENT_RUNTIME_DATA	NON_DEFAULT_OVERRIDE	CURRENT_RUNTIME_DATA	gra/data/civ-matrix.json#/cywilizacje[typCywilizacji=germanie]/params/dip_agresja_archetyp	LEGACY_DOC_PRESENT	docs/encyklopedia/cywilizacje/germanie.md	DEAD_UNWIRED		0.65		NOT_ACTIVE	not computed by current consumer; retain raw Normal data	not applicable until a consumer is wired and reviewed	gra/src/game/civ-matrix.ts:41-60,71-101 (loader/accessor only); no gameplay call-site found	false
germanie	Germanie	1	dip_handlowosc_archetyp	dyplomacja	ulamek_0_1	diplomacy.ts	mul_abs	0.3	0.5	true	CURRENT_RUNTIME_DATA	NON_DEFAULT_OVERRIDE	CURRENT_RUNTIME_DATA	gra/data/civ-matrix.json#/cywilizacje[typCywilizacji=germanie]/params/dip_handlowosc_archetyp	LEGACY_DOC_PRESENT	docs/encyklopedia/cywilizacje/germanie.md	REAL_GAMEPLAY	0.3	0.3	0.3	CURRENT_NEUTRAL_MUL_ABS	current easy=raw; normal=raw; hard=raw because formula=mul_abs	direction requires decision; no arbitrary Easy/Hard	gra/src/game/civ-ai-data.ts:184-198; gra/src/game/diplomacy.ts:1267-1270; gra/src/main.ts:19553-19556,33555-33559,33916-33919	false
germanie	Germanie	1	ai_agresywnosc	ai	skala_1_10	civ-ai-data.ts	skala	6	5	true	CURRENT_RUNTIME_DATA	NON_DEFAULT_OVERRIDE	CURRENT_RUNTIME_DATA	gra/data/civ-matrix.json#/cywilizacje[typCywilizacji=germanie]/params/ai_agresywnosc	LEGACY_DOC_PRESENT	docs/encyklopedia/cywilizacje/germanie.md	REAL_GAMEPLAY	5	6	7	SKALA_1_10	easy=max(1,normal-1); normal=normal; hard=min(10,normal+1); /10	wyżej = bardziej agresywny AI; Hard +1, Easy -1	gra/src/game/civ-ai-data.ts:38-53,156-178; gra/src/game/diplomacy.ts:1261-1266; gra/src/main.ts:19784-19790,33910-33915; gra/src/game/ai.ts:4974-5036,5184-5187	false
germanie	Germanie	1	ai_ekspansywnosc	ai	skala_1_10	civ-ai-data.ts	skala	4	5	true	CURRENT_RUNTIME_DATA	NON_DEFAULT_OVERRIDE	CURRENT_RUNTIME_DATA	gra/data/civ-matrix.json#/cywilizacje[typCywilizacji=germanie]/params/ai_ekspansywnosc	LEGACY_DOC_PRESENT	docs/encyklopedia/cywilizacje/germanie.md	REAL_GAMEPLAY	3	4	5	SKALA_1_10	easy=max(1,normal-1); normal=normal; hard=min(10,normal+1)	wyżej = większa ekspansja; Hard +1, Easy -1	gra/src/game/civ-ai-data.ts:74-102; gra/src/main.ts:33264-33296; gra/src/game/ai.ts:506-513,1097-1117,2857-2868,4257-4264	false
germanie	Germanie	1	ai_priorytet_militarny	ai	skala_1_10	civ-ai-data.ts	skala	8	5	true	CURRENT_RUNTIME_DATA	NON_DEFAULT_OVERRIDE	CURRENT_RUNTIME_DATA	gra/data/civ-matrix.json#/cywilizacje[typCywilizacji=germanie]/params/ai_priorytet_militarny	LEGACY_DOC_PRESENT	docs/encyklopedia/cywilizacje/germanie.md	REAL_GAMEPLAY	7	8	9	SKALA_1_10	easy=max(1,normal-1); normal=normal; hard=min(10,normal+1); delta=(value-5)*15	wyżej = większy score wojskowy; Hard +1, Easy -1	gra/src/game/civ-ai-data.ts:74-102; gra/src/main.ts:33264-33296; gra/src/game/ai-production-priorities.ts:6-27; gra/src/game/ai.ts:1672-1676	false
germanie	Germanie	1	ai_priorytet_ekonomia	ai	skala_1_10	civ-ai-data.ts	skala	4	5	true	CURRENT_RUNTIME_DATA	NON_DEFAULT_OVERRIDE	CURRENT_RUNTIME_DATA	gra/data/civ-matrix.json#/cywilizacje[typCywilizacji=germanie]/params/ai_priorytet_ekonomia	LEGACY_DOC_PRESENT	docs/encyklopedia/cywilizacje/germanie.md	REAL_GAMEPLAY	3	4	5	SKALA_1_10	easy=max(1,normal-1); normal=normal; hard=min(10,normal+1); delta=(value-5)*15	wyżej = większy score ekonomiczny; Hard +1, Easy -1	gra/src/game/civ-ai-data.ts:74-102; gra/src/main.ts:33264-33296; gra/src/game/ai-production-priorities.ts:6-27; gra/src/game/ai.ts:1672-1676	false
germanie	Germanie	1	ai_priorytet_nauka	ai	skala_1_10	civ-ai-data.ts	skala	4	5	true	CURRENT_RUNTIME_DATA	NON_DEFAULT_OVERRIDE	CURRENT_RUNTIME_DATA	gra/data/civ-matrix.json#/cywilizacje[typCywilizacji=germanie]/params/ai_priorytet_nauka	LEGACY_DOC_PRESENT	docs/encyklopedia/cywilizacje/germanie.md	REAL_GAMEPLAY	3	4	5	SKALA_1_10	easy=max(1,normal-1); normal=normal; hard=min(10,normal+1); delta=(value-5)*15	wyżej = większy score nauki; Hard +1, Easy -1	gra/src/game/civ-ai-data.ts:74-102; gra/src/main.ts:33264-33296; gra/src/game/ai-production-priorities.ts:6-27; gra/src/game/ai.ts:1672-1676	false
germanie	Germanie	1	ai_tolerancja_ryzyka	ai	skala_1_10	civ-ai-data.ts	skala	6	5	true	CURRENT_RUNTIME_DATA	NON_DEFAULT_OVERRIDE	CURRENT_RUNTIME_DATA	gra/data/civ-matrix.json#/cywilizacje[typCywilizacji=germanie]/params/ai_tolerancja_ryzyka	LEGACY_DOC_PRESENT	docs/encyklopedia/cywilizacje/germanie.md	REAL_GAMEPLAY	5	6	7	SKALA_1_10	easy=max(1,normal-1); normal=normal; hard=min(10,normal+1)	wyżej = większa tolerancja ryzyka wojny; Hard +1, Easy -1	gra/src/game/civ-ai-data.ts:74-102; gra/src/main.ts:33924-33927; gra/src/game/ai.ts:4974-5036,5184-5187	false
germanie	Germanie	1	ai_sklonnosc_podboju	ai	skala_1_10	civ-ai-data.ts	skala	4	5	true	CURRENT_RUNTIME_DATA	NON_DEFAULT_OVERRIDE	CURRENT_RUNTIME_DATA	gra/data/civ-matrix.json#/cywilizacje[typCywilizacji=germanie]/params/ai_sklonnosc_podboju	LEGACY_DOC_PRESENT	docs/encyklopedia/cywilizacje/germanie.md	REAL_GAMEPLAY	3	4	5	SKALA_1_10	easy=max(1,normal-1); normal=normal; hard=min(10,normal+1)	wyżej = większa skłonność do podboju; Hard +1, Easy -1	gra/src/game/civ-ai-data.ts:74-102; gra/src/main.ts:33264-33296,33924-33927; gra/src/game/ai.ts:4974-5036,5184-5187	false
germanie	Germanie	1	ai_profil_obronna	ai	flag_0_1	civ-ai-data.ts	flag	1	0	true	CURRENT_RUNTIME_DATA	NON_DEFAULT_OVERRIDE	CURRENT_RUNTIME_DATA	gra/data/civ-matrix.json#/cywilizacje[typCywilizacji=germanie]/params/ai_profil_obronna	LEGACY_DOC_PRESENT	docs/encyklopedia/cywilizacje/germanie.md	REAL_GAMEPLAY	1	1	1	FLAG_IDENTITY	flag raw 0/1 at Easy/Normal/Hard	1 = defensive-copy map profile; no difficulty delta	gra/src/game/civ-ai-data.ts:56-71,119-123; gra/src/main.ts:9169-9173	false
harappa	Harappa	1	meta_epoka_kamien	meta	flag_0_1	start-preview.ts	flag	1	0	true	CURRENT_RUNTIME_DATA	NON_DEFAULT_OVERRIDE	CURRENT_RUNTIME_DATA	gra/data/civ-matrix.json#/cywilizacje[typCywilizacji=harappa]/params/meta_epoka_kamien	RESERVE_DRAFT_UNRESOLVED	docs/decyzje/D-cyw-roster-6-REZERWA.md; Civ-CYWILIZACJE/draft/roster-6-REZERWA.json	DEAD_UNWIRED		1		NOT_ACTIVE	not computed by current consumer; retain raw Normal data	not applicable until a consumer is wired and reviewed	gra/src/game/civ-matrix.ts:41-60,71-101 (loader/accessor only); no gameplay call-site found	false
harappa	Harappa	1	meta_epoka_braz	meta	flag_0_1	start-preview.ts	flag	0	0	false	CURRENT_RUNTIME_DATA	DEFAULT_VALUE	CURRENT_RUNTIME_DEFAULT	gra/data/civ-matrix.json#/cywilizacje[typCywilizacji=harappa]/params/meta_epoka_braz	RESERVE_DRAFT_UNRESOLVED	docs/decyzje/D-cyw-roster-6-REZERWA.md; Civ-CYWILIZACJE/draft/roster-6-REZERWA.json	DEAD_UNWIRED		0		NOT_ACTIVE	not computed by current consumer; retain raw Normal data	not applicable until a consumer is wired and reviewed	gra/src/game/civ-matrix.ts:41-60,71-101 (loader/accessor only); no gameplay call-site found	false
harappa	Harappa	1	meta_epoka_zelazo	meta	flag_0_1	start-preview.ts	flag	0	0	false	CURRENT_RUNTIME_DATA	DEFAULT_VALUE	CURRENT_RUNTIME_DEFAULT	gra/data/civ-matrix.json#/cywilizacje[typCywilizacji=harappa]/params/meta_epoka_zelazo	RESERVE_DRAFT_UNRESOLVED	docs/decyzje/D-cyw-roster-6-REZERWA.md; Civ-CYWILIZACJE/draft/roster-6-REZERWA.json	DEAD_UNWIRED		0		NOT_ACTIVE	not computed by current consumer; retain raw Normal data	not applicable until a consumer is wired and reviewed	gra/src/game/civ-matrix.ts:41-60,71-101 (loader/accessor only); no gameplay call-site found	false
harappa	Harappa	1	meta_mnoznik_waluta	meta	absolut	economy.ts	mul_abs	2.4	2	true	CURRENT_RUNTIME_DATA	NON_DEFAULT_OVERRIDE	CURRENT_RUNTIME_DATA	gra/data/civ-matrix.json#/cywilizacje[typCywilizacji=harappa]/params/meta_mnoznik_waluta	RESERVE_DRAFT_UNRESOLVED	docs/decyzje/D-cyw-roster-6-REZERWA.md; Civ-CYWILIZACJE/draft/roster-6-REZERWA.json	DEAD_UNWIRED		2.4		NOT_ACTIVE	not computed by current consumer; retain raw Normal data	not applicable until a consumer is wired and reviewed	gra/src/game/civ-matrix.ts:41-60,71-101 (loader/accessor only); no gameplay call-site found	false
harappa	Harappa	1	meta_tier_roster	meta	absolut	civ-roster.ts	mul_abs	1	1	false	CURRENT_RUNTIME_DATA	DEFAULT_VALUE	CURRENT_RUNTIME_DEFAULT	gra/data/civ-matrix.json#/cywilizacje[typCywilizacji=harappa]/params/meta_tier_roster	RESERVE_DRAFT_UNRESOLVED	docs/decyzje/D-cyw-roster-6-REZERWA.md; Civ-CYWILIZACJE/draft/roster-6-REZERWA.json	DEAD_UNWIRED		1		NOT_ACTIVE	not computed by current consumer; retain raw Normal data	not applicable until a consumer is wired and reviewed	gra/src/game/civ-matrix.ts:41-60,71-101 (loader/accessor only); no gameplay call-site found	false
harappa	Harappa	1	walka_atak_piechota	walka	ulamek	civ-bonuses.ts	mul_proc	0	0	false	CURRENT_RUNTIME_DATA	DEFAULT_VALUE	CURRENT_RUNTIME_DEFAULT	gra/data/civ-matrix.json#/cywilizacje[typCywilizacji=harappa]/params/walka_atak_piechota	RESERVE_DRAFT_UNRESOLVED	docs/decyzje/D-cyw-roster-6-REZERWA.md; Civ-CYWILIZACJE/draft/roster-6-REZERWA.json	DEAD_UNWIRED		0		NOT_ACTIVE	not computed by current consumer; retain raw Normal data	not applicable until a consumer is wired and reviewed	gra/src/game/civ-matrix.ts:41-60,71-101 (loader/accessor only); no gameplay call-site found	false
harappa	Harappa	1	walka_atak_lukownicy	walka	ulamek	civ-bonuses.ts	mul_proc	0	0	false	CURRENT_RUNTIME_DATA	DEFAULT_VALUE	CURRENT_RUNTIME_DEFAULT	gra/data/civ-matrix.json#/cywilizacje[typCywilizacji=harappa]/params/walka_atak_lukownicy	RESERVE_DRAFT_UNRESOLVED	docs/decyzje/D-cyw-roster-6-REZERWA.md; Civ-CYWILIZACJE/draft/roster-6-REZERWA.json	UNWIRED		0		NOT_ACTIVE	not computed by current consumer; retain raw Normal data	not applicable until a consumer is wired and reviewed	gra/src/game/civ-matrix.ts:41-60,71-101 (loader/accessor only); no gameplay call-site found	false
harappa	Harappa	1	walka_atak_kawaleria	walka	ulamek	civ-bonuses.ts	mul_proc	-0.08	0	true	CURRENT_RUNTIME_DATA	NON_DEFAULT_OVERRIDE	CURRENT_RUNTIME_DATA	gra/data/civ-matrix.json#/cywilizacje[typCywilizacji=harappa]/params/walka_atak_kawaleria	RESERVE_DRAFT_UNRESOLVED	docs/decyzje/D-cyw-roster-6-REZERWA.md; Civ-CYWILIZACJE/draft/roster-6-REZERWA.json	DEAD_UNWIRED		-0.08		NOT_ACTIVE	not computed by current consumer; retain raw Normal data	not applicable until a consumer is wired and reviewed	gra/src/game/civ-matrix.ts:41-60,71-101 (loader/accessor only); no gameplay call-site found	false
harappa	Harappa	1	walka_atak_rydwany	walka	ulamek	civ-bonuses.ts	mul_proc	0	0	false	CURRENT_RUNTIME_DATA	DEFAULT_VALUE	CURRENT_RUNTIME_DEFAULT	gra/data/civ-matrix.json#/cywilizacje[typCywilizacji=harappa]/params/walka_atak_rydwany	RESERVE_DRAFT_UNRESOLVED	docs/decyzje/D-cyw-roster-6-REZERWA.md; Civ-CYWILIZACJE/draft/roster-6-REZERWA.json	DEAD_UNWIRED		0		NOT_ACTIVE	not computed by current consumer; retain raw Normal data	not applicable until a consumer is wired and reviewed	gra/src/game/civ-matrix.ts:41-60,71-101 (loader/accessor only); no gameplay call-site found	false
harappa	Harappa	1	walka_atak_obleczenie	walka	ulamek	civ-bonuses.ts	mul_proc	0	0	false	CURRENT_RUNTIME_DATA	DEFAULT_VALUE	CURRENT_RUNTIME_DEFAULT	gra/data/civ-matrix.json#/cywilizacje[typCywilizacji=harappa]/params/walka_atak_obleczenie	RESERVE_DRAFT_UNRESOLVED	docs/decyzje/D-cyw-roster-6-REZERWA.md; Civ-CYWILIZACJE/draft/roster-6-REZERWA.json	DEAD_UNWIRED		0		NOT_ACTIVE	not computed by current consumer; retain raw Normal data	not applicable until a consumer is wired and reviewed	gra/src/game/civ-matrix.ts:41-60,71-101 (loader/accessor only); no gameplay call-site found	false
harappa	Harappa	1	walka_atak_morska	walka	ulamek	civ-bonuses.ts	mul_proc	0	0	false	CURRENT_RUNTIME_DATA	DEFAULT_VALUE	CURRENT_RUNTIME_DEFAULT	gra/data/civ-matrix.json#/cywilizacje[typCywilizacji=harappa]/params/walka_atak_morska	RESERVE_DRAFT_UNRESOLVED	docs/decyzje/D-cyw-roster-6-REZERWA.md; Civ-CYWILIZACJE/draft/roster-6-REZERWA.json	UNWIRED		0		NOT_ACTIVE	not computed by current consumer; retain raw Normal data	not applicable until a consumer is wired and reviewed	gra/src/game/civ-matrix.ts:41-60,71-101 (loader/accessor only); no gameplay call-site found	false
harappa	Harappa	1	walka_atak_wszystkie	walka	ulamek	civ-bonuses.ts	mul_proc	0	0	false	CURRENT_RUNTIME_DATA	DEFAULT_VALUE	CURRENT_RUNTIME_DEFAULT	gra/data/civ-matrix.json#/cywilizacje[typCywilizacji=harappa]/params/walka_atak_wszystkie	RESERVE_DRAFT_UNRESOLVED	docs/decyzje/D-cyw-roster-6-REZERWA.md; Civ-CYWILIZACJE/draft/roster-6-REZERWA.json	UNWIRED		0		NOT_ACTIVE	not computed by current consumer; retain raw Normal data	not applicable until a consumer is wired and reviewed	gra/src/game/civ-matrix.ts:41-60,71-101 (loader/accessor only); no gameplay call-site found	false
harappa	Harappa	1	walka_obrona_piechota	walka	ulamek	civ-bonuses.ts	mul_proc	0	0	false	CURRENT_RUNTIME_DATA	DEFAULT_VALUE	CURRENT_RUNTIME_DEFAULT	gra/data/civ-matrix.json#/cywilizacje[typCywilizacji=harappa]/params/walka_obrona_piechota	RESERVE_DRAFT_UNRESOLVED	docs/decyzje/D-cyw-roster-6-REZERWA.md; Civ-CYWILIZACJE/draft/roster-6-REZERWA.json	DEAD_UNWIRED		0		NOT_ACTIVE	not computed by current consumer; retain raw Normal data	not applicable until a consumer is wired and reviewed	gra/src/game/civ-matrix.ts:41-60,71-101 (loader/accessor only); no gameplay call-site found	false
harappa	Harappa	1	walka_obrona_lukownicy	walka	ulamek	civ-bonuses.ts	mul_proc	0	0	false	CURRENT_RUNTIME_DATA	DEFAULT_VALUE	CURRENT_RUNTIME_DEFAULT	gra/data/civ-matrix.json#/cywilizacje[typCywilizacji=harappa]/params/walka_obrona_lukownicy	RESERVE_DRAFT_UNRESOLVED	docs/decyzje/D-cyw-roster-6-REZERWA.md; Civ-CYWILIZACJE/draft/roster-6-REZERWA.json	UNWIRED		0		NOT_ACTIVE	not computed by current consumer; retain raw Normal data	not applicable until a consumer is wired and reviewed	gra/src/game/civ-matrix.ts:41-60,71-101 (loader/accessor only); no gameplay call-site found	false
harappa	Harappa	1	walka_obrona_kawaleria	walka	ulamek	civ-bonuses.ts	mul_proc	0	0	false	CURRENT_RUNTIME_DATA	DEFAULT_VALUE	CURRENT_RUNTIME_DEFAULT	gra/data/civ-matrix.json#/cywilizacje[typCywilizacji=harappa]/params/walka_obrona_kawaleria	RESERVE_DRAFT_UNRESOLVED	docs/decyzje/D-cyw-roster-6-REZERWA.md; Civ-CYWILIZACJE/draft/roster-6-REZERWA.json	UNWIRED		0		NOT_ACTIVE	not computed by current consumer; retain raw Normal data	not applicable until a consumer is wired and reviewed	gra/src/game/civ-matrix.ts:41-60,71-101 (loader/accessor only); no gameplay call-site found	false
harappa	Harappa	1	walka_obrona_rydwany	walka	ulamek	civ-bonuses.ts	mul_proc	0	0	false	CURRENT_RUNTIME_DATA	DEFAULT_VALUE	CURRENT_RUNTIME_DEFAULT	gra/data/civ-matrix.json#/cywilizacje[typCywilizacji=harappa]/params/walka_obrona_rydwany	RESERVE_DRAFT_UNRESOLVED	docs/decyzje/D-cyw-roster-6-REZERWA.md; Civ-CYWILIZACJE/draft/roster-6-REZERWA.json	UNWIRED		0		NOT_ACTIVE	not computed by current consumer; retain raw Normal data	not applicable until a consumer is wired and reviewed	gra/src/game/civ-matrix.ts:41-60,71-101 (loader/accessor only); no gameplay call-site found	false
harappa	Harappa	1	walka_obrona_obleczenie	walka	ulamek	civ-bonuses.ts	mul_proc	0	0	false	CURRENT_RUNTIME_DATA	DEFAULT_VALUE	CURRENT_RUNTIME_DEFAULT	gra/data/civ-matrix.json#/cywilizacje[typCywilizacji=harappa]/params/walka_obrona_obleczenie	RESERVE_DRAFT_UNRESOLVED	docs/decyzje/D-cyw-roster-6-REZERWA.md; Civ-CYWILIZACJE/draft/roster-6-REZERWA.json	UNWIRED		0		NOT_ACTIVE	not computed by current consumer; retain raw Normal data	not applicable until a consumer is wired and reviewed	gra/src/game/civ-matrix.ts:41-60,71-101 (loader/accessor only); no gameplay call-site found	false
harappa	Harappa	1	walka_obrona_morska	walka	ulamek	civ-bonuses.ts	mul_proc	0	0	false	CURRENT_RUNTIME_DATA	DEFAULT_VALUE	CURRENT_RUNTIME_DEFAULT	gra/data/civ-matrix.json#/cywilizacje[typCywilizacji=harappa]/params/walka_obrona_morska	RESERVE_DRAFT_UNRESOLVED	docs/decyzje/D-cyw-roster-6-REZERWA.md; Civ-CYWILIZACJE/draft/roster-6-REZERWA.json	UNWIRED		0		NOT_ACTIVE	not computed by current consumer; retain raw Normal data	not applicable until a consumer is wired and reviewed	gra/src/game/civ-matrix.ts:41-60,71-101 (loader/accessor only); no gameplay call-site found	false
harappa	Harappa	1	walka_pancerz_piechota	walka	ulamek	civ-bonuses.ts	mul_proc	0	0	false	CURRENT_RUNTIME_DATA	DEFAULT_VALUE	CURRENT_RUNTIME_DEFAULT	gra/data/civ-matrix.json#/cywilizacje[typCywilizacji=harappa]/params/walka_pancerz_piechota	RESERVE_DRAFT_UNRESOLVED	docs/decyzje/D-cyw-roster-6-REZERWA.md; Civ-CYWILIZACJE/draft/roster-6-REZERWA.json	DEAD_UNWIRED		0		NOT_ACTIVE	not computed by current consumer; retain raw Normal data	not applicable until a consumer is wired and reviewed	gra/src/game/civ-matrix.ts:41-60,71-101 (loader/accessor only); no gameplay call-site found	false
harappa	Harappa	1	walka_pancerz_lukownicy	walka	ulamek	civ-bonuses.ts	mul_proc	0	0	false	CURRENT_RUNTIME_DATA	DEFAULT_VALUE	CURRENT_RUNTIME_DEFAULT	gra/data/civ-matrix.json#/cywilizacje[typCywilizacji=harappa]/params/walka_pancerz_lukownicy	RESERVE_DRAFT_UNRESOLVED	docs/decyzje/D-cyw-roster-6-REZERWA.md; Civ-CYWILIZACJE/draft/roster-6-REZERWA.json	UNWIRED		0		NOT_ACTIVE	not computed by current consumer; retain raw Normal data	not applicable until a consumer is wired and reviewed	gra/src/game/civ-matrix.ts:41-60,71-101 (loader/accessor only); no gameplay call-site found	false
harappa	Harappa	1	walka_pancerz_kawaleria	walka	ulamek	civ-bonuses.ts	mul_proc	0	0	false	CURRENT_RUNTIME_DATA	DEFAULT_VALUE	CURRENT_RUNTIME_DEFAULT	gra/data/civ-matrix.json#/cywilizacje[typCywilizacji=harappa]/params/walka_pancerz_kawaleria	RESERVE_DRAFT_UNRESOLVED	docs/decyzje/D-cyw-roster-6-REZERWA.md; Civ-CYWILIZACJE/draft/roster-6-REZERWA.json	UNWIRED		0		NOT_ACTIVE	not computed by current consumer; retain raw Normal data	not applicable until a consumer is wired and reviewed	gra/src/game/civ-matrix.ts:41-60,71-101 (loader/accessor only); no gameplay call-site found	false
harappa	Harappa	1	walka_pancerz_rydwany	walka	ulamek	civ-bonuses.ts	mul_proc	0	0	false	CURRENT_RUNTIME_DATA	DEFAULT_VALUE	CURRENT_RUNTIME_DEFAULT	gra/data/civ-matrix.json#/cywilizacje[typCywilizacji=harappa]/params/walka_pancerz_rydwany	RESERVE_DRAFT_UNRESOLVED	docs/decyzje/D-cyw-roster-6-REZERWA.md; Civ-CYWILIZACJE/draft/roster-6-REZERWA.json	UNWIRED		0		NOT_ACTIVE	not computed by current consumer; retain raw Normal data	not applicable until a consumer is wired and reviewed	gra/src/game/civ-matrix.ts:41-60,71-101 (loader/accessor only); no gameplay call-site found	false
harappa	Harappa	1	walka_uderzenie_piechota	walka	ulamek	civ-bonuses.ts	mul_proc	0	0	false	CURRENT_RUNTIME_DATA	DEFAULT_VALUE	CURRENT_RUNTIME_DEFAULT	gra/data/civ-matrix.json#/cywilizacje[typCywilizacji=harappa]/params/walka_uderzenie_piechota	RESERVE_DRAFT_UNRESOLVED	docs/decyzje/D-cyw-roster-6-REZERWA.md; Civ-CYWILIZACJE/draft/roster-6-REZERWA.json	DEAD_UNWIRED		0		NOT_ACTIVE	not computed by current consumer; retain raw Normal data	not applicable until a consumer is wired and reviewed	gra/src/game/civ-matrix.ts:41-60,71-101 (loader/accessor only); no gameplay call-site found	false
harappa	Harappa	1	walka_uderzenie_kawaleria	walka	ulamek	civ-bonuses.ts	mul_proc	0	0	false	CURRENT_RUNTIME_DATA	DEFAULT_VALUE	CURRENT_RUNTIME_DEFAULT	gra/data/civ-matrix.json#/cywilizacje[typCywilizacji=harappa]/params/walka_uderzenie_kawaleria	RESERVE_DRAFT_UNRESOLVED	docs/decyzje/D-cyw-roster-6-REZERWA.md; Civ-CYWILIZACJE/draft/roster-6-REZERWA.json	DEAD_UNWIRED		0		NOT_ACTIVE	not computed by current consumer; retain raw Normal data	not applicable until a consumer is wired and reviewed	gra/src/game/civ-matrix.ts:41-60,71-101 (loader/accessor only); no gameplay call-site found	false
harappa	Harappa	1	walka_uderzenie_rydwany	walka	ulamek	civ-bonuses.ts	mul_proc	0	0	false	CURRENT_RUNTIME_DATA	DEFAULT_VALUE	CURRENT_RUNTIME_DEFAULT	gra/data/civ-matrix.json#/cywilizacje[typCywilizacji=harappa]/params/walka_uderzenie_rydwany	RESERVE_DRAFT_UNRESOLVED	docs/decyzje/D-cyw-roster-6-REZERWA.md; Civ-CYWILIZACJE/draft/roster-6-REZERWA.json	UNWIRED		0		NOT_ACTIVE	not computed by current consumer; retain raw Normal data	not applicable until a consumer is wired and reviewed	gra/src/game/civ-matrix.ts:41-60,71-101 (loader/accessor only); no gameplay call-site found	false
harappa	Harappa	1	walka_dystans_lukownicy	walka	ulamek	civ-bonuses.ts	mul_proc	0	0	false	CURRENT_RUNTIME_DATA	DEFAULT_VALUE	CURRENT_RUNTIME_DEFAULT	gra/data/civ-matrix.json#/cywilizacje[typCywilizacji=harappa]/params/walka_dystans_lukownicy	RESERVE_DRAFT_UNRESOLVED	docs/decyzje/D-cyw-roster-6-REZERWA.md; Civ-CYWILIZACJE/draft/roster-6-REZERWA.json	DEAD_UNWIRED		0		NOT_ACTIVE	not computed by current consumer; retain raw Normal data	not applicable until a consumer is wired and reviewed	gra/src/game/civ-matrix.ts:41-60,71-101 (loader/accessor only); no gameplay call-site found	false
harappa	Harappa	1	walka_dystans_rydwany	walka	ulamek	civ-bonuses.ts	mul_proc	0	0	false	CURRENT_RUNTIME_DATA	DEFAULT_VALUE	CURRENT_RUNTIME_DEFAULT	gra/data/civ-matrix.json#/cywilizacje[typCywilizacji=harappa]/params/walka_dystans_rydwany	RESERVE_DRAFT_UNRESOLVED	docs/decyzje/D-cyw-roster-6-REZERWA.md; Civ-CYWILIZACJE/draft/roster-6-REZERWA.json	UNWIRED		0		NOT_ACTIVE	not computed by current consumer; retain raw Normal data	not applicable until a consumer is wired and reviewed	gra/src/game/civ-matrix.ts:41-60,71-101 (loader/accessor only); no gameplay call-site found	false
harappa	Harappa	1	walka_hp_piechota	walka	ulamek	civ-bonuses.ts	mul_proc	0	0	false	CURRENT_RUNTIME_DATA	DEFAULT_VALUE	CURRENT_RUNTIME_DEFAULT	gra/data/civ-matrix.json#/cywilizacje[typCywilizacji=harappa]/params/walka_hp_piechota	RESERVE_DRAFT_UNRESOLVED	docs/decyzje/D-cyw-roster-6-REZERWA.md; Civ-CYWILIZACJE/draft/roster-6-REZERWA.json	DEAD_UNWIRED		0		NOT_ACTIVE	not computed by current consumer; retain raw Normal data	not applicable until a consumer is wired and reviewed	gra/src/game/civ-matrix.ts:41-60,71-101 (loader/accessor only); no gameplay call-site found	false
harappa	Harappa	1	walka_hp_kawaleria	walka	ulamek	civ-bonuses.ts	mul_proc	0	0	false	CURRENT_RUNTIME_DATA	DEFAULT_VALUE	CURRENT_RUNTIME_DEFAULT	gra/data/civ-matrix.json#/cywilizacje[typCywilizacji=harappa]/params/walka_hp_kawaleria	RESERVE_DRAFT_UNRESOLVED	docs/decyzje/D-cyw-roster-6-REZERWA.md; Civ-CYWILIZACJE/draft/roster-6-REZERWA.json	UNWIRED		0		NOT_ACTIVE	not computed by current consumer; retain raw Normal data	not applicable until a consumer is wired and reviewed	gra/src/game/civ-matrix.ts:41-60,71-101 (loader/accessor only); no gameplay call-site found	false
harappa	Harappa	1	walka_hp_rydwany	walka	ulamek	civ-bonuses.ts	mul_proc	0	0	false	CURRENT_RUNTIME_DATA	DEFAULT_VALUE	CURRENT_RUNTIME_DEFAULT	gra/data/civ-matrix.json#/cywilizacje[typCywilizacji=harappa]/params/walka_hp_rydwany	RESERVE_DRAFT_UNRESOLVED	docs/decyzje/D-cyw-roster-6-REZERWA.md; Civ-CYWILIZACJE/draft/roster-6-REZERWA.json	DEAD_UNWIRED		0		NOT_ACTIVE	not computed by current consumer; retain raw Normal data	not applicable until a consumer is wired and reviewed	gra/src/game/civ-matrix.ts:41-60,71-101 (loader/accessor only); no gameplay call-site found	false
harappa	Harappa	1	walka_ruch_bitwa_proc	walka	ulamek	civ-bonuses.ts	mul_proc	0	0	false	CURRENT_RUNTIME_DATA	DEFAULT_VALUE	CURRENT_RUNTIME_DEFAULT	gra/data/civ-matrix.json#/cywilizacje[typCywilizacji=harappa]/params/walka_ruch_bitwa_proc	RESERVE_DRAFT_UNRESOLVED	docs/decyzje/D-cyw-roster-6-REZERWA.md; Civ-CYWILIZACJE/draft/roster-6-REZERWA.json	DEAD_UNWIRED		0		NOT_ACTIVE	not computed by current consumer; retain raw Normal data	not applicable until a consumer is wired and reviewed	gra/src/game/civ-matrix.ts:41-60,71-101 (loader/accessor only); no gameplay call-site found	false
harappa	Harappa	1	walka_zasieg_proc	walka	ulamek	civ-bonuses.ts	mul_proc	0	0	false	CURRENT_RUNTIME_DATA	DEFAULT_VALUE	CURRENT_RUNTIME_DEFAULT	gra/data/civ-matrix.json#/cywilizacje[typCywilizacji=harappa]/params/walka_zasieg_proc	RESERVE_DRAFT_UNRESOLVED	docs/decyzje/D-cyw-roster-6-REZERWA.md; Civ-CYWILIZACJE/draft/roster-6-REZERWA.json	UNWIRED		0		NOT_ACTIVE	not computed by current consumer; retain raw Normal data	not applicable until a consumer is wired and reviewed	gra/src/game/civ-matrix.ts:41-60,71-101 (loader/accessor only); no gameplay call-site found	false
harappa	Harappa	1	walka_oblezenie_proc	walka	ulamek	civ-bonuses.ts	mul_proc	0	0	false	CURRENT_RUNTIME_DATA	DEFAULT_VALUE	CURRENT_RUNTIME_DEFAULT	gra/data/civ-matrix.json#/cywilizacje[typCywilizacji=harappa]/params/walka_oblezenie_proc	RESERVE_DRAFT_UNRESOLVED	docs/decyzje/D-cyw-roster-6-REZERWA.md; Civ-CYWILIZACJE/draft/roster-6-REZERWA.json	UNWIRED		0		NOT_ACTIVE	not computed by current consumer; retain raw Normal data	not applicable until a consumer is wired and reviewed	gra/src/game/civ-matrix.ts:41-60,71-101 (loader/accessor only); no gameplay call-site found	false
harappa	Harappa	1	walka_koszt_rekrutacji_proc	walka	ulamek	production.ts	mul_proc	0	0	false	CURRENT_RUNTIME_DATA	DEFAULT_VALUE	CURRENT_RUNTIME_DEFAULT	gra/data/civ-matrix.json#/cywilizacje[typCywilizacji=harappa]/params/walka_koszt_rekrutacji_proc	RESERVE_DRAFT_UNRESOLVED	docs/decyzje/D-cyw-roster-6-REZERWA.md; Civ-CYWILIZACJE/draft/roster-6-REZERWA.json	DEAD_UNWIRED		0		NOT_ACTIVE	not computed by current consumer; retain raw Normal data	not applicable until a consumer is wired and reviewed	gra/src/game/civ-matrix.ts:41-60,71-101 (loader/accessor only); no gameplay call-site found	false
harappa	Harappa	1	walka_atak_piechota_teren_las	walka	ulamek	civ-bonuses.ts	mul_proc	0	0	false	CURRENT_RUNTIME_DATA	DEFAULT_VALUE	CURRENT_RUNTIME_DEFAULT	gra/data/civ-matrix.json#/cywilizacje[typCywilizacji=harappa]/params/walka_atak_piechota_teren_las	RESERVE_DRAFT_UNRESOLVED	docs/decyzje/D-cyw-roster-6-REZERWA.md; Civ-CYWILIZACJE/draft/roster-6-REZERWA.json	DEAD_UNWIRED		0		NOT_ACTIVE	not computed by current consumer; retain raw Normal data	not applicable until a consumer is wired and reviewed	gra/src/game/civ-matrix.ts:41-60,71-101 (loader/accessor only); no gameplay call-site found	false
harappa	Harappa	1	walka_obrona_piechota_teren_las	walka	ulamek	civ-bonuses.ts	mul_proc	0	0	false	CURRENT_RUNTIME_DATA	DEFAULT_VALUE	CURRENT_RUNTIME_DEFAULT	gra/data/civ-matrix.json#/cywilizacje[typCywilizacji=harappa]/params/walka_obrona_piechota_teren_las	RESERVE_DRAFT_UNRESOLVED	docs/decyzje/D-cyw-roster-6-REZERWA.md; Civ-CYWILIZACJE/draft/roster-6-REZERWA.json	UNWIRED		0		NOT_ACTIVE	not computed by current consumer; retain raw Normal data	not applicable until a consumer is wired and reviewed	gra/src/game/civ-matrix.ts:41-60,71-101 (loader/accessor only); no gameplay call-site found	false
harappa	Harappa	1	walka_atak_piechota_terytorium_wlasne	walka	ulamek	civ-bonuses.ts	mul_proc	0	0	false	CURRENT_RUNTIME_DATA	DEFAULT_VALUE	CURRENT_RUNTIME_DEFAULT	gra/data/civ-matrix.json#/cywilizacje[typCywilizacji=harappa]/params/walka_atak_piechota_terytorium_wlasne	RESERVE_DRAFT_UNRESOLVED	docs/decyzje/D-cyw-roster-6-REZERWA.md; Civ-CYWILIZACJE/draft/roster-6-REZERWA.json	UNWIRED		0		NOT_ACTIVE	not computed by current consumer; retain raw Normal data	not applicable until a consumer is wired and reviewed	gra/src/game/civ-matrix.ts:41-60,71-101 (loader/accessor only); no gameplay call-site found	false
harappa	Harappa	1	walka_obrona_piechota_terytorium_wlasne	walka	ulamek	civ-bonuses.ts	mul_proc	0.15	0	true	CURRENT_RUNTIME_DATA	NON_DEFAULT_OVERRIDE	CURRENT_RUNTIME_DATA	gra/data/civ-matrix.json#/cywilizacje[typCywilizacji=harappa]/params/walka_obrona_piechota_terytorium_wlasne	RESERVE_DRAFT_UNRESOLVED	docs/decyzje/D-cyw-roster-6-REZERWA.md; Civ-CYWILIZACJE/draft/roster-6-REZERWA.json	DEAD_UNWIRED		0.15		NOT_ACTIVE	not computed by current consumer; retain raw Normal data	not applicable until a consumer is wired and reviewed	gra/src/game/civ-matrix.ts:41-60,71-101 (loader/accessor only); no gameplay call-site found	false
harappa	Harappa	1	walka_atak_piechota_w_murze	walka	ulamek	civ-bonuses.ts	mul_proc	0	0	false	CURRENT_RUNTIME_DATA	DEFAULT_VALUE	CURRENT_RUNTIME_DEFAULT	gra/data/civ-matrix.json#/cywilizacje[typCywilizacji=harappa]/params/walka_atak_piechota_w_murze	RESERVE_DRAFT_UNRESOLVED	docs/decyzje/D-cyw-roster-6-REZERWA.md; Civ-CYWILIZACJE/draft/roster-6-REZERWA.json	UNWIRED		0		NOT_ACTIVE	not computed by current consumer; retain raw Normal data	not applicable until a consumer is wired and reviewed	gra/src/game/civ-matrix.ts:41-60,71-101 (loader/accessor only); no gameplay call-site found	false
harappa	Harappa	1	walka_obrona_piechota_w_murze	walka	ulamek	civ-bonuses.ts	mul_proc	0	0	false	CURRENT_RUNTIME_DATA	DEFAULT_VALUE	CURRENT_RUNTIME_DEFAULT	gra/data/civ-matrix.json#/cywilizacje[typCywilizacji=harappa]/params/walka_obrona_piechota_w_murze	RESERVE_DRAFT_UNRESOLVED	docs/decyzje/D-cyw-roster-6-REZERWA.md; Civ-CYWILIZACJE/draft/roster-6-REZERWA.json	DEAD_UNWIRED		0		NOT_ACTIVE	not computed by current consumer; retain raw Normal data	not applicable until a consumer is wired and reviewed	gra/src/game/civ-matrix.ts:41-60,71-101 (loader/accessor only); no gameplay call-site found	false
harappa	Harappa	1	walka_atak_piechota_runda_szarzy	walka	ulamek	civ-bonuses.ts	mul_proc	0	0	false	CURRENT_RUNTIME_DATA	DEFAULT_VALUE	CURRENT_RUNTIME_DEFAULT	gra/data/civ-matrix.json#/cywilizacje[typCywilizacji=harappa]/params/walka_atak_piechota_runda_szarzy	RESERVE_DRAFT_UNRESOLVED	docs/decyzje/D-cyw-roster-6-REZERWA.md; Civ-CYWILIZACJE/draft/roster-6-REZERWA.json	DEAD_UNWIRED		0		NOT_ACTIVE	not computed by current consumer; retain raw Normal data	not applicable until a consumer is wired and reviewed	gra/src/game/civ-matrix.ts:41-60,71-101 (loader/accessor only); no gameplay call-site found	false
harappa	Harappa	1	walka_obrona_piechota_runda_szarzy	walka	ulamek	civ-bonuses.ts	mul_proc	0	0	false	CURRENT_RUNTIME_DATA	DEFAULT_VALUE	CURRENT_RUNTIME_DEFAULT	gra/data/civ-matrix.json#/cywilizacje[typCywilizacji=harappa]/params/walka_obrona_piechota_runda_szarzy	RESERVE_DRAFT_UNRESOLVED	docs/decyzje/D-cyw-roster-6-REZERWA.md; Civ-CYWILIZACJE/draft/roster-6-REZERWA.json	UNWIRED		0		NOT_ACTIVE	not computed by current consumer; retain raw Normal data	not applicable until a consumer is wired and reviewed	gra/src/game/civ-matrix.ts:41-60,71-101 (loader/accessor only); no gameplay call-site found	false
harappa	Harappa	1	walka_atak_piechota_teren_plytkie_morze	walka	ulamek	civ-bonuses.ts	mul_proc	0	0	false	CURRENT_RUNTIME_DATA	DEFAULT_VALUE	CURRENT_RUNTIME_DEFAULT	gra/data/civ-matrix.json#/cywilizacje[typCywilizacji=harappa]/params/walka_atak_piechota_teren_plytkie_morze	RESERVE_DRAFT_UNRESOLVED	docs/decyzje/D-cyw-roster-6-REZERWA.md; Civ-CYWILIZACJE/draft/roster-6-REZERWA.json	UNWIRED		0		NOT_ACTIVE	not computed by current consumer; retain raw Normal data	not applicable until a consumer is wired and reviewed	gra/src/game/civ-matrix.ts:41-60,71-101 (loader/accessor only); no gameplay call-site found	false
harappa	Harappa	1	walka_obrona_piechota_teren_plytkie_morze	walka	ulamek	civ-bonuses.ts	mul_proc	0	0	false	CURRENT_RUNTIME_DATA	DEFAULT_VALUE	CURRENT_RUNTIME_DEFAULT	gra/data/civ-matrix.json#/cywilizacje[typCywilizacji=harappa]/params/walka_obrona_piechota_teren_plytkie_morze	RESERVE_DRAFT_UNRESOLVED	docs/decyzje/D-cyw-roster-6-REZERWA.md; Civ-CYWILIZACJE/draft/roster-6-REZERWA.json	UNWIRED		0		NOT_ACTIVE	not computed by current consumer; retain raw Normal data	not applicable until a consumer is wired and reviewed	gra/src/game/civ-matrix.ts:41-60,71-101 (loader/accessor only); no gameplay call-site found	false
harappa	Harappa	1	spec_Atak	jednostka_spec	absolut	units.json+combat.ts	stat_abs	56	0	true	CURRENT_RUNTIME_DATA	NON_DEFAULT_OVERRIDE	CURRENT_RUNTIME_DATA	gra/data/civ-matrix.json#/cywilizacje[typCywilizacji=harappa]/params/spec_Atak	RESERVE_DRAFT_UNRESOLVED	docs/decyzje/D-cyw-roster-6-REZERWA.md; Civ-CYWILIZACJE/draft/roster-6-REZERWA.json	DEAD_UNWIRED		56		NOT_ACTIVE	not computed by current consumer; retain raw Normal data	not applicable until a consumer is wired and reviewed	gra/src/game/civ-matrix.ts:41-60,71-101 (loader/accessor only); no gameplay call-site found	false
harappa	Harappa	1	spec_Obrazenia	jednostka_spec	absolut	units.json+combat.ts	stat_abs	56	0	true	CURRENT_RUNTIME_DATA	NON_DEFAULT_OVERRIDE	CURRENT_RUNTIME_DATA	gra/data/civ-matrix.json#/cywilizacje[typCywilizacji=harappa]/params/spec_Obrazenia	RESERVE_DRAFT_UNRESOLVED	docs/decyzje/D-cyw-roster-6-REZERWA.md; Civ-CYWILIZACJE/draft/roster-6-REZERWA.json	DEAD_UNWIRED		56		NOT_ACTIVE	not computed by current consumer; retain raw Normal data	not applicable until a consumer is wired and reviewed	gra/src/game/civ-matrix.ts:41-60,71-101 (loader/accessor only); no gameplay call-site found	false
harappa	Harappa	1	spec_Obrona	jednostka_spec	absolut	units.json+combat.ts	stat_abs	89.6	0	true	CURRENT_RUNTIME_DATA	NON_DEFAULT_OVERRIDE	CURRENT_RUNTIME_DATA	gra/data/civ-matrix.json#/cywilizacje[typCywilizacji=harappa]/params/spec_Obrona	RESERVE_DRAFT_UNRESOLVED	docs/decyzje/D-cyw-roster-6-REZERWA.md; Civ-CYWILIZACJE/draft/roster-6-REZERWA.json	DEAD_UNWIRED		89.6		NOT_ACTIVE	not computed by current consumer; retain raw Normal data	not applicable until a consumer is wired and reviewed	gra/src/game/civ-matrix.ts:41-60,71-101 (loader/accessor only); no gameplay call-site found	false
harappa	Harappa	1	spec_Uderzenie	jednostka_spec	absolut	units.json+combat.ts	stat_abs	44.8	0	true	CURRENT_RUNTIME_DATA	NON_DEFAULT_OVERRIDE	CURRENT_RUNTIME_DATA	gra/data/civ-matrix.json#/cywilizacje[typCywilizacji=harappa]/params/spec_Uderzenie	RESERVE_DRAFT_UNRESOLVED	docs/decyzje/D-cyw-roster-6-REZERWA.md; Civ-CYWILIZACJE/draft/roster-6-REZERWA.json	DEAD_UNWIRED		44.8		NOT_ACTIVE	not computed by current consumer; retain raw Normal data	not applicable until a consumer is wired and reviewed	gra/src/game/civ-matrix.ts:41-60,71-101 (loader/accessor only); no gameplay call-site found	false
harappa	Harappa	1	spec_Pancerz	jednostka_spec	absolut	units.json+combat.ts	stat_abs	61.6	0	true	CURRENT_RUNTIME_DATA	NON_DEFAULT_OVERRIDE	CURRENT_RUNTIME_DATA	gra/data/civ-matrix.json#/cywilizacje[typCywilizacji=harappa]/params/spec_Pancerz	RESERVE_DRAFT_UNRESOLVED	docs/decyzje/D-cyw-roster-6-REZERWA.md; Civ-CYWILIZACJE/draft/roster-6-REZERWA.json	DEAD_UNWIRED		61.6		NOT_ACTIVE	not computed by current consumer; retain raw Normal data	not applicable until a consumer is wired and reviewed	gra/src/game/civ-matrix.ts:41-60,71-101 (loader/accessor only); no gameplay call-site found	false
harappa	Harappa	1	spec_Przebicie	jednostka_spec	absolut	units.json+combat.ts	stat_abs	22.4	0	true	CURRENT_RUNTIME_DATA	NON_DEFAULT_OVERRIDE	CURRENT_RUNTIME_DATA	gra/data/civ-matrix.json#/cywilizacje[typCywilizacji=harappa]/params/spec_Przebicie	RESERVE_DRAFT_UNRESOLVED	docs/decyzje/D-cyw-roster-6-REZERWA.md; Civ-CYWILIZACJE/draft/roster-6-REZERWA.json	DEAD_UNWIRED		22.4		NOT_ACTIVE	not computed by current consumer; retain raw Normal data	not applicable until a consumer is wired and reviewed	gra/src/game/civ-matrix.ts:41-60,71-101 (loader/accessor only); no gameplay call-site found	false
harappa	Harappa	1	spec_Health	jednostka_spec	absolut	units.json+combat.ts	stat_abs	72.8	0	true	CURRENT_RUNTIME_DATA	NON_DEFAULT_OVERRIDE	CURRENT_RUNTIME_DATA	gra/data/civ-matrix.json#/cywilizacje[typCywilizacji=harappa]/params/spec_Health	RESERVE_DRAFT_UNRESOLVED	docs/decyzje/D-cyw-roster-6-REZERWA.md; Civ-CYWILIZACJE/draft/roster-6-REZERWA.json	DEAD_UNWIRED		72.8		NOT_ACTIVE	not computed by current consumer; retain raw Normal data	not applicable until a consumer is wired and reviewed	gra/src/game/civ-matrix.ts:41-60,71-101 (loader/accessor only); no gameplay call-site found	false
harappa	Harappa	1	spec_Atak_dystansowy	jednostka_spec	absolut	units.json+combat.ts	stat_abs	0	0	false	CURRENT_RUNTIME_DATA	DEFAULT_VALUE	CURRENT_RUNTIME_DEFAULT	gra/data/civ-matrix.json#/cywilizacje[typCywilizacji=harappa]/params/spec_Atak_dystansowy	RESERVE_DRAFT_UNRESOLVED	docs/decyzje/D-cyw-roster-6-REZERWA.md; Civ-CYWILIZACJE/draft/roster-6-REZERWA.json	DEAD_UNWIRED		0		NOT_ACTIVE	not computed by current consumer; retain raw Normal data	not applicable until a consumer is wired and reviewed	gra/src/game/civ-matrix.ts:41-60,71-101 (loader/accessor only); no gameplay call-site found	false
harappa	Harappa	1	spec_Zasieg_hex	jednostka_spec	absolut	units.json+combat.ts	stat_abs	0	0	false	CURRENT_RUNTIME_DATA	DEFAULT_VALUE	CURRENT_RUNTIME_DEFAULT	gra/data/civ-matrix.json#/cywilizacje[typCywilizacji=harappa]/params/spec_Zasieg_hex	RESERVE_DRAFT_UNRESOLVED	docs/decyzje/D-cyw-roster-6-REZERWA.md; Civ-CYWILIZACJE/draft/roster-6-REZERWA.json	DEAD_UNWIRED		0		NOT_ACTIVE	not computed by current consumer; retain raw Normal data	not applicable until a consumer is wired and reviewed	gra/src/game/civ-matrix.ts:41-60,71-101 (loader/accessor only); no gameplay call-site found	false
harappa	Harappa	1	spec_Pociski	jednostka_spec	absolut	units.json+combat.ts	stat_abs	0	0	false	CURRENT_RUNTIME_DATA	DEFAULT_VALUE	CURRENT_RUNTIME_DEFAULT	gra/data/civ-matrix.json#/cywilizacje[typCywilizacji=harappa]/params/spec_Pociski	RESERVE_DRAFT_UNRESOLVED	docs/decyzje/D-cyw-roster-6-REZERWA.md; Civ-CYWILIZACJE/draft/roster-6-REZERWA.json	DEAD_UNWIRED		0		NOT_ACTIVE	not computed by current consumer; retain raw Normal data	not applicable until a consumer is wired and reviewed	gra/src/game/civ-matrix.ts:41-60,71-101 (loader/accessor only); no gameplay call-site found	false
harappa	Harappa	1	spec_Ruch_bitwa	jednostka_spec	absolut	units.json+combat.ts	stat_abs	3	0	true	CURRENT_RUNTIME_DATA	NON_DEFAULT_OVERRIDE	CURRENT_RUNTIME_DATA	gra/data/civ-matrix.json#/cywilizacje[typCywilizacji=harappa]/params/spec_Ruch_bitwa	RESERVE_DRAFT_UNRESOLVED	docs/decyzje/D-cyw-roster-6-REZERWA.md; Civ-CYWILIZACJE/draft/roster-6-REZERWA.json	DEAD_UNWIRED		3		NOT_ACTIVE	not computed by current consumer; retain raw Normal data	not applicable until a consumer is wired and reviewed	gra/src/game/civ-matrix.ts:41-60,71-101 (loader/accessor only); no gameplay call-site found	false
harappa	Harappa	1	spec_Ruch_mapa	jednostka_spec	absolut	units.json+combat.ts	stat_abs	2	0	true	CURRENT_RUNTIME_DATA	NON_DEFAULT_OVERRIDE	CURRENT_RUNTIME_DATA	gra/data/civ-matrix.json#/cywilizacje[typCywilizacji=harappa]/params/spec_Ruch_mapa	RESERVE_DRAFT_UNRESOLVED	docs/decyzje/D-cyw-roster-6-REZERWA.md; Civ-CYWILIZACJE/draft/roster-6-REZERWA.json	DEAD_UNWIRED		2		NOT_ACTIVE	not computed by current consumer; retain raw Normal data	not applicable until a consumer is wired and reviewed	gra/src/game/civ-matrix.ts:41-60,71-101 (loader/accessor only); no gameplay call-site found	false
harappa	Harappa	1	spec_Widok	jednostka_spec	absolut	units.json+combat.ts	stat_abs	2	0	true	CURRENT_RUNTIME_DATA	NON_DEFAULT_OVERRIDE	CURRENT_RUNTIME_DATA	gra/data/civ-matrix.json#/cywilizacje[typCywilizacji=harappa]/params/spec_Widok	RESERVE_DRAFT_UNRESOLVED	docs/decyzje/D-cyw-roster-6-REZERWA.md; Civ-CYWILIZACJE/draft/roster-6-REZERWA.json	DEAD_UNWIRED		2		NOT_ACTIVE	not computed by current consumer; retain raw Normal data	not applicable until a consumer is wired and reviewed	gra/src/game/civ-matrix.ts:41-60,71-101 (loader/accessor only); no gameplay call-site found	false
harappa	Harappa	1	spec_Dezercja_proc	jednostka_spec	absolut	units.json+combat.ts	stat_abs	0.3	0	true	CURRENT_RUNTIME_DATA	NON_DEFAULT_OVERRIDE	CURRENT_RUNTIME_DATA	gra/data/civ-matrix.json#/cywilizacje[typCywilizacji=harappa]/params/spec_Dezercja_proc	RESERVE_DRAFT_UNRESOLVED	docs/decyzje/D-cyw-roster-6-REZERWA.md; Civ-CYWILIZACJE/draft/roster-6-REZERWA.json	DEAD_UNWIRED		0.3		NOT_ACTIVE	not computed by current consumer; retain raw Normal data	not applicable until a consumer is wired and reviewed	gra/src/game/civ-matrix.ts:41-60,71-101 (loader/accessor only); no gameplay call-site found	false
harappa	Harappa	1	spec_Morale	jednostka_spec	absolut	units.json+combat.ts	stat_abs	65	0	true	CURRENT_RUNTIME_DATA	NON_DEFAULT_OVERRIDE	CURRENT_RUNTIME_DATA	gra/data/civ-matrix.json#/cywilizacje[typCywilizacji=harappa]/params/spec_Morale	RESERVE_DRAFT_UNRESOLVED	docs/decyzje/D-cyw-roster-6-REZERWA.md; Civ-CYWILIZACJE/draft/roster-6-REZERWA.json	DEAD_UNWIRED		65		NOT_ACTIVE	not computed by current consumer; retain raw Normal data	not applicable until a consumer is wired and reviewed	gra/src/game/civ-matrix.ts:41-60,71-101 (loader/accessor only); no gameplay call-site found	false
harappa	Harappa	1	spec_Koszt_pieniadz	jednostka_spec	absolut	units.json+combat.ts	stat_abs	16	0	true	CURRENT_RUNTIME_DATA	NON_DEFAULT_OVERRIDE	CURRENT_RUNTIME_DATA	gra/data/civ-matrix.json#/cywilizacje[typCywilizacji=harappa]/params/spec_Koszt_pieniadz	RESERVE_DRAFT_UNRESOLVED	docs/decyzje/D-cyw-roster-6-REZERWA.md; Civ-CYWILIZACJE/draft/roster-6-REZERWA.json	DEAD_UNWIRED		16		NOT_ACTIVE	not computed by current consumer; retain raw Normal data	not applicable until a consumer is wired and reviewed	gra/src/game/civ-matrix.ts:41-60,71-101 (loader/accessor only); no gameplay call-site found	false
harappa	Harappa	1	spec_Utrzymanie	jednostka_spec	absolut	units.json+combat.ts	stat_abs	2	0	true	CURRENT_RUNTIME_DATA	NON_DEFAULT_OVERRIDE	CURRENT_RUNTIME_DATA	gra/data/civ-matrix.json#/cywilizacje[typCywilizacji=harappa]/params/spec_Utrzymanie	RESERVE_DRAFT_UNRESOLVED	docs/decyzje/D-cyw-roster-6-REZERWA.md; Civ-CYWILIZACJE/draft/roster-6-REZERWA.json	DEAD_UNWIRED		2		NOT_ACTIVE	not computed by current consumer; retain raw Normal data	not applicable until a consumer is wired and reviewed	gra/src/game/civ-matrix.ts:41-60,71-101 (loader/accessor only); no gameplay call-site found	false
harappa	Harappa	1	spec_Zywnosc_ture	jednostka_spec	absolut	units.json+combat.ts	stat_abs	1	0	true	CURRENT_RUNTIME_DATA	NON_DEFAULT_OVERRIDE	CURRENT_RUNTIME_DATA	gra/data/civ-matrix.json#/cywilizacje[typCywilizacji=harappa]/params/spec_Zywnosc_ture	RESERVE_DRAFT_UNRESOLVED	docs/decyzje/D-cyw-roster-6-REZERWA.md; Civ-CYWILIZACJE/draft/roster-6-REZERWA.json	DEAD_UNWIRED		1		NOT_ACTIVE	not computed by current consumer; retain raw Normal data	not applicable until a consumer is wired and reviewed	gra/src/game/civ-matrix.ts:41-60,71-101 (loader/accessor only); no gameplay call-site found	false
harappa	Harappa	1	eko_praca_proc	ekonomia	ulamek	economy.ts	mul_proc	0.04	0	true	CURRENT_RUNTIME_DATA	NON_DEFAULT_OVERRIDE	CURRENT_RUNTIME_DATA	gra/data/civ-matrix.json#/cywilizacje[typCywilizacji=harappa]/params/eko_praca_proc	RESERVE_DRAFT_UNRESOLVED	docs/decyzje/D-cyw-roster-6-REZERWA.md; Civ-CYWILIZACJE/draft/roster-6-REZERWA.json	DEAD_UNWIRED		0.04		NOT_ACTIVE	not computed by current consumer; retain raw Normal data	not applicable until a consumer is wired and reviewed	gra/src/game/civ-matrix.ts:41-60,71-101 (loader/accessor only); no gameplay call-site found	false
harappa	Harappa	1	eko_pieniadz_proc	ekonomia	ulamek	economy.ts	mul_proc	0.15	0	true	CURRENT_RUNTIME_DATA	NON_DEFAULT_OVERRIDE	CURRENT_RUNTIME_DATA	gra/data/civ-matrix.json#/cywilizacje[typCywilizacji=harappa]/params/eko_pieniadz_proc	RESERVE_DRAFT_UNRESOLVED	docs/decyzje/D-cyw-roster-6-REZERWA.md; Civ-CYWILIZACJE/draft/roster-6-REZERWA.json	DEAD_UNWIRED		0.15		NOT_ACTIVE	not computed by current consumer; retain raw Normal data	not applicable until a consumer is wired and reviewed	gra/src/game/civ-matrix.ts:41-60,71-101 (loader/accessor only); no gameplay call-site found	false
harappa	Harappa	1	eko_pieniadz_port_proc	ekonomia	ulamek	economy.ts	mul_proc	0	0	false	CURRENT_RUNTIME_DATA	DEFAULT_VALUE	CURRENT_RUNTIME_DEFAULT	gra/data/civ-matrix.json#/cywilizacje[typCywilizacji=harappa]/params/eko_pieniadz_port_proc	RESERVE_DRAFT_UNRESOLVED	docs/decyzje/D-cyw-roster-6-REZERWA.md; Civ-CYWILIZACJE/draft/roster-6-REZERWA.json	DEAD_UNWIRED		0		NOT_ACTIVE	not computed by current consumer; retain raw Normal data	not applicable until a consumer is wired and reviewed	gra/src/game/civ-matrix.ts:41-60,71-101 (loader/accessor only); no gameplay call-site found	false
harappa	Harappa	1	eko_zywnosc_proc	ekonomia	ulamek	economy.ts	mul_proc	0	0	false	CURRENT_RUNTIME_DATA	DEFAULT_VALUE	CURRENT_RUNTIME_DEFAULT	gra/data/civ-matrix.json#/cywilizacje[typCywilizacji=harappa]/params/eko_zywnosc_proc	RESERVE_DRAFT_UNRESOLVED	docs/decyzje/D-cyw-roster-6-REZERWA.md; Civ-CYWILIZACJE/draft/roster-6-REZERWA.json	UNWIRED		0		NOT_ACTIVE	not computed by current consumer; retain raw Normal data	not applicable until a consumer is wired and reviewed	gra/src/game/civ-matrix.ts:41-60,71-101 (loader/accessor only); no gameplay call-site found	false
harappa	Harappa	1	eko_nauka_proc	ekonomia	ulamek	economy.ts	mul_proc	0	0	false	CURRENT_RUNTIME_DATA	DEFAULT_VALUE	CURRENT_RUNTIME_DEFAULT	gra/data/civ-matrix.json#/cywilizacje[typCywilizacji=harappa]/params/eko_nauka_proc	RESERVE_DRAFT_UNRESOLVED	docs/decyzje/D-cyw-roster-6-REZERWA.md; Civ-CYWILIZACJE/draft/roster-6-REZERWA.json	DEAD_UNWIRED		0		NOT_ACTIVE	not computed by current consumer; retain raw Normal data	not applicable until a consumer is wired and reviewed	gra/src/game/civ-matrix.ts:41-60,71-101 (loader/accessor only); no gameplay call-site found	false
harappa	Harappa	1	eko_kultura_proc	ekonomia	ulamek	economy.ts	mul_proc	0	0	false	CURRENT_RUNTIME_DATA	DEFAULT_VALUE	CURRENT_RUNTIME_DEFAULT	gra/data/civ-matrix.json#/cywilizacje[typCywilizacji=harappa]/params/eko_kultura_proc	RESERVE_DRAFT_UNRESOLVED	docs/decyzje/D-cyw-roster-6-REZERWA.md; Civ-CYWILIZACJE/draft/roster-6-REZERWA.json	UNWIRED		0		NOT_ACTIVE	not computed by current consumer; retain raw Normal data	not applicable until a consumer is wired and reviewed	gra/src/game/civ-matrix.ts:41-60,71-101 (loader/accessor only); no gameplay call-site found	false
harappa	Harappa	1	eko_luksus_proc	ekonomia	ulamek	economy.ts	mul_proc	0	0	false	CURRENT_RUNTIME_DATA	DEFAULT_VALUE	CURRENT_RUNTIME_DEFAULT	gra/data/civ-matrix.json#/cywilizacje[typCywilizacji=harappa]/params/eko_luksus_proc	RESERVE_DRAFT_UNRESOLVED	docs/decyzje/D-cyw-roster-6-REZERWA.md; Civ-CYWILIZACJE/draft/roster-6-REZERWA.json	UNWIRED		0		NOT_ACTIVE	not computed by current consumer; retain raw Normal data	not applicable until a consumer is wired and reviewed	gra/src/game/civ-matrix.ts:41-60,71-101 (loader/accessor only); no gameplay call-site found	false
harappa	Harappa	1	eko_zadowolenie_proc	ekonomia	ulamek	economy.ts	mul_proc	0	0	false	CURRENT_RUNTIME_DATA	DEFAULT_VALUE	CURRENT_RUNTIME_DEFAULT	gra/data/civ-matrix.json#/cywilizacje[typCywilizacji=harappa]/params/eko_zadowolenie_proc	RESERVE_DRAFT_UNRESOLVED	docs/decyzje/D-cyw-roster-6-REZERWA.md; Civ-CYWILIZACJE/draft/roster-6-REZERWA.json	UNWIRED		0		NOT_ACTIVE	not computed by current consumer; retain raw Normal data	not applicable until a consumer is wired and reviewed	gra/src/game/civ-matrix.ts:41-60,71-101 (loader/accessor only); no gameplay call-site found	false
harappa	Harappa	1	eko_handel_brutto_proc	ekonomia	ulamek	economy.ts	mul_proc	0.15	0	true	CURRENT_RUNTIME_DATA	NON_DEFAULT_OVERRIDE	CURRENT_RUNTIME_DATA	gra/data/civ-matrix.json#/cywilizacje[typCywilizacji=harappa]/params/eko_handel_brutto_proc	RESERVE_DRAFT_UNRESOLVED	docs/decyzje/D-cyw-roster-6-REZERWA.md; Civ-CYWILIZACJE/draft/roster-6-REZERWA.json	DEAD_UNWIRED		0.15		NOT_ACTIVE	not computed by current consumer; retain raw Normal data	not applicable until a consumer is wired and reviewed	gra/src/game/civ-matrix.ts:41-60,71-101 (loader/accessor only); no gameplay call-site found	false
harappa	Harappa	1	eko_korupcja_proc	ekonomia	ulamek	economy.ts	mul_proc	0	0	false	CURRENT_RUNTIME_DATA	DEFAULT_VALUE	CURRENT_RUNTIME_DEFAULT	gra/data/civ-matrix.json#/cywilizacje[typCywilizacji=harappa]/params/eko_korupcja_proc	RESERVE_DRAFT_UNRESOLVED	docs/decyzje/D-cyw-roster-6-REZERWA.md; Civ-CYWILIZACJE/draft/roster-6-REZERWA.json	UNWIRED		0		NOT_ACTIVE	not computed by current consumer; retain raw Normal data	not applicable until a consumer is wired and reviewed	gra/src/game/civ-matrix.ts:41-60,71-101 (loader/accessor only); no gameplay call-site found	false
harappa	Harappa	1	prod_koszt_budynku_proc	produkcja	ulamek	civ-bonuses.ts	mul_proc	0	0	false	CURRENT_RUNTIME_DATA	DEFAULT_VALUE	CURRENT_RUNTIME_DEFAULT	gra/data/civ-matrix.json#/cywilizacje[typCywilizacji=harappa]/params/prod_koszt_budynku_proc	RESERVE_DRAFT_UNRESOLVED	docs/decyzje/D-cyw-roster-6-REZERWA.md; Civ-CYWILIZACJE/draft/roster-6-REZERWA.json	DEAD_UNWIRED		0		NOT_ACTIVE	not computed by current consumer; retain raw Normal data	not applicable until a consumer is wired and reviewed	gra/src/game/civ-matrix.ts:41-60,71-101 (loader/accessor only); no gameplay call-site found	false
harappa	Harappa	1	prod_koszt_jednostki_proc	produkcja	ulamek	production.ts	mul_proc	0	0	false	CURRENT_RUNTIME_DATA	DEFAULT_VALUE	CURRENT_RUNTIME_DEFAULT	gra/data/civ-matrix.json#/cywilizacje[typCywilizacji=harappa]/params/prod_koszt_jednostki_proc	RESERVE_DRAFT_UNRESOLVED	docs/decyzje/D-cyw-roster-6-REZERWA.md; Civ-CYWILIZACJE/draft/roster-6-REZERWA.json	DEAD_UNWIRED		0		NOT_ACTIVE	not computed by current consumer; retain raw Normal data	not applicable until a consumer is wired and reviewed	gra/src/game/civ-matrix.ts:41-60,71-101 (loader/accessor only); no gameplay call-site found	false
harappa	Harappa	1	prod_szybkosc_budynku_proc	produkcja	ulamek	production.ts	mul_proc	0	0	false	CURRENT_RUNTIME_DATA	DEFAULT_VALUE	CURRENT_RUNTIME_DEFAULT	gra/data/civ-matrix.json#/cywilizacje[typCywilizacji=harappa]/params/prod_szybkosc_budynku_proc	RESERVE_DRAFT_UNRESOLVED	docs/decyzje/D-cyw-roster-6-REZERWA.md; Civ-CYWILIZACJE/draft/roster-6-REZERWA.json	UNWIRED		0		NOT_ACTIVE	not computed by current consumer; retain raw Normal data	not applicable until a consumer is wired and reviewed	gra/src/game/civ-matrix.ts:41-60,71-101 (loader/accessor only); no gameplay call-site found	false
harappa	Harappa	1	prod_szybkosc_jednostki_proc	produkcja	ulamek	production.ts	mul_proc	0	0	false	CURRENT_RUNTIME_DATA	DEFAULT_VALUE	CURRENT_RUNTIME_DEFAULT	gra/data/civ-matrix.json#/cywilizacje[typCywilizacji=harappa]/params/prod_szybkosc_jednostki_proc	RESERVE_DRAFT_UNRESOLVED	docs/decyzje/D-cyw-roster-6-REZERWA.md; Civ-CYWILIZACJE/draft/roster-6-REZERWA.json	UNWIRED		0		NOT_ACTIVE	not computed by current consumer; retain raw Normal data	not applicable until a consumer is wired and reviewed	gra/src/game/civ-matrix.ts:41-60,71-101 (loader/accessor only); no gameplay call-site found	false
harappa	Harappa	1	prod_rush_koszt_proc	produkcja	ulamek	production.ts	mul_proc	0	0	false	CURRENT_RUNTIME_DATA	DEFAULT_VALUE	CURRENT_RUNTIME_DEFAULT	gra/data/civ-matrix.json#/cywilizacje[typCywilizacji=harappa]/params/prod_rush_koszt_proc	RESERVE_DRAFT_UNRESOLVED	docs/decyzje/D-cyw-roster-6-REZERWA.md; Civ-CYWILIZACJE/draft/roster-6-REZERWA.json	UNWIRED		0		NOT_ACTIVE	not computed by current consumer; retain raw Normal data	not applicable until a consumer is wired and reviewed	gra/src/game/civ-matrix.ts:41-60,71-101 (loader/accessor only); no gameplay call-site found	false
harappa	Harappa	1	lud_wzrost_proc	ludnosc	ulamek	economy.ts	mul_proc	0	0	false	CURRENT_RUNTIME_DATA	DEFAULT_VALUE	CURRENT_RUNTIME_DEFAULT	gra/data/civ-matrix.json#/cywilizacje[typCywilizacji=harappa]/params/lud_wzrost_proc	RESERVE_DRAFT_UNRESOLVED	docs/decyzje/D-cyw-roster-6-REZERWA.md; Civ-CYWILIZACJE/draft/roster-6-REZERWA.json	REAL_GAMEPLAY	0.0	0	0.0	GROWTH_DIFFICULTY_MULT	easy=raw*0.5; normal=raw; hard=raw*1.5; contribution rounded to percent	wyżej = szybszy wzrost i silniejszy AI; Hard ×1.5, Easy ×0.5	gra/src/game/population-growth-v85.ts:84-90,230-232	false
harappa	Harappa	1	lud_spadek_proc	ludnosc	ulamek	economy.ts	mul_proc	0	0	false	CURRENT_RUNTIME_DATA	DEFAULT_VALUE	CURRENT_RUNTIME_DEFAULT	gra/data/civ-matrix.json#/cywilizacje[typCywilizacji=harappa]/params/lud_spadek_proc	RESERVE_DRAFT_UNRESOLVED	docs/decyzje/D-cyw-roster-6-REZERWA.md; Civ-CYWILIZACJE/draft/roster-6-REZERWA.json	UNWIRED		0		NOT_ACTIVE	not computed by current consumer; retain raw Normal data	not applicable until a consumer is wired and reviewed	gra/src/game/civ-matrix.ts:41-60,71-101 (loader/accessor only); no gameplay call-site found	false
harappa	Harappa	1	lud_zdrowie_proc	ludnosc	ulamek	turn-economy.ts	mul_proc	0	0	false	CURRENT_RUNTIME_DATA	DEFAULT_VALUE	CURRENT_RUNTIME_DEFAULT	gra/data/civ-matrix.json#/cywilizacje[typCywilizacji=harappa]/params/lud_zdrowie_proc	RESERVE_DRAFT_UNRESOLVED	docs/decyzje/D-cyw-roster-6-REZERWA.md; Civ-CYWILIZACJE/draft/roster-6-REZERWA.json	UNWIRED		0		NOT_ACTIVE	not computed by current consumer; retain raw Normal data	not applicable until a consumer is wired and reviewed	gra/src/game/civ-matrix.ts:41-60,71-101 (loader/accessor only); no gameplay call-site found	false
harappa	Harappa	1	lud_zadowolenie_bazowe	ludnosc	absolut	culture-religion.ts	add	0	0	false	CURRENT_RUNTIME_DATA	DEFAULT_VALUE	CURRENT_RUNTIME_DEFAULT	gra/data/civ-matrix.json#/cywilizacje[typCywilizacji=harappa]/params/lud_zadowolenie_bazowe	RESERVE_DRAFT_UNRESOLVED	docs/decyzje/D-cyw-roster-6-REZERWA.md; Civ-CYWILIZACJE/draft/roster-6-REZERWA.json	UNWIRED		0		NOT_ACTIVE	not computed by current consumer; retain raw Normal data	not applicable until a consumer is wired and reviewed	gra/src/game/civ-matrix.ts:41-60,71-101 (loader/accessor only); no gameplay call-site found	false
harappa	Harappa	1	lud_limit_populacji	ludnosc	absolut	cities.ts	add	10	10	false	CURRENT_RUNTIME_DATA	DEFAULT_VALUE	CURRENT_RUNTIME_DEFAULT	gra/data/civ-matrix.json#/cywilizacje[typCywilizacji=harappa]/params/lud_limit_populacji	RESERVE_DRAFT_UNRESOLVED	docs/decyzje/D-cyw-roster-6-REZERWA.md; Civ-CYWILIZACJE/draft/roster-6-REZERWA.json	UNWIRED		10		NOT_ACTIVE	not computed by current consumer; retain raw Normal data	not applicable until a consumer is wired and reviewed	gra/src/game/civ-matrix.ts:41-60,71-101 (loader/accessor only); no gameplay call-site found	false
harappa	Harappa	1	mp_regen_proc	manpower	ulamek	manpower.ts	mul_proc	0	0	false	CURRENT_RUNTIME_DATA	DEFAULT_VALUE	CURRENT_RUNTIME_DEFAULT	gra/data/civ-matrix.json#/cywilizacje[typCywilizacji=harappa]/params/mp_regen_proc	RESERVE_DRAFT_UNRESOLVED	docs/decyzje/D-cyw-roster-6-REZERWA.md; Civ-CYWILIZACJE/draft/roster-6-REZERWA.json	DEAD_UNWIRED		0		NOT_ACTIVE	not computed by current consumer; retain raw Normal data	not applicable until a consumer is wired and reviewed	gra/src/game/civ-matrix.ts:41-60,71-101 (loader/accessor only); no gameplay call-site found	false
harappa	Harappa	1	mp_max_proc	manpower	ulamek	manpower.ts	mul_proc	0	0	false	CURRENT_RUNTIME_DATA	DEFAULT_VALUE	CURRENT_RUNTIME_DEFAULT	gra/data/civ-matrix.json#/cywilizacje[typCywilizacji=harappa]/params/mp_max_proc	RESERVE_DRAFT_UNRESOLVED	docs/decyzje/D-cyw-roster-6-REZERWA.md; Civ-CYWILIZACJE/draft/roster-6-REZERWA.json	UNWIRED		0		NOT_ACTIVE	not computed by current consumer; retain raw Normal data	not applicable until a consumer is wired and reviewed	gra/src/game/civ-matrix.ts:41-60,71-101 (loader/accessor only); no gameplay call-site found	false
harappa	Harappa	1	mp_koszt_jednostki_proc	manpower	ulamek	manpower.ts	mul_proc	0	0	false	CURRENT_RUNTIME_DATA	DEFAULT_VALUE	CURRENT_RUNTIME_DEFAULT	gra/data/civ-matrix.json#/cywilizacje[typCywilizacji=harappa]/params/mp_koszt_jednostki_proc	RESERVE_DRAFT_UNRESOLVED	docs/decyzje/D-cyw-roster-6-REZERWA.md; Civ-CYWILIZACJE/draft/roster-6-REZERWA.json	UNWIRED		0		NOT_ACTIVE	not computed by current consumer; retain raw Normal data	not applicable until a consumer is wired and reviewed	gra/src/game/civ-matrix.ts:41-60,71-101 (loader/accessor only); no gameplay call-site found	false
harappa	Harappa	1	wealth_cap_proc	spoleczenstwo	ulamek	wealth.ts	mul_proc	0	0	false	CURRENT_RUNTIME_DATA	DEFAULT_VALUE	CURRENT_RUNTIME_DEFAULT	gra/data/civ-matrix.json#/cywilizacje[typCywilizacji=harappa]/params/wealth_cap_proc	RESERVE_DRAFT_UNRESOLVED	docs/decyzje/D-cyw-roster-6-REZERWA.md; Civ-CYWILIZACJE/draft/roster-6-REZERWA.json	UNWIRED		0		NOT_ACTIVE	not computed by current consumer; retain raw Normal data	not applicable until a consumer is wired and reviewed	gra/src/game/civ-matrix.ts:41-60,71-101 (loader/accessor only); no gameplay call-site found	false
harappa	Harappa	1	wealth_mnoznik_proc	spoleczenstwo	ulamek	wealth.ts	mul_proc	0	0	false	CURRENT_RUNTIME_DATA	DEFAULT_VALUE	CURRENT_RUNTIME_DEFAULT	gra/data/civ-matrix.json#/cywilizacje[typCywilizacji=harappa]/params/wealth_mnoznik_proc	RESERVE_DRAFT_UNRESOLVED	docs/decyzje/D-cyw-roster-6-REZERWA.md; Civ-CYWILIZACJE/draft/roster-6-REZERWA.json	UNWIRED		0		NOT_ACTIVE	not computed by current consumer; retain raw Normal data	not applicable until a consumer is wired and reviewed	gra/src/game/civ-matrix.ts:41-60,71-101 (loader/accessor only); no gameplay call-site found	false
harappa	Harappa	1	kultura_naplyw_proc	spoleczenstwo	ulamek	culture-religion.ts	mul_proc	0	0	false	CURRENT_RUNTIME_DATA	DEFAULT_VALUE	CURRENT_RUNTIME_DEFAULT	gra/data/civ-matrix.json#/cywilizacje[typCywilizacji=harappa]/params/kultura_naplyw_proc	RESERVE_DRAFT_UNRESOLVED	docs/decyzje/D-cyw-roster-6-REZERWA.md; Civ-CYWILIZACJE/draft/roster-6-REZERWA.json	UNWIRED		0		NOT_ACTIVE	not computed by current consumer; retain raw Normal data	not applicable until a consumer is wired and reviewed	gra/src/game/civ-matrix.ts:41-60,71-101 (loader/accessor only); no gameplay call-site found	false
harappa	Harappa	1	religia_spread_proc	spoleczenstwo	ulamek	culture-religion.ts	mul_proc	0	0	false	CURRENT_RUNTIME_DATA	DEFAULT_VALUE	CURRENT_RUNTIME_DEFAULT	gra/data/civ-matrix.json#/cywilizacje[typCywilizacji=harappa]/params/religia_spread_proc	RESERVE_DRAFT_UNRESOLVED	docs/decyzje/D-cyw-roster-6-REZERWA.md; Civ-CYWILIZACJE/draft/roster-6-REZERWA.json	UNWIRED		0		NOT_ACTIVE	not computed by current consumer; retain raw Normal data	not applicable until a consumer is wired and reviewed	gra/src/game/civ-matrix.ts:41-60,71-101 (loader/accessor only); no gameplay call-site found	false
harappa	Harappa	1	porzadek_produkcja_proc	spoleczenstwo	ulamek	order.ts	mul_proc	0	0	false	CURRENT_RUNTIME_DATA	DEFAULT_VALUE	CURRENT_RUNTIME_DEFAULT	gra/data/civ-matrix.json#/cywilizacje[typCywilizacji=harappa]/params/porzadek_produkcja_proc	RESERVE_DRAFT_UNRESOLVED	docs/decyzje/D-cyw-roster-6-REZERWA.md; Civ-CYWILIZACJE/draft/roster-6-REZERWA.json	UNWIRED		0		NOT_ACTIVE	not computed by current consumer; retain raw Normal data	not applicable until a consumer is wired and reviewed	gra/src/game/civ-matrix.ts:41-60,71-101 (loader/accessor only); no gameplay call-site found	false
harappa	Harappa	1	porzadek_pieniadz_proc	spoleczenstwo	ulamek	order.ts	mul_proc	0	0	false	CURRENT_RUNTIME_DATA	DEFAULT_VALUE	CURRENT_RUNTIME_DEFAULT	gra/data/civ-matrix.json#/cywilizacje[typCywilizacji=harappa]/params/porzadek_pieniadz_proc	RESERVE_DRAFT_UNRESOLVED	docs/decyzje/D-cyw-roster-6-REZERWA.md; Civ-CYWILIZACJE/draft/roster-6-REZERWA.json	UNWIRED		0		NOT_ACTIVE	not computed by current consumer; retain raw Normal data	not applicable until a consumer is wired and reviewed	gra/src/game/civ-matrix.ts:41-60,71-101 (loader/accessor only); no gameplay call-site found	false
harappa	Harappa	1	porzadek_nauka_proc	spoleczenstwo	ulamek	order.ts	mul_proc	0	0	false	CURRENT_RUNTIME_DATA	DEFAULT_VALUE	CURRENT_RUNTIME_DEFAULT	gra/data/civ-matrix.json#/cywilizacje[typCywilizacji=harappa]/params/porzadek_nauka_proc	RESERVE_DRAFT_UNRESOLVED	docs/decyzje/D-cyw-roster-6-REZERWA.md; Civ-CYWILIZACJE/draft/roster-6-REZERWA.json	UNWIRED		0		NOT_ACTIVE	not computed by current consumer; retain raw Normal data	not applicable until a consumer is wired and reviewed	gra/src/game/civ-matrix.ts:41-60,71-101 (loader/accessor only); no gameplay call-site found	false
harappa	Harappa	1	porzadek_kultura_proc	spoleczenstwo	ulamek	order.ts	mul_proc	0	0	false	CURRENT_RUNTIME_DATA	DEFAULT_VALUE	CURRENT_RUNTIME_DEFAULT	gra/data/civ-matrix.json#/cywilizacje[typCywilizacji=harappa]/params/porzadek_kultura_proc	RESERVE_DRAFT_UNRESOLVED	docs/decyzje/D-cyw-roster-6-REZERWA.md; Civ-CYWILIZACJE/draft/roster-6-REZERWA.json	UNWIRED		0		NOT_ACTIVE	not computed by current consumer; retain raw Normal data	not applicable until a consumer is wired and reviewed	gra/src/game/civ-matrix.ts:41-60,71-101 (loader/accessor only); no gameplay call-site found	false
harappa	Harappa	1	porzadek_wzrost_proc	spoleczenstwo	ulamek	order.ts	mul_proc	0	0	false	CURRENT_RUNTIME_DATA	DEFAULT_VALUE	CURRENT_RUNTIME_DEFAULT	gra/data/civ-matrix.json#/cywilizacje[typCywilizacji=harappa]/params/porzadek_wzrost_proc	RESERVE_DRAFT_UNRESOLVED	docs/decyzje/D-cyw-roster-6-REZERWA.md; Civ-CYWILIZACJE/draft/roster-6-REZERWA.json	UNWIRED		0		NOT_ACTIVE	not computed by current consumer; retain raw Normal data	not applicable until a consumer is wired and reviewed	gra/src/game/civ-matrix.ts:41-60,71-101 (loader/accessor only); no gameplay call-site found	false
harappa	Harappa	1	obl_obrona_miasta_proc	obleczenie	ulamek	siege.ts	mul_proc	0	0	false	CURRENT_RUNTIME_DATA	DEFAULT_VALUE	CURRENT_RUNTIME_DEFAULT	gra/data/civ-matrix.json#/cywilizacje[typCywilizacji=harappa]/params/obl_obrona_miasta_proc	RESERVE_DRAFT_UNRESOLVED	docs/decyzje/D-cyw-roster-6-REZERWA.md; Civ-CYWILIZACJE/draft/roster-6-REZERWA.json	UNWIRED		0		NOT_ACTIVE	not computed by current consumer; retain raw Normal data	not applicable until a consumer is wired and reviewed	gra/src/game/civ-matrix.ts:41-60,71-101 (loader/accessor only); no gameplay call-site found	false
harappa	Harappa	1	obl_mur_proc	obleczenie	ulamek	siege.ts	mul_proc	0	0	false	CURRENT_RUNTIME_DATA	DEFAULT_VALUE	CURRENT_RUNTIME_DEFAULT	gra/data/civ-matrix.json#/cywilizacje[typCywilizacji=harappa]/params/obl_mur_proc	RESERVE_DRAFT_UNRESOLVED	docs/decyzje/D-cyw-roster-6-REZERWA.md; Civ-CYWILIZACJE/draft/roster-6-REZERWA.json	UNWIRED		0		NOT_ACTIVE	not computed by current consumer; retain raw Normal data	not applicable until a consumer is wired and reviewed	gra/src/game/civ-matrix.ts:41-60,71-101 (loader/accessor only); no gameplay call-site found	false
harappa	Harappa	1	obl_machines_proc	obleczenie	ulamek	siegeMachines.ts	mul_proc	0	0	false	CURRENT_RUNTIME_DATA	DEFAULT_VALUE	CURRENT_RUNTIME_DEFAULT	gra/data/civ-matrix.json#/cywilizacje[typCywilizacji=harappa]/params/obl_machines_proc	RESERVE_DRAFT_UNRESOLVED	docs/decyzje/D-cyw-roster-6-REZERWA.md; Civ-CYWILIZACJE/draft/roster-6-REZERWA.json	UNWIRED		0		NOT_ACTIVE	not computed by current consumer; retain raw Normal data	not applicable until a consumer is wired and reviewed	gra/src/game/civ-matrix.ts:41-60,71-101 (loader/accessor only); no gameplay call-site found	false
harappa	Harappa	1	dip_sklonnosc_sojusze	dyplomacja	skala_1_10	diplomacy.ts	skala	7	5	true	CURRENT_RUNTIME_DATA	NON_DEFAULT_OVERRIDE	CURRENT_RUNTIME_DATA	gra/data/civ-matrix.json#/cywilizacje[typCywilizacji=harappa]/params/dip_sklonnosc_sojusze	RESERVE_DRAFT_UNRESOLVED	docs/decyzje/D-cyw-roster-6-REZERWA.md; Civ-CYWILIZACJE/draft/roster-6-REZERWA.json	UI_ONLY		7		DISPLAY_RAW	display reads raw value; no gameplay Easy/Normal/Hard effect	etykieta UI; brak wpływu na wynik gry	gra/src/game/diplomacy-display.ts:54-59,116-122	false
harappa	Harappa	1	dip_lojalnosc	dyplomacja	skala_1_10	diplomacy.ts	skala	6	5	true	CURRENT_RUNTIME_DATA	NON_DEFAULT_OVERRIDE	CURRENT_RUNTIME_DATA	gra/data/civ-matrix.json#/cywilizacje[typCywilizacji=harappa]/params/dip_lojalnosc	RESERVE_DRAFT_UNRESOLVED	docs/decyzje/D-cyw-roster-6-REZERWA.md; Civ-CYWILIZACJE/draft/roster-6-REZERWA.json	UI_ONLY		6		DISPLAY_RAW	display reads raw value; no gameplay Easy/Normal/Hard effect	etykieta UI; brak wpływu na wynik gry	gra/src/game/diplomacy-display.ts:64-69,116-122	false
harappa	Harappa	1	dip_prog_wojny	dyplomacja	skala_1_10	diplomacy.ts	skala	2	5	true	CURRENT_RUNTIME_DATA	NON_DEFAULT_OVERRIDE	CURRENT_RUNTIME_DATA	gra/data/civ-matrix.json#/cywilizacje[typCywilizacji=harappa]/params/dip_prog_wojny	RESERVE_DRAFT_UNRESOLVED	docs/decyzje/D-cyw-roster-6-REZERWA.md; Civ-CYWILIZACJE/draft/roster-6-REZERWA.json	UI_ONLY		2		DISPLAY_RAW	display reads raw value; no gameplay Easy/Normal/Hard effect	etykieta UI; brak wpływu na wynik gry	gra/src/game/diplomacy-display.ts:73-78,116-122	false
harappa	Harappa	1	dip_pamietliwosc	dyplomacja	skala_1_10	diplomacy.ts	skala	5	5	false	CURRENT_RUNTIME_DATA	DEFAULT_VALUE	CURRENT_RUNTIME_DEFAULT	gra/data/civ-matrix.json#/cywilizacje[typCywilizacji=harappa]/params/dip_pamietliwosc	RESERVE_DRAFT_UNRESOLVED	docs/decyzje/D-cyw-roster-6-REZERWA.md; Civ-CYWILIZACJE/draft/roster-6-REZERWA.json	UI_ONLY		5		DISPLAY_RAW	display reads raw value; no gameplay Easy/Normal/Hard effect	etykieta UI; brak wpływu na wynik gry	gra/src/game/diplomacy-display.ts:82-87,116-122	false
harappa	Harappa	1	dip_otwartosc_handel	dyplomacja	skala_1_10	diplomacy.ts	skala	8	5	true	CURRENT_RUNTIME_DATA	NON_DEFAULT_OVERRIDE	CURRENT_RUNTIME_DATA	gra/data/civ-matrix.json#/cywilizacje[typCywilizacji=harappa]/params/dip_otwartosc_handel	RESERVE_DRAFT_UNRESOLVED	docs/decyzje/D-cyw-roster-6-REZERWA.md; Civ-CYWILIZACJE/draft/roster-6-REZERWA.json	UI_ONLY		8		DISPLAY_RAW	display reads raw value; no gameplay Easy/Normal/Hard effect	etykieta UI; brak wpływu na wynik gry	gra/src/game/diplomacy-display.ts:44-49,116-122	false
harappa	Harappa	1	dip_nastawienie_bazowe	dyplomacja	absolut	diplomacy.ts	add	58	50	true	CURRENT_RUNTIME_DATA	NON_DEFAULT_OVERRIDE	CURRENT_RUNTIME_DATA	gra/data/civ-matrix.json#/cywilizacje[typCywilizacji=harappa]/params/dip_nastawienie_bazowe	RESERVE_DRAFT_UNRESOLVED	docs/decyzje/D-cyw-roster-6-REZERWA.md; Civ-CYWILIZACJE/draft/roster-6-REZERWA.json	REAL_GAMEPLAY	58	58	58	CURRENT_NEUTRAL_CALLER_OMITS_DIFFICULTY	current easy=raw; normal=raw; hard=raw; caller uses default normal	direction requires decision; no arbitrary Easy/Hard	gra/src/game/civ-ai-data.ts:205-217; gra/src/game/diplomacy.ts:1376-1380	false
harappa	Harappa	1	dip_agresja_archetyp	dyplomacja	ulamek_0_1	diplomacy.ts	mul_abs	0.25	0.5	true	CURRENT_RUNTIME_DATA	NON_DEFAULT_OVERRIDE	CURRENT_RUNTIME_DATA	gra/data/civ-matrix.json#/cywilizacje[typCywilizacji=harappa]/params/dip_agresja_archetyp	RESERVE_DRAFT_UNRESOLVED	docs/decyzje/D-cyw-roster-6-REZERWA.md; Civ-CYWILIZACJE/draft/roster-6-REZERWA.json	DEAD_UNWIRED		0.25		NOT_ACTIVE	not computed by current consumer; retain raw Normal data	not applicable until a consumer is wired and reviewed	gra/src/game/civ-matrix.ts:41-60,71-101 (loader/accessor only); no gameplay call-site found	false
harappa	Harappa	1	dip_handlowosc_archetyp	dyplomacja	ulamek_0_1	diplomacy.ts	mul_abs	0.7	0.5	true	CURRENT_RUNTIME_DATA	NON_DEFAULT_OVERRIDE	CURRENT_RUNTIME_DATA	gra/data/civ-matrix.json#/cywilizacje[typCywilizacji=harappa]/params/dip_handlowosc_archetyp	RESERVE_DRAFT_UNRESOLVED	docs/decyzje/D-cyw-roster-6-REZERWA.md; Civ-CYWILIZACJE/draft/roster-6-REZERWA.json	REAL_GAMEPLAY	0.7	0.7	0.7	CURRENT_NEUTRAL_MUL_ABS	current easy=raw; normal=raw; hard=raw because formula=mul_abs	direction requires decision; no arbitrary Easy/Hard	gra/src/game/civ-ai-data.ts:184-198; gra/src/game/diplomacy.ts:1267-1270; gra/src/main.ts:19553-19556,33555-33559,33916-33919	false
harappa	Harappa	1	ai_agresywnosc	ai	skala_1_10	civ-ai-data.ts	skala	2	5	true	CURRENT_RUNTIME_DATA	NON_DEFAULT_OVERRIDE	CURRENT_RUNTIME_DATA	gra/data/civ-matrix.json#/cywilizacje[typCywilizacji=harappa]/params/ai_agresywnosc	RESERVE_DRAFT_UNRESOLVED	docs/decyzje/D-cyw-roster-6-REZERWA.md; Civ-CYWILIZACJE/draft/roster-6-REZERWA.json	REAL_GAMEPLAY	1	2	3	SKALA_1_10	easy=max(1,normal-1); normal=normal; hard=min(10,normal+1); /10	wyżej = bardziej agresywny AI; Hard +1, Easy -1	gra/src/game/civ-ai-data.ts:38-53,156-178; gra/src/game/diplomacy.ts:1261-1266; gra/src/main.ts:19784-19790,33910-33915; gra/src/game/ai.ts:4974-5036,5184-5187	false
harappa	Harappa	1	ai_ekspansywnosc	ai	skala_1_10	civ-ai-data.ts	skala	3	5	true	CURRENT_RUNTIME_DATA	NON_DEFAULT_OVERRIDE	CURRENT_RUNTIME_DATA	gra/data/civ-matrix.json#/cywilizacje[typCywilizacji=harappa]/params/ai_ekspansywnosc	RESERVE_DRAFT_UNRESOLVED	docs/decyzje/D-cyw-roster-6-REZERWA.md; Civ-CYWILIZACJE/draft/roster-6-REZERWA.json	REAL_GAMEPLAY	2	3	4	SKALA_1_10	easy=max(1,normal-1); normal=normal; hard=min(10,normal+1)	wyżej = większa ekspansja; Hard +1, Easy -1	gra/src/game/civ-ai-data.ts:74-102; gra/src/main.ts:33264-33296; gra/src/game/ai.ts:506-513,1097-1117,2857-2868,4257-4264	false
harappa	Harappa	1	ai_priorytet_militarny	ai	skala_1_10	civ-ai-data.ts	skala	4	5	true	CURRENT_RUNTIME_DATA	NON_DEFAULT_OVERRIDE	CURRENT_RUNTIME_DATA	gra/data/civ-matrix.json#/cywilizacje[typCywilizacji=harappa]/params/ai_priorytet_militarny	RESERVE_DRAFT_UNRESOLVED	docs/decyzje/D-cyw-roster-6-REZERWA.md; Civ-CYWILIZACJE/draft/roster-6-REZERWA.json	REAL_GAMEPLAY	3	4	5	SKALA_1_10	easy=max(1,normal-1); normal=normal; hard=min(10,normal+1); delta=(value-5)*15	wyżej = większy score wojskowy; Hard +1, Easy -1	gra/src/game/civ-ai-data.ts:74-102; gra/src/main.ts:33264-33296; gra/src/game/ai-production-priorities.ts:6-27; gra/src/game/ai.ts:1672-1676	false
harappa	Harappa	1	ai_priorytet_ekonomia	ai	skala_1_10	civ-ai-data.ts	skala	7	5	true	CURRENT_RUNTIME_DATA	NON_DEFAULT_OVERRIDE	CURRENT_RUNTIME_DATA	gra/data/civ-matrix.json#/cywilizacje[typCywilizacji=harappa]/params/ai_priorytet_ekonomia	RESERVE_DRAFT_UNRESOLVED	docs/decyzje/D-cyw-roster-6-REZERWA.md; Civ-CYWILIZACJE/draft/roster-6-REZERWA.json	REAL_GAMEPLAY	6	7	8	SKALA_1_10	easy=max(1,normal-1); normal=normal; hard=min(10,normal+1); delta=(value-5)*15	wyżej = większy score ekonomiczny; Hard +1, Easy -1	gra/src/game/civ-ai-data.ts:74-102; gra/src/main.ts:33264-33296; gra/src/game/ai-production-priorities.ts:6-27; gra/src/game/ai.ts:1672-1676	false
harappa	Harappa	1	ai_priorytet_nauka	ai	skala_1_10	civ-ai-data.ts	skala	5	5	false	CURRENT_RUNTIME_DATA	DEFAULT_VALUE	CURRENT_RUNTIME_DEFAULT	gra/data/civ-matrix.json#/cywilizacje[typCywilizacji=harappa]/params/ai_priorytet_nauka	RESERVE_DRAFT_UNRESOLVED	docs/decyzje/D-cyw-roster-6-REZERWA.md; Civ-CYWILIZACJE/draft/roster-6-REZERWA.json	REAL_GAMEPLAY	4	5	6	SKALA_1_10	easy=max(1,normal-1); normal=normal; hard=min(10,normal+1); delta=(value-5)*15	wyżej = większy score nauki; Hard +1, Easy -1	gra/src/game/civ-ai-data.ts:74-102; gra/src/main.ts:33264-33296; gra/src/game/ai-production-priorities.ts:6-27; gra/src/game/ai.ts:1672-1676	false
harappa	Harappa	1	ai_tolerancja_ryzyka	ai	skala_1_10	civ-ai-data.ts	skala	4	5	true	CURRENT_RUNTIME_DATA	NON_DEFAULT_OVERRIDE	CURRENT_RUNTIME_DATA	gra/data/civ-matrix.json#/cywilizacje[typCywilizacji=harappa]/params/ai_tolerancja_ryzyka	RESERVE_DRAFT_UNRESOLVED	docs/decyzje/D-cyw-roster-6-REZERWA.md; Civ-CYWILIZACJE/draft/roster-6-REZERWA.json	REAL_GAMEPLAY	3	4	5	SKALA_1_10	easy=max(1,normal-1); normal=normal; hard=min(10,normal+1)	wyżej = większa tolerancja ryzyka wojny; Hard +1, Easy -1	gra/src/game/civ-ai-data.ts:74-102; gra/src/main.ts:33924-33927; gra/src/game/ai.ts:4974-5036,5184-5187	false
harappa	Harappa	1	ai_sklonnosc_podboju	ai	skala_1_10	civ-ai-data.ts	skala	3	5	true	CURRENT_RUNTIME_DATA	NON_DEFAULT_OVERRIDE	CURRENT_RUNTIME_DATA	gra/data/civ-matrix.json#/cywilizacje[typCywilizacji=harappa]/params/ai_sklonnosc_podboju	RESERVE_DRAFT_UNRESOLVED	docs/decyzje/D-cyw-roster-6-REZERWA.md; Civ-CYWILIZACJE/draft/roster-6-REZERWA.json	REAL_GAMEPLAY	2	3	4	SKALA_1_10	easy=max(1,normal-1); normal=normal; hard=min(10,normal+1)	wyżej = większa skłonność do podboju; Hard +1, Easy -1	gra/src/game/civ-ai-data.ts:74-102; gra/src/main.ts:33264-33296,33924-33927; gra/src/game/ai.ts:4974-5036,5184-5187	false
harappa	Harappa	1	ai_profil_obronna	ai	flag_0_1	civ-ai-data.ts	flag	1	0	true	CURRENT_RUNTIME_DATA	NON_DEFAULT_OVERRIDE	CURRENT_RUNTIME_DATA	gra/data/civ-matrix.json#/cywilizacje[typCywilizacji=harappa]/params/ai_profil_obronna	RESERVE_DRAFT_UNRESOLVED	docs/decyzje/D-cyw-roster-6-REZERWA.md; Civ-CYWILIZACJE/draft/roster-6-REZERWA.json	REAL_GAMEPLAY	1	1	1	FLAG_IDENTITY	flag raw 0/1 at Easy/Normal/Hard	1 = defensive-copy map profile; no difficulty delta	gra/src/game/civ-ai-data.ts:56-71,119-123; gra/src/main.ts:9169-9173	false
hetyci	Hetyci	1	meta_epoka_kamien	meta	flag_0_1	start-preview.ts	flag	0	0	false	CURRENT_RUNTIME_DATA	DEFAULT_VALUE	CURRENT_RUNTIME_DEFAULT	gra/data/civ-matrix.json#/cywilizacje[typCywilizacji=hetyci]/params/meta_epoka_kamien	RESERVE_DRAFT_UNRESOLVED	docs/decyzje/D-cyw-roster-6-REZERWA.md; Civ-CYWILIZACJE/draft/roster-6-REZERWA.json	DEAD_UNWIRED		0		NOT_ACTIVE	not computed by current consumer; retain raw Normal data	not applicable until a consumer is wired and reviewed	gra/src/game/civ-matrix.ts:41-60,71-101 (loader/accessor only); no gameplay call-site found	false
hetyci	Hetyci	1	meta_epoka_braz	meta	flag_0_1	start-preview.ts	flag	1	0	true	CURRENT_RUNTIME_DATA	NON_DEFAULT_OVERRIDE	CURRENT_RUNTIME_DATA	gra/data/civ-matrix.json#/cywilizacje[typCywilizacji=hetyci]/params/meta_epoka_braz	RESERVE_DRAFT_UNRESOLVED	docs/decyzje/D-cyw-roster-6-REZERWA.md; Civ-CYWILIZACJE/draft/roster-6-REZERWA.json	DEAD_UNWIRED		1		NOT_ACTIVE	not computed by current consumer; retain raw Normal data	not applicable until a consumer is wired and reviewed	gra/src/game/civ-matrix.ts:41-60,71-101 (loader/accessor only); no gameplay call-site found	false
hetyci	Hetyci	1	meta_epoka_zelazo	meta	flag_0_1	start-preview.ts	flag	0	0	false	CURRENT_RUNTIME_DATA	DEFAULT_VALUE	CURRENT_RUNTIME_DEFAULT	gra/data/civ-matrix.json#/cywilizacje[typCywilizacji=hetyci]/params/meta_epoka_zelazo	RESERVE_DRAFT_UNRESOLVED	docs/decyzje/D-cyw-roster-6-REZERWA.md; Civ-CYWILIZACJE/draft/roster-6-REZERWA.json	DEAD_UNWIRED		0		NOT_ACTIVE	not computed by current consumer; retain raw Normal data	not applicable until a consumer is wired and reviewed	gra/src/game/civ-matrix.ts:41-60,71-101 (loader/accessor only); no gameplay call-site found	false
hetyci	Hetyci	1	meta_mnoznik_waluta	meta	absolut	economy.ts	mul_abs	2	2	false	CURRENT_RUNTIME_DATA	DEFAULT_VALUE	CURRENT_RUNTIME_DEFAULT	gra/data/civ-matrix.json#/cywilizacje[typCywilizacji=hetyci]/params/meta_mnoznik_waluta	RESERVE_DRAFT_UNRESOLVED	docs/decyzje/D-cyw-roster-6-REZERWA.md; Civ-CYWILIZACJE/draft/roster-6-REZERWA.json	DEAD_UNWIRED		2		NOT_ACTIVE	not computed by current consumer; retain raw Normal data	not applicable until a consumer is wired and reviewed	gra/src/game/civ-matrix.ts:41-60,71-101 (loader/accessor only); no gameplay call-site found	false
hetyci	Hetyci	1	meta_tier_roster	meta	absolut	civ-roster.ts	mul_abs	1	1	false	CURRENT_RUNTIME_DATA	DEFAULT_VALUE	CURRENT_RUNTIME_DEFAULT	gra/data/civ-matrix.json#/cywilizacje[typCywilizacji=hetyci]/params/meta_tier_roster	RESERVE_DRAFT_UNRESOLVED	docs/decyzje/D-cyw-roster-6-REZERWA.md; Civ-CYWILIZACJE/draft/roster-6-REZERWA.json	DEAD_UNWIRED		1		NOT_ACTIVE	not computed by current consumer; retain raw Normal data	not applicable until a consumer is wired and reviewed	gra/src/game/civ-matrix.ts:41-60,71-101 (loader/accessor only); no gameplay call-site found	false
hetyci	Hetyci	1	walka_atak_piechota	walka	ulamek	civ-bonuses.ts	mul_proc	0	0	false	CURRENT_RUNTIME_DATA	DEFAULT_VALUE	CURRENT_RUNTIME_DEFAULT	gra/data/civ-matrix.json#/cywilizacje[typCywilizacji=hetyci]/params/walka_atak_piechota	RESERVE_DRAFT_UNRESOLVED	docs/decyzje/D-cyw-roster-6-REZERWA.md; Civ-CYWILIZACJE/draft/roster-6-REZERWA.json	DEAD_UNWIRED		0		NOT_ACTIVE	not computed by current consumer; retain raw Normal data	not applicable until a consumer is wired and reviewed	gra/src/game/civ-matrix.ts:41-60,71-101 (loader/accessor only); no gameplay call-site found	false
hetyci	Hetyci	1	walka_atak_lukownicy	walka	ulamek	civ-bonuses.ts	mul_proc	0	0	false	CURRENT_RUNTIME_DATA	DEFAULT_VALUE	CURRENT_RUNTIME_DEFAULT	gra/data/civ-matrix.json#/cywilizacje[typCywilizacji=hetyci]/params/walka_atak_lukownicy	RESERVE_DRAFT_UNRESOLVED	docs/decyzje/D-cyw-roster-6-REZERWA.md; Civ-CYWILIZACJE/draft/roster-6-REZERWA.json	UNWIRED		0		NOT_ACTIVE	not computed by current consumer; retain raw Normal data	not applicable until a consumer is wired and reviewed	gra/src/game/civ-matrix.ts:41-60,71-101 (loader/accessor only); no gameplay call-site found	false
hetyci	Hetyci	1	walka_atak_kawaleria	walka	ulamek	civ-bonuses.ts	mul_proc	0	0	false	CURRENT_RUNTIME_DATA	DEFAULT_VALUE	CURRENT_RUNTIME_DEFAULT	gra/data/civ-matrix.json#/cywilizacje[typCywilizacji=hetyci]/params/walka_atak_kawaleria	RESERVE_DRAFT_UNRESOLVED	docs/decyzje/D-cyw-roster-6-REZERWA.md; Civ-CYWILIZACJE/draft/roster-6-REZERWA.json	DEAD_UNWIRED		0		NOT_ACTIVE	not computed by current consumer; retain raw Normal data	not applicable until a consumer is wired and reviewed	gra/src/game/civ-matrix.ts:41-60,71-101 (loader/accessor only); no gameplay call-site found	false
hetyci	Hetyci	1	walka_atak_rydwany	walka	ulamek	civ-bonuses.ts	mul_proc	0.2	0	true	CURRENT_RUNTIME_DATA	NON_DEFAULT_OVERRIDE	CURRENT_RUNTIME_DATA	gra/data/civ-matrix.json#/cywilizacje[typCywilizacji=hetyci]/params/walka_atak_rydwany	RESERVE_DRAFT_UNRESOLVED	docs/decyzje/D-cyw-roster-6-REZERWA.md; Civ-CYWILIZACJE/draft/roster-6-REZERWA.json	DEAD_UNWIRED		0.2		NOT_ACTIVE	not computed by current consumer; retain raw Normal data	not applicable until a consumer is wired and reviewed	gra/src/game/civ-matrix.ts:41-60,71-101 (loader/accessor only); no gameplay call-site found	false
hetyci	Hetyci	1	walka_atak_obleczenie	walka	ulamek	civ-bonuses.ts	mul_proc	0	0	false	CURRENT_RUNTIME_DATA	DEFAULT_VALUE	CURRENT_RUNTIME_DEFAULT	gra/data/civ-matrix.json#/cywilizacje[typCywilizacji=hetyci]/params/walka_atak_obleczenie	RESERVE_DRAFT_UNRESOLVED	docs/decyzje/D-cyw-roster-6-REZERWA.md; Civ-CYWILIZACJE/draft/roster-6-REZERWA.json	DEAD_UNWIRED		0		NOT_ACTIVE	not computed by current consumer; retain raw Normal data	not applicable until a consumer is wired and reviewed	gra/src/game/civ-matrix.ts:41-60,71-101 (loader/accessor only); no gameplay call-site found	false
hetyci	Hetyci	1	walka_atak_morska	walka	ulamek	civ-bonuses.ts	mul_proc	0	0	false	CURRENT_RUNTIME_DATA	DEFAULT_VALUE	CURRENT_RUNTIME_DEFAULT	gra/data/civ-matrix.json#/cywilizacje[typCywilizacji=hetyci]/params/walka_atak_morska	RESERVE_DRAFT_UNRESOLVED	docs/decyzje/D-cyw-roster-6-REZERWA.md; Civ-CYWILIZACJE/draft/roster-6-REZERWA.json	UNWIRED		0		NOT_ACTIVE	not computed by current consumer; retain raw Normal data	not applicable until a consumer is wired and reviewed	gra/src/game/civ-matrix.ts:41-60,71-101 (loader/accessor only); no gameplay call-site found	false
hetyci	Hetyci	1	walka_atak_wszystkie	walka	ulamek	civ-bonuses.ts	mul_proc	0	0	false	CURRENT_RUNTIME_DATA	DEFAULT_VALUE	CURRENT_RUNTIME_DEFAULT	gra/data/civ-matrix.json#/cywilizacje[typCywilizacji=hetyci]/params/walka_atak_wszystkie	RESERVE_DRAFT_UNRESOLVED	docs/decyzje/D-cyw-roster-6-REZERWA.md; Civ-CYWILIZACJE/draft/roster-6-REZERWA.json	UNWIRED		0		NOT_ACTIVE	not computed by current consumer; retain raw Normal data	not applicable until a consumer is wired and reviewed	gra/src/game/civ-matrix.ts:41-60,71-101 (loader/accessor only); no gameplay call-site found	false
hetyci	Hetyci	1	walka_obrona_piechota	walka	ulamek	civ-bonuses.ts	mul_proc	0	0	false	CURRENT_RUNTIME_DATA	DEFAULT_VALUE	CURRENT_RUNTIME_DEFAULT	gra/data/civ-matrix.json#/cywilizacje[typCywilizacji=hetyci]/params/walka_obrona_piechota	RESERVE_DRAFT_UNRESOLVED	docs/decyzje/D-cyw-roster-6-REZERWA.md; Civ-CYWILIZACJE/draft/roster-6-REZERWA.json	DEAD_UNWIRED		0		NOT_ACTIVE	not computed by current consumer; retain raw Normal data	not applicable until a consumer is wired and reviewed	gra/src/game/civ-matrix.ts:41-60,71-101 (loader/accessor only); no gameplay call-site found	false
hetyci	Hetyci	1	walka_obrona_lukownicy	walka	ulamek	civ-bonuses.ts	mul_proc	0	0	false	CURRENT_RUNTIME_DATA	DEFAULT_VALUE	CURRENT_RUNTIME_DEFAULT	gra/data/civ-matrix.json#/cywilizacje[typCywilizacji=hetyci]/params/walka_obrona_lukownicy	RESERVE_DRAFT_UNRESOLVED	docs/decyzje/D-cyw-roster-6-REZERWA.md; Civ-CYWILIZACJE/draft/roster-6-REZERWA.json	UNWIRED		0		NOT_ACTIVE	not computed by current consumer; retain raw Normal data	not applicable until a consumer is wired and reviewed	gra/src/game/civ-matrix.ts:41-60,71-101 (loader/accessor only); no gameplay call-site found	false
hetyci	Hetyci	1	walka_obrona_kawaleria	walka	ulamek	civ-bonuses.ts	mul_proc	0	0	false	CURRENT_RUNTIME_DATA	DEFAULT_VALUE	CURRENT_RUNTIME_DEFAULT	gra/data/civ-matrix.json#/cywilizacje[typCywilizacji=hetyci]/params/walka_obrona_kawaleria	RESERVE_DRAFT_UNRESOLVED	docs/decyzje/D-cyw-roster-6-REZERWA.md; Civ-CYWILIZACJE/draft/roster-6-REZERWA.json	UNWIRED		0		NOT_ACTIVE	not computed by current consumer; retain raw Normal data	not applicable until a consumer is wired and reviewed	gra/src/game/civ-matrix.ts:41-60,71-101 (loader/accessor only); no gameplay call-site found	false
hetyci	Hetyci	1	walka_obrona_rydwany	walka	ulamek	civ-bonuses.ts	mul_proc	0	0	false	CURRENT_RUNTIME_DATA	DEFAULT_VALUE	CURRENT_RUNTIME_DEFAULT	gra/data/civ-matrix.json#/cywilizacje[typCywilizacji=hetyci]/params/walka_obrona_rydwany	RESERVE_DRAFT_UNRESOLVED	docs/decyzje/D-cyw-roster-6-REZERWA.md; Civ-CYWILIZACJE/draft/roster-6-REZERWA.json	UNWIRED		0		NOT_ACTIVE	not computed by current consumer; retain raw Normal data	not applicable until a consumer is wired and reviewed	gra/src/game/civ-matrix.ts:41-60,71-101 (loader/accessor only); no gameplay call-site found	false
hetyci	Hetyci	1	walka_obrona_obleczenie	walka	ulamek	civ-bonuses.ts	mul_proc	0	0	false	CURRENT_RUNTIME_DATA	DEFAULT_VALUE	CURRENT_RUNTIME_DEFAULT	gra/data/civ-matrix.json#/cywilizacje[typCywilizacji=hetyci]/params/walka_obrona_obleczenie	RESERVE_DRAFT_UNRESOLVED	docs/decyzje/D-cyw-roster-6-REZERWA.md; Civ-CYWILIZACJE/draft/roster-6-REZERWA.json	UNWIRED		0		NOT_ACTIVE	not computed by current consumer; retain raw Normal data	not applicable until a consumer is wired and reviewed	gra/src/game/civ-matrix.ts:41-60,71-101 (loader/accessor only); no gameplay call-site found	false
hetyci	Hetyci	1	walka_obrona_morska	walka	ulamek	civ-bonuses.ts	mul_proc	0	0	false	CURRENT_RUNTIME_DATA	DEFAULT_VALUE	CURRENT_RUNTIME_DEFAULT	gra/data/civ-matrix.json#/cywilizacje[typCywilizacji=hetyci]/params/walka_obrona_morska	RESERVE_DRAFT_UNRESOLVED	docs/decyzje/D-cyw-roster-6-REZERWA.md; Civ-CYWILIZACJE/draft/roster-6-REZERWA.json	UNWIRED		0		NOT_ACTIVE	not computed by current consumer; retain raw Normal data	not applicable until a consumer is wired and reviewed	gra/src/game/civ-matrix.ts:41-60,71-101 (loader/accessor only); no gameplay call-site found	false
hetyci	Hetyci	1	walka_pancerz_piechota	walka	ulamek	civ-bonuses.ts	mul_proc	0	0	false	CURRENT_RUNTIME_DATA	DEFAULT_VALUE	CURRENT_RUNTIME_DEFAULT	gra/data/civ-matrix.json#/cywilizacje[typCywilizacji=hetyci]/params/walka_pancerz_piechota	RESERVE_DRAFT_UNRESOLVED	docs/decyzje/D-cyw-roster-6-REZERWA.md; Civ-CYWILIZACJE/draft/roster-6-REZERWA.json	DEAD_UNWIRED		0		NOT_ACTIVE	not computed by current consumer; retain raw Normal data	not applicable until a consumer is wired and reviewed	gra/src/game/civ-matrix.ts:41-60,71-101 (loader/accessor only); no gameplay call-site found	false
hetyci	Hetyci	1	walka_pancerz_lukownicy	walka	ulamek	civ-bonuses.ts	mul_proc	0	0	false	CURRENT_RUNTIME_DATA	DEFAULT_VALUE	CURRENT_RUNTIME_DEFAULT	gra/data/civ-matrix.json#/cywilizacje[typCywilizacji=hetyci]/params/walka_pancerz_lukownicy	RESERVE_DRAFT_UNRESOLVED	docs/decyzje/D-cyw-roster-6-REZERWA.md; Civ-CYWILIZACJE/draft/roster-6-REZERWA.json	UNWIRED		0		NOT_ACTIVE	not computed by current consumer; retain raw Normal data	not applicable until a consumer is wired and reviewed	gra/src/game/civ-matrix.ts:41-60,71-101 (loader/accessor only); no gameplay call-site found	false
hetyci	Hetyci	1	walka_pancerz_kawaleria	walka	ulamek	civ-bonuses.ts	mul_proc	0	0	false	CURRENT_RUNTIME_DATA	DEFAULT_VALUE	CURRENT_RUNTIME_DEFAULT	gra/data/civ-matrix.json#/cywilizacje[typCywilizacji=hetyci]/params/walka_pancerz_kawaleria	RESERVE_DRAFT_UNRESOLVED	docs/decyzje/D-cyw-roster-6-REZERWA.md; Civ-CYWILIZACJE/draft/roster-6-REZERWA.json	UNWIRED		0		NOT_ACTIVE	not computed by current consumer; retain raw Normal data	not applicable until a consumer is wired and reviewed	gra/src/game/civ-matrix.ts:41-60,71-101 (loader/accessor only); no gameplay call-site found	false
hetyci	Hetyci	1	walka_pancerz_rydwany	walka	ulamek	civ-bonuses.ts	mul_proc	0	0	false	CURRENT_RUNTIME_DATA	DEFAULT_VALUE	CURRENT_RUNTIME_DEFAULT	gra/data/civ-matrix.json#/cywilizacje[typCywilizacji=hetyci]/params/walka_pancerz_rydwany	RESERVE_DRAFT_UNRESOLVED	docs/decyzje/D-cyw-roster-6-REZERWA.md; Civ-CYWILIZACJE/draft/roster-6-REZERWA.json	UNWIRED		0		NOT_ACTIVE	not computed by current consumer; retain raw Normal data	not applicable until a consumer is wired and reviewed	gra/src/game/civ-matrix.ts:41-60,71-101 (loader/accessor only); no gameplay call-site found	false
hetyci	Hetyci	1	walka_uderzenie_piechota	walka	ulamek	civ-bonuses.ts	mul_proc	0	0	false	CURRENT_RUNTIME_DATA	DEFAULT_VALUE	CURRENT_RUNTIME_DEFAULT	gra/data/civ-matrix.json#/cywilizacje[typCywilizacji=hetyci]/params/walka_uderzenie_piechota	RESERVE_DRAFT_UNRESOLVED	docs/decyzje/D-cyw-roster-6-REZERWA.md; Civ-CYWILIZACJE/draft/roster-6-REZERWA.json	DEAD_UNWIRED		0		NOT_ACTIVE	not computed by current consumer; retain raw Normal data	not applicable until a consumer is wired and reviewed	gra/src/game/civ-matrix.ts:41-60,71-101 (loader/accessor only); no gameplay call-site found	false
hetyci	Hetyci	1	walka_uderzenie_kawaleria	walka	ulamek	civ-bonuses.ts	mul_proc	0	0	false	CURRENT_RUNTIME_DATA	DEFAULT_VALUE	CURRENT_RUNTIME_DEFAULT	gra/data/civ-matrix.json#/cywilizacje[typCywilizacji=hetyci]/params/walka_uderzenie_kawaleria	RESERVE_DRAFT_UNRESOLVED	docs/decyzje/D-cyw-roster-6-REZERWA.md; Civ-CYWILIZACJE/draft/roster-6-REZERWA.json	DEAD_UNWIRED		0		NOT_ACTIVE	not computed by current consumer; retain raw Normal data	not applicable until a consumer is wired and reviewed	gra/src/game/civ-matrix.ts:41-60,71-101 (loader/accessor only); no gameplay call-site found	false
hetyci	Hetyci	1	walka_uderzenie_rydwany	walka	ulamek	civ-bonuses.ts	mul_proc	0	0	false	CURRENT_RUNTIME_DATA	DEFAULT_VALUE	CURRENT_RUNTIME_DEFAULT	gra/data/civ-matrix.json#/cywilizacje[typCywilizacji=hetyci]/params/walka_uderzenie_rydwany	RESERVE_DRAFT_UNRESOLVED	docs/decyzje/D-cyw-roster-6-REZERWA.md; Civ-CYWILIZACJE/draft/roster-6-REZERWA.json	UNWIRED		0		NOT_ACTIVE	not computed by current consumer; retain raw Normal data	not applicable until a consumer is wired and reviewed	gra/src/game/civ-matrix.ts:41-60,71-101 (loader/accessor only); no gameplay call-site found	false
hetyci	Hetyci	1	walka_dystans_lukownicy	walka	ulamek	civ-bonuses.ts	mul_proc	0	0	false	CURRENT_RUNTIME_DATA	DEFAULT_VALUE	CURRENT_RUNTIME_DEFAULT	gra/data/civ-matrix.json#/cywilizacje[typCywilizacji=hetyci]/params/walka_dystans_lukownicy	RESERVE_DRAFT_UNRESOLVED	docs/decyzje/D-cyw-roster-6-REZERWA.md; Civ-CYWILIZACJE/draft/roster-6-REZERWA.json	DEAD_UNWIRED		0		NOT_ACTIVE	not computed by current consumer; retain raw Normal data	not applicable until a consumer is wired and reviewed	gra/src/game/civ-matrix.ts:41-60,71-101 (loader/accessor only); no gameplay call-site found	false
hetyci	Hetyci	1	walka_dystans_rydwany	walka	ulamek	civ-bonuses.ts	mul_proc	0	0	false	CURRENT_RUNTIME_DATA	DEFAULT_VALUE	CURRENT_RUNTIME_DEFAULT	gra/data/civ-matrix.json#/cywilizacje[typCywilizacji=hetyci]/params/walka_dystans_rydwany	RESERVE_DRAFT_UNRESOLVED	docs/decyzje/D-cyw-roster-6-REZERWA.md; Civ-CYWILIZACJE/draft/roster-6-REZERWA.json	UNWIRED		0		NOT_ACTIVE	not computed by current consumer; retain raw Normal data	not applicable until a consumer is wired and reviewed	gra/src/game/civ-matrix.ts:41-60,71-101 (loader/accessor only); no gameplay call-site found	false
hetyci	Hetyci	1	walka_hp_piechota	walka	ulamek	civ-bonuses.ts	mul_proc	0	0	false	CURRENT_RUNTIME_DATA	DEFAULT_VALUE	CURRENT_RUNTIME_DEFAULT	gra/data/civ-matrix.json#/cywilizacje[typCywilizacji=hetyci]/params/walka_hp_piechota	RESERVE_DRAFT_UNRESOLVED	docs/decyzje/D-cyw-roster-6-REZERWA.md; Civ-CYWILIZACJE/draft/roster-6-REZERWA.json	DEAD_UNWIRED		0		NOT_ACTIVE	not computed by current consumer; retain raw Normal data	not applicable until a consumer is wired and reviewed	gra/src/game/civ-matrix.ts:41-60,71-101 (loader/accessor only); no gameplay call-site found	false
hetyci	Hetyci	1	walka_hp_kawaleria	walka	ulamek	civ-bonuses.ts	mul_proc	0	0	false	CURRENT_RUNTIME_DATA	DEFAULT_VALUE	CURRENT_RUNTIME_DEFAULT	gra/data/civ-matrix.json#/cywilizacje[typCywilizacji=hetyci]/params/walka_hp_kawaleria	RESERVE_DRAFT_UNRESOLVED	docs/decyzje/D-cyw-roster-6-REZERWA.md; Civ-CYWILIZACJE/draft/roster-6-REZERWA.json	UNWIRED		0		NOT_ACTIVE	not computed by current consumer; retain raw Normal data	not applicable until a consumer is wired and reviewed	gra/src/game/civ-matrix.ts:41-60,71-101 (loader/accessor only); no gameplay call-site found	false
hetyci	Hetyci	1	walka_hp_rydwany	walka	ulamek	civ-bonuses.ts	mul_proc	0	0	false	CURRENT_RUNTIME_DATA	DEFAULT_VALUE	CURRENT_RUNTIME_DEFAULT	gra/data/civ-matrix.json#/cywilizacje[typCywilizacji=hetyci]/params/walka_hp_rydwany	RESERVE_DRAFT_UNRESOLVED	docs/decyzje/D-cyw-roster-6-REZERWA.md; Civ-CYWILIZACJE/draft/roster-6-REZERWA.json	DEAD_UNWIRED		0		NOT_ACTIVE	not computed by current consumer; retain raw Normal data	not applicable until a consumer is wired and reviewed	gra/src/game/civ-matrix.ts:41-60,71-101 (loader/accessor only); no gameplay call-site found	false
hetyci	Hetyci	1	walka_ruch_bitwa_proc	walka	ulamek	civ-bonuses.ts	mul_proc	0	0	false	CURRENT_RUNTIME_DATA	DEFAULT_VALUE	CURRENT_RUNTIME_DEFAULT	gra/data/civ-matrix.json#/cywilizacje[typCywilizacji=hetyci]/params/walka_ruch_bitwa_proc	RESERVE_DRAFT_UNRESOLVED	docs/decyzje/D-cyw-roster-6-REZERWA.md; Civ-CYWILIZACJE/draft/roster-6-REZERWA.json	DEAD_UNWIRED		0		NOT_ACTIVE	not computed by current consumer; retain raw Normal data	not applicable until a consumer is wired and reviewed	gra/src/game/civ-matrix.ts:41-60,71-101 (loader/accessor only); no gameplay call-site found	false
hetyci	Hetyci	1	walka_zasieg_proc	walka	ulamek	civ-bonuses.ts	mul_proc	0	0	false	CURRENT_RUNTIME_DATA	DEFAULT_VALUE	CURRENT_RUNTIME_DEFAULT	gra/data/civ-matrix.json#/cywilizacje[typCywilizacji=hetyci]/params/walka_zasieg_proc	RESERVE_DRAFT_UNRESOLVED	docs/decyzje/D-cyw-roster-6-REZERWA.md; Civ-CYWILIZACJE/draft/roster-6-REZERWA.json	UNWIRED		0		NOT_ACTIVE	not computed by current consumer; retain raw Normal data	not applicable until a consumer is wired and reviewed	gra/src/game/civ-matrix.ts:41-60,71-101 (loader/accessor only); no gameplay call-site found	false
hetyci	Hetyci	1	walka_oblezenie_proc	walka	ulamek	civ-bonuses.ts	mul_proc	0	0	false	CURRENT_RUNTIME_DATA	DEFAULT_VALUE	CURRENT_RUNTIME_DEFAULT	gra/data/civ-matrix.json#/cywilizacje[typCywilizacji=hetyci]/params/walka_oblezenie_proc	RESERVE_DRAFT_UNRESOLVED	docs/decyzje/D-cyw-roster-6-REZERWA.md; Civ-CYWILIZACJE/draft/roster-6-REZERWA.json	UNWIRED		0		NOT_ACTIVE	not computed by current consumer; retain raw Normal data	not applicable until a consumer is wired and reviewed	gra/src/game/civ-matrix.ts:41-60,71-101 (loader/accessor only); no gameplay call-site found	false
hetyci	Hetyci	1	walka_koszt_rekrutacji_proc	walka	ulamek	production.ts	mul_proc	0	0	false	CURRENT_RUNTIME_DATA	DEFAULT_VALUE	CURRENT_RUNTIME_DEFAULT	gra/data/civ-matrix.json#/cywilizacje[typCywilizacji=hetyci]/params/walka_koszt_rekrutacji_proc	RESERVE_DRAFT_UNRESOLVED	docs/decyzje/D-cyw-roster-6-REZERWA.md; Civ-CYWILIZACJE/draft/roster-6-REZERWA.json	DEAD_UNWIRED		0		NOT_ACTIVE	not computed by current consumer; retain raw Normal data	not applicable until a consumer is wired and reviewed	gra/src/game/civ-matrix.ts:41-60,71-101 (loader/accessor only); no gameplay call-site found	false
hetyci	Hetyci	1	walka_atak_piechota_teren_las	walka	ulamek	civ-bonuses.ts	mul_proc	0	0	false	CURRENT_RUNTIME_DATA	DEFAULT_VALUE	CURRENT_RUNTIME_DEFAULT	gra/data/civ-matrix.json#/cywilizacje[typCywilizacji=hetyci]/params/walka_atak_piechota_teren_las	RESERVE_DRAFT_UNRESOLVED	docs/decyzje/D-cyw-roster-6-REZERWA.md; Civ-CYWILIZACJE/draft/roster-6-REZERWA.json	DEAD_UNWIRED		0		NOT_ACTIVE	not computed by current consumer; retain raw Normal data	not applicable until a consumer is wired and reviewed	gra/src/game/civ-matrix.ts:41-60,71-101 (loader/accessor only); no gameplay call-site found	false
hetyci	Hetyci	1	walka_obrona_piechota_teren_las	walka	ulamek	civ-bonuses.ts	mul_proc	0	0	false	CURRENT_RUNTIME_DATA	DEFAULT_VALUE	CURRENT_RUNTIME_DEFAULT	gra/data/civ-matrix.json#/cywilizacje[typCywilizacji=hetyci]/params/walka_obrona_piechota_teren_las	RESERVE_DRAFT_UNRESOLVED	docs/decyzje/D-cyw-roster-6-REZERWA.md; Civ-CYWILIZACJE/draft/roster-6-REZERWA.json	UNWIRED		0		NOT_ACTIVE	not computed by current consumer; retain raw Normal data	not applicable until a consumer is wired and reviewed	gra/src/game/civ-matrix.ts:41-60,71-101 (loader/accessor only); no gameplay call-site found	false
hetyci	Hetyci	1	walka_atak_piechota_terytorium_wlasne	walka	ulamek	civ-bonuses.ts	mul_proc	0	0	false	CURRENT_RUNTIME_DATA	DEFAULT_VALUE	CURRENT_RUNTIME_DEFAULT	gra/data/civ-matrix.json#/cywilizacje[typCywilizacji=hetyci]/params/walka_atak_piechota_terytorium_wlasne	RESERVE_DRAFT_UNRESOLVED	docs/decyzje/D-cyw-roster-6-REZERWA.md; Civ-CYWILIZACJE/draft/roster-6-REZERWA.json	UNWIRED		0		NOT_ACTIVE	not computed by current consumer; retain raw Normal data	not applicable until a consumer is wired and reviewed	gra/src/game/civ-matrix.ts:41-60,71-101 (loader/accessor only); no gameplay call-site found	false
hetyci	Hetyci	1	walka_obrona_piechota_terytorium_wlasne	walka	ulamek	civ-bonuses.ts	mul_proc	0	0	false	CURRENT_RUNTIME_DATA	DEFAULT_VALUE	CURRENT_RUNTIME_DEFAULT	gra/data/civ-matrix.json#/cywilizacje[typCywilizacji=hetyci]/params/walka_obrona_piechota_terytorium_wlasne	RESERVE_DRAFT_UNRESOLVED	docs/decyzje/D-cyw-roster-6-REZERWA.md; Civ-CYWILIZACJE/draft/roster-6-REZERWA.json	DEAD_UNWIRED		0		NOT_ACTIVE	not computed by current consumer; retain raw Normal data	not applicable until a consumer is wired and reviewed	gra/src/game/civ-matrix.ts:41-60,71-101 (loader/accessor only); no gameplay call-site found	false
hetyci	Hetyci	1	walka_atak_piechota_w_murze	walka	ulamek	civ-bonuses.ts	mul_proc	0	0	false	CURRENT_RUNTIME_DATA	DEFAULT_VALUE	CURRENT_RUNTIME_DEFAULT	gra/data/civ-matrix.json#/cywilizacje[typCywilizacji=hetyci]/params/walka_atak_piechota_w_murze	RESERVE_DRAFT_UNRESOLVED	docs/decyzje/D-cyw-roster-6-REZERWA.md; Civ-CYWILIZACJE/draft/roster-6-REZERWA.json	UNWIRED		0		NOT_ACTIVE	not computed by current consumer; retain raw Normal data	not applicable until a consumer is wired and reviewed	gra/src/game/civ-matrix.ts:41-60,71-101 (loader/accessor only); no gameplay call-site found	false
hetyci	Hetyci	1	walka_obrona_piechota_w_murze	walka	ulamek	civ-bonuses.ts	mul_proc	0.15	0	true	CURRENT_RUNTIME_DATA	NON_DEFAULT_OVERRIDE	CURRENT_RUNTIME_DATA	gra/data/civ-matrix.json#/cywilizacje[typCywilizacji=hetyci]/params/walka_obrona_piechota_w_murze	RESERVE_DRAFT_UNRESOLVED	docs/decyzje/D-cyw-roster-6-REZERWA.md; Civ-CYWILIZACJE/draft/roster-6-REZERWA.json	DEAD_UNWIRED		0.15		NOT_ACTIVE	not computed by current consumer; retain raw Normal data	not applicable until a consumer is wired and reviewed	gra/src/game/civ-matrix.ts:41-60,71-101 (loader/accessor only); no gameplay call-site found	false
hetyci	Hetyci	1	walka_atak_piechota_runda_szarzy	walka	ulamek	civ-bonuses.ts	mul_proc	0	0	false	CURRENT_RUNTIME_DATA	DEFAULT_VALUE	CURRENT_RUNTIME_DEFAULT	gra/data/civ-matrix.json#/cywilizacje[typCywilizacji=hetyci]/params/walka_atak_piechota_runda_szarzy	RESERVE_DRAFT_UNRESOLVED	docs/decyzje/D-cyw-roster-6-REZERWA.md; Civ-CYWILIZACJE/draft/roster-6-REZERWA.json	DEAD_UNWIRED		0		NOT_ACTIVE	not computed by current consumer; retain raw Normal data	not applicable until a consumer is wired and reviewed	gra/src/game/civ-matrix.ts:41-60,71-101 (loader/accessor only); no gameplay call-site found	false
hetyci	Hetyci	1	walka_obrona_piechota_runda_szarzy	walka	ulamek	civ-bonuses.ts	mul_proc	0	0	false	CURRENT_RUNTIME_DATA	DEFAULT_VALUE	CURRENT_RUNTIME_DEFAULT	gra/data/civ-matrix.json#/cywilizacje[typCywilizacji=hetyci]/params/walka_obrona_piechota_runda_szarzy	RESERVE_DRAFT_UNRESOLVED	docs/decyzje/D-cyw-roster-6-REZERWA.md; Civ-CYWILIZACJE/draft/roster-6-REZERWA.json	UNWIRED		0		NOT_ACTIVE	not computed by current consumer; retain raw Normal data	not applicable until a consumer is wired and reviewed	gra/src/game/civ-matrix.ts:41-60,71-101 (loader/accessor only); no gameplay call-site found	false
hetyci	Hetyci	1	walka_atak_piechota_teren_plytkie_morze	walka	ulamek	civ-bonuses.ts	mul_proc	0	0	false	CURRENT_RUNTIME_DATA	DEFAULT_VALUE	CURRENT_RUNTIME_DEFAULT	gra/data/civ-matrix.json#/cywilizacje[typCywilizacji=hetyci]/params/walka_atak_piechota_teren_plytkie_morze	RESERVE_DRAFT_UNRESOLVED	docs/decyzje/D-cyw-roster-6-REZERWA.md; Civ-CYWILIZACJE/draft/roster-6-REZERWA.json	UNWIRED		0		NOT_ACTIVE	not computed by current consumer; retain raw Normal data	not applicable until a consumer is wired and reviewed	gra/src/game/civ-matrix.ts:41-60,71-101 (loader/accessor only); no gameplay call-site found	false
hetyci	Hetyci	1	walka_obrona_piechota_teren_plytkie_morze	walka	ulamek	civ-bonuses.ts	mul_proc	0	0	false	CURRENT_RUNTIME_DATA	DEFAULT_VALUE	CURRENT_RUNTIME_DEFAULT	gra/data/civ-matrix.json#/cywilizacje[typCywilizacji=hetyci]/params/walka_obrona_piechota_teren_plytkie_morze	RESERVE_DRAFT_UNRESOLVED	docs/decyzje/D-cyw-roster-6-REZERWA.md; Civ-CYWILIZACJE/draft/roster-6-REZERWA.json	UNWIRED		0		NOT_ACTIVE	not computed by current consumer; retain raw Normal data	not applicable until a consumer is wired and reviewed	gra/src/game/civ-matrix.ts:41-60,71-101 (loader/accessor only); no gameplay call-site found	false
hetyci	Hetyci	1	spec_Atak	jednostka_spec	absolut	units.json+combat.ts	stat_abs	6.9	0	true	CURRENT_RUNTIME_DATA	NON_DEFAULT_OVERRIDE	CURRENT_RUNTIME_DATA	gra/data/civ-matrix.json#/cywilizacje[typCywilizacji=hetyci]/params/spec_Atak	RESERVE_DRAFT_UNRESOLVED	docs/decyzje/D-cyw-roster-6-REZERWA.md; Civ-CYWILIZACJE/draft/roster-6-REZERWA.json	DEAD_UNWIRED		6.9		NOT_ACTIVE	not computed by current consumer; retain raw Normal data	not applicable until a consumer is wired and reviewed	gra/src/game/civ-matrix.ts:41-60,71-101 (loader/accessor only); no gameplay call-site found	false
hetyci	Hetyci	1	spec_Obrazenia	jednostka_spec	absolut	units.json+combat.ts	stat_abs	0	0	false	CURRENT_RUNTIME_DATA	DEFAULT_VALUE	CURRENT_RUNTIME_DEFAULT	gra/data/civ-matrix.json#/cywilizacje[typCywilizacji=hetyci]/params/spec_Obrazenia	RESERVE_DRAFT_UNRESOLVED	docs/decyzje/D-cyw-roster-6-REZERWA.md; Civ-CYWILIZACJE/draft/roster-6-REZERWA.json	DEAD_UNWIRED		0		NOT_ACTIVE	not computed by current consumer; retain raw Normal data	not applicable until a consumer is wired and reviewed	gra/src/game/civ-matrix.ts:41-60,71-101 (loader/accessor only); no gameplay call-site found	false
hetyci	Hetyci	1	spec_Obrona	jednostka_spec	absolut	units.json+combat.ts	stat_abs	2.3	0	true	CURRENT_RUNTIME_DATA	NON_DEFAULT_OVERRIDE	CURRENT_RUNTIME_DATA	gra/data/civ-matrix.json#/cywilizacje[typCywilizacji=hetyci]/params/spec_Obrona	RESERVE_DRAFT_UNRESOLVED	docs/decyzje/D-cyw-roster-6-REZERWA.md; Civ-CYWILIZACJE/draft/roster-6-REZERWA.json	DEAD_UNWIRED		2.3		NOT_ACTIVE	not computed by current consumer; retain raw Normal data	not applicable until a consumer is wired and reviewed	gra/src/game/civ-matrix.ts:41-60,71-101 (loader/accessor only); no gameplay call-site found	false
hetyci	Hetyci	1	spec_Uderzenie	jednostka_spec	absolut	units.json+combat.ts	stat_abs	9.2	0	true	CURRENT_RUNTIME_DATA	NON_DEFAULT_OVERRIDE	CURRENT_RUNTIME_DATA	gra/data/civ-matrix.json#/cywilizacje[typCywilizacji=hetyci]/params/spec_Uderzenie	RESERVE_DRAFT_UNRESOLVED	docs/decyzje/D-cyw-roster-6-REZERWA.md; Civ-CYWILIZACJE/draft/roster-6-REZERWA.json	DEAD_UNWIRED		9.2		NOT_ACTIVE	not computed by current consumer; retain raw Normal data	not applicable until a consumer is wired and reviewed	gra/src/game/civ-matrix.ts:41-60,71-101 (loader/accessor only); no gameplay call-site found	false
hetyci	Hetyci	1	spec_Pancerz	jednostka_spec	absolut	units.json+combat.ts	stat_abs	2.3	0	true	CURRENT_RUNTIME_DATA	NON_DEFAULT_OVERRIDE	CURRENT_RUNTIME_DATA	gra/data/civ-matrix.json#/cywilizacje[typCywilizacji=hetyci]/params/spec_Pancerz	RESERVE_DRAFT_UNRESOLVED	docs/decyzje/D-cyw-roster-6-REZERWA.md; Civ-CYWILIZACJE/draft/roster-6-REZERWA.json	DEAD_UNWIRED		2.3		NOT_ACTIVE	not computed by current consumer; retain raw Normal data	not applicable until a consumer is wired and reviewed	gra/src/game/civ-matrix.ts:41-60,71-101 (loader/accessor only); no gameplay call-site found	false
hetyci	Hetyci	1	spec_Przebicie	jednostka_spec	absolut	units.json+combat.ts	stat_abs	4.6	0	true	CURRENT_RUNTIME_DATA	NON_DEFAULT_OVERRIDE	CURRENT_RUNTIME_DATA	gra/data/civ-matrix.json#/cywilizacje[typCywilizacji=hetyci]/params/spec_Przebicie	RESERVE_DRAFT_UNRESOLVED	docs/decyzje/D-cyw-roster-6-REZERWA.md; Civ-CYWILIZACJE/draft/roster-6-REZERWA.json	DEAD_UNWIRED		4.6		NOT_ACTIVE	not computed by current consumer; retain raw Normal data	not applicable until a consumer is wired and reviewed	gra/src/game/civ-matrix.ts:41-60,71-101 (loader/accessor only); no gameplay call-site found	false
hetyci	Hetyci	1	spec_Health	jednostka_spec	absolut	units.json+combat.ts	stat_abs	103.5	0	true	CURRENT_RUNTIME_DATA	NON_DEFAULT_OVERRIDE	CURRENT_RUNTIME_DATA	gra/data/civ-matrix.json#/cywilizacje[typCywilizacji=hetyci]/params/spec_Health	RESERVE_DRAFT_UNRESOLVED	docs/decyzje/D-cyw-roster-6-REZERWA.md; Civ-CYWILIZACJE/draft/roster-6-REZERWA.json	DEAD_UNWIRED		103.5		NOT_ACTIVE	not computed by current consumer; retain raw Normal data	not applicable until a consumer is wired and reviewed	gra/src/game/civ-matrix.ts:41-60,71-101 (loader/accessor only); no gameplay call-site found	false
hetyci	Hetyci	1	spec_Atak_dystansowy	jednostka_spec	absolut	units.json+combat.ts	stat_abs	0	0	false	CURRENT_RUNTIME_DATA	DEFAULT_VALUE	CURRENT_RUNTIME_DEFAULT	gra/data/civ-matrix.json#/cywilizacje[typCywilizacji=hetyci]/params/spec_Atak_dystansowy	RESERVE_DRAFT_UNRESOLVED	docs/decyzje/D-cyw-roster-6-REZERWA.md; Civ-CYWILIZACJE/draft/roster-6-REZERWA.json	DEAD_UNWIRED		0		NOT_ACTIVE	not computed by current consumer; retain raw Normal data	not applicable until a consumer is wired and reviewed	gra/src/game/civ-matrix.ts:41-60,71-101 (loader/accessor only); no gameplay call-site found	false
hetyci	Hetyci	1	spec_Zasieg_hex	jednostka_spec	absolut	units.json+combat.ts	stat_abs	0	0	false	CURRENT_RUNTIME_DATA	DEFAULT_VALUE	CURRENT_RUNTIME_DEFAULT	gra/data/civ-matrix.json#/cywilizacje[typCywilizacji=hetyci]/params/spec_Zasieg_hex	RESERVE_DRAFT_UNRESOLVED	docs/decyzje/D-cyw-roster-6-REZERWA.md; Civ-CYWILIZACJE/draft/roster-6-REZERWA.json	DEAD_UNWIRED		0		NOT_ACTIVE	not computed by current consumer; retain raw Normal data	not applicable until a consumer is wired and reviewed	gra/src/game/civ-matrix.ts:41-60,71-101 (loader/accessor only); no gameplay call-site found	false
hetyci	Hetyci	1	spec_Pociski	jednostka_spec	absolut	units.json+combat.ts	stat_abs	0	0	false	CURRENT_RUNTIME_DATA	DEFAULT_VALUE	CURRENT_RUNTIME_DEFAULT	gra/data/civ-matrix.json#/cywilizacje[typCywilizacji=hetyci]/params/spec_Pociski	RESERVE_DRAFT_UNRESOLVED	docs/decyzje/D-cyw-roster-6-REZERWA.md; Civ-CYWILIZACJE/draft/roster-6-REZERWA.json	DEAD_UNWIRED		0		NOT_ACTIVE	not computed by current consumer; retain raw Normal data	not applicable until a consumer is wired and reviewed	gra/src/game/civ-matrix.ts:41-60,71-101 (loader/accessor only); no gameplay call-site found	false
hetyci	Hetyci	1	spec_Ruch_bitwa	jednostka_spec	absolut	units.json+combat.ts	stat_abs	6	0	true	CURRENT_RUNTIME_DATA	NON_DEFAULT_OVERRIDE	CURRENT_RUNTIME_DATA	gra/data/civ-matrix.json#/cywilizacje[typCywilizacji=hetyci]/params/spec_Ruch_bitwa	RESERVE_DRAFT_UNRESOLVED	docs/decyzje/D-cyw-roster-6-REZERWA.md; Civ-CYWILIZACJE/draft/roster-6-REZERWA.json	DEAD_UNWIRED		6		NOT_ACTIVE	not computed by current consumer; retain raw Normal data	not applicable until a consumer is wired and reviewed	gra/src/game/civ-matrix.ts:41-60,71-101 (loader/accessor only); no gameplay call-site found	false
hetyci	Hetyci	1	spec_Ruch_mapa	jednostka_spec	absolut	units.json+combat.ts	stat_abs	4	0	true	CURRENT_RUNTIME_DATA	NON_DEFAULT_OVERRIDE	CURRENT_RUNTIME_DATA	gra/data/civ-matrix.json#/cywilizacje[typCywilizacji=hetyci]/params/spec_Ruch_mapa	RESERVE_DRAFT_UNRESOLVED	docs/decyzje/D-cyw-roster-6-REZERWA.md; Civ-CYWILIZACJE/draft/roster-6-REZERWA.json	DEAD_UNWIRED		4		NOT_ACTIVE	not computed by current consumer; retain raw Normal data	not applicable until a consumer is wired and reviewed	gra/src/game/civ-matrix.ts:41-60,71-101 (loader/accessor only); no gameplay call-site found	false
hetyci	Hetyci	1	spec_Widok	jednostka_spec	absolut	units.json+combat.ts	stat_abs	4	0	true	CURRENT_RUNTIME_DATA	NON_DEFAULT_OVERRIDE	CURRENT_RUNTIME_DATA	gra/data/civ-matrix.json#/cywilizacje[typCywilizacji=hetyci]/params/spec_Widok	RESERVE_DRAFT_UNRESOLVED	docs/decyzje/D-cyw-roster-6-REZERWA.md; Civ-CYWILIZACJE/draft/roster-6-REZERWA.json	DEAD_UNWIRED		4		NOT_ACTIVE	not computed by current consumer; retain raw Normal data	not applicable until a consumer is wired and reviewed	gra/src/game/civ-matrix.ts:41-60,71-101 (loader/accessor only); no gameplay call-site found	false
hetyci	Hetyci	1	spec_Dezercja_proc	jednostka_spec	absolut	units.json+combat.ts	stat_abs	0.3	0	true	CURRENT_RUNTIME_DATA	NON_DEFAULT_OVERRIDE	CURRENT_RUNTIME_DATA	gra/data/civ-matrix.json#/cywilizacje[typCywilizacji=hetyci]/params/spec_Dezercja_proc	RESERVE_DRAFT_UNRESOLVED	docs/decyzje/D-cyw-roster-6-REZERWA.md; Civ-CYWILIZACJE/draft/roster-6-REZERWA.json	DEAD_UNWIRED		0.3		NOT_ACTIVE	not computed by current consumer; retain raw Normal data	not applicable until a consumer is wired and reviewed	gra/src/game/civ-matrix.ts:41-60,71-101 (loader/accessor only); no gameplay call-site found	false
hetyci	Hetyci	1	spec_Morale	jednostka_spec	absolut	units.json+combat.ts	stat_abs	100	0	true	CURRENT_RUNTIME_DATA	NON_DEFAULT_OVERRIDE	CURRENT_RUNTIME_DATA	gra/data/civ-matrix.json#/cywilizacje[typCywilizacji=hetyci]/params/spec_Morale	RESERVE_DRAFT_UNRESOLVED	docs/decyzje/D-cyw-roster-6-REZERWA.md; Civ-CYWILIZACJE/draft/roster-6-REZERWA.json	DEAD_UNWIRED		100		NOT_ACTIVE	not computed by current consumer; retain raw Normal data	not applicable until a consumer is wired and reviewed	gra/src/game/civ-matrix.ts:41-60,71-101 (loader/accessor only); no gameplay call-site found	false
hetyci	Hetyci	1	spec_Koszt_pieniadz	jednostka_spec	absolut	units.json+combat.ts	stat_abs	28	0	true	CURRENT_RUNTIME_DATA	NON_DEFAULT_OVERRIDE	CURRENT_RUNTIME_DATA	gra/data/civ-matrix.json#/cywilizacje[typCywilizacji=hetyci]/params/spec_Koszt_pieniadz	RESERVE_DRAFT_UNRESOLVED	docs/decyzje/D-cyw-roster-6-REZERWA.md; Civ-CYWILIZACJE/draft/roster-6-REZERWA.json	DEAD_UNWIRED		28		NOT_ACTIVE	not computed by current consumer; retain raw Normal data	not applicable until a consumer is wired and reviewed	gra/src/game/civ-matrix.ts:41-60,71-101 (loader/accessor only); no gameplay call-site found	false
hetyci	Hetyci	1	spec_Utrzymanie	jednostka_spec	absolut	units.json+combat.ts	stat_abs	3	0	true	CURRENT_RUNTIME_DATA	NON_DEFAULT_OVERRIDE	CURRENT_RUNTIME_DATA	gra/data/civ-matrix.json#/cywilizacje[typCywilizacji=hetyci]/params/spec_Utrzymanie	RESERVE_DRAFT_UNRESOLVED	docs/decyzje/D-cyw-roster-6-REZERWA.md; Civ-CYWILIZACJE/draft/roster-6-REZERWA.json	DEAD_UNWIRED		3		NOT_ACTIVE	not computed by current consumer; retain raw Normal data	not applicable until a consumer is wired and reviewed	gra/src/game/civ-matrix.ts:41-60,71-101 (loader/accessor only); no gameplay call-site found	false
hetyci	Hetyci	1	spec_Zywnosc_ture	jednostka_spec	absolut	units.json+combat.ts	stat_abs	1	0	true	CURRENT_RUNTIME_DATA	NON_DEFAULT_OVERRIDE	CURRENT_RUNTIME_DATA	gra/data/civ-matrix.json#/cywilizacje[typCywilizacji=hetyci]/params/spec_Zywnosc_ture	RESERVE_DRAFT_UNRESOLVED	docs/decyzje/D-cyw-roster-6-REZERWA.md; Civ-CYWILIZACJE/draft/roster-6-REZERWA.json	DEAD_UNWIRED		1		NOT_ACTIVE	not computed by current consumer; retain raw Normal data	not applicable until a consumer is wired and reviewed	gra/src/game/civ-matrix.ts:41-60,71-101 (loader/accessor only); no gameplay call-site found	false
hetyci	Hetyci	1	eko_praca_proc	ekonomia	ulamek	economy.ts	mul_proc	0	0	false	CURRENT_RUNTIME_DATA	DEFAULT_VALUE	CURRENT_RUNTIME_DEFAULT	gra/data/civ-matrix.json#/cywilizacje[typCywilizacji=hetyci]/params/eko_praca_proc	RESERVE_DRAFT_UNRESOLVED	docs/decyzje/D-cyw-roster-6-REZERWA.md; Civ-CYWILIZACJE/draft/roster-6-REZERWA.json	DEAD_UNWIRED		0		NOT_ACTIVE	not computed by current consumer; retain raw Normal data	not applicable until a consumer is wired and reviewed	gra/src/game/civ-matrix.ts:41-60,71-101 (loader/accessor only); no gameplay call-site found	false
hetyci	Hetyci	1	eko_pieniadz_proc	ekonomia	ulamek	economy.ts	mul_proc	0	0	false	CURRENT_RUNTIME_DATA	DEFAULT_VALUE	CURRENT_RUNTIME_DEFAULT	gra/data/civ-matrix.json#/cywilizacje[typCywilizacji=hetyci]/params/eko_pieniadz_proc	RESERVE_DRAFT_UNRESOLVED	docs/decyzje/D-cyw-roster-6-REZERWA.md; Civ-CYWILIZACJE/draft/roster-6-REZERWA.json	DEAD_UNWIRED		0		NOT_ACTIVE	not computed by current consumer; retain raw Normal data	not applicable until a consumer is wired and reviewed	gra/src/game/civ-matrix.ts:41-60,71-101 (loader/accessor only); no gameplay call-site found	false
hetyci	Hetyci	1	eko_pieniadz_port_proc	ekonomia	ulamek	economy.ts	mul_proc	-0.05	0	true	CURRENT_RUNTIME_DATA	NON_DEFAULT_OVERRIDE	CURRENT_RUNTIME_DATA	gra/data/civ-matrix.json#/cywilizacje[typCywilizacji=hetyci]/params/eko_pieniadz_port_proc	RESERVE_DRAFT_UNRESOLVED	docs/decyzje/D-cyw-roster-6-REZERWA.md; Civ-CYWILIZACJE/draft/roster-6-REZERWA.json	DEAD_UNWIRED		-0.05		NOT_ACTIVE	not computed by current consumer; retain raw Normal data	not applicable until a consumer is wired and reviewed	gra/src/game/civ-matrix.ts:41-60,71-101 (loader/accessor only); no gameplay call-site found	false
hetyci	Hetyci	1	eko_zywnosc_proc	ekonomia	ulamek	economy.ts	mul_proc	0	0	false	CURRENT_RUNTIME_DATA	DEFAULT_VALUE	CURRENT_RUNTIME_DEFAULT	gra/data/civ-matrix.json#/cywilizacje[typCywilizacji=hetyci]/params/eko_zywnosc_proc	RESERVE_DRAFT_UNRESOLVED	docs/decyzje/D-cyw-roster-6-REZERWA.md; Civ-CYWILIZACJE/draft/roster-6-REZERWA.json	UNWIRED		0		NOT_ACTIVE	not computed by current consumer; retain raw Normal data	not applicable until a consumer is wired and reviewed	gra/src/game/civ-matrix.ts:41-60,71-101 (loader/accessor only); no gameplay call-site found	false
hetyci	Hetyci	1	eko_nauka_proc	ekonomia	ulamek	economy.ts	mul_proc	0	0	false	CURRENT_RUNTIME_DATA	DEFAULT_VALUE	CURRENT_RUNTIME_DEFAULT	gra/data/civ-matrix.json#/cywilizacje[typCywilizacji=hetyci]/params/eko_nauka_proc	RESERVE_DRAFT_UNRESOLVED	docs/decyzje/D-cyw-roster-6-REZERWA.md; Civ-CYWILIZACJE/draft/roster-6-REZERWA.json	DEAD_UNWIRED		0		NOT_ACTIVE	not computed by current consumer; retain raw Normal data	not applicable until a consumer is wired and reviewed	gra/src/game/civ-matrix.ts:41-60,71-101 (loader/accessor only); no gameplay call-site found	false
hetyci	Hetyci	1	eko_kultura_proc	ekonomia	ulamek	economy.ts	mul_proc	0	0	false	CURRENT_RUNTIME_DATA	DEFAULT_VALUE	CURRENT_RUNTIME_DEFAULT	gra/data/civ-matrix.json#/cywilizacje[typCywilizacji=hetyci]/params/eko_kultura_proc	RESERVE_DRAFT_UNRESOLVED	docs/decyzje/D-cyw-roster-6-REZERWA.md; Civ-CYWILIZACJE/draft/roster-6-REZERWA.json	UNWIRED		0		NOT_ACTIVE	not computed by current consumer; retain raw Normal data	not applicable until a consumer is wired and reviewed	gra/src/game/civ-matrix.ts:41-60,71-101 (loader/accessor only); no gameplay call-site found	false
hetyci	Hetyci	1	eko_luksus_proc	ekonomia	ulamek	economy.ts	mul_proc	0	0	false	CURRENT_RUNTIME_DATA	DEFAULT_VALUE	CURRENT_RUNTIME_DEFAULT	gra/data/civ-matrix.json#/cywilizacje[typCywilizacji=hetyci]/params/eko_luksus_proc	RESERVE_DRAFT_UNRESOLVED	docs/decyzje/D-cyw-roster-6-REZERWA.md; Civ-CYWILIZACJE/draft/roster-6-REZERWA.json	UNWIRED		0		NOT_ACTIVE	not computed by current consumer; retain raw Normal data	not applicable until a consumer is wired and reviewed	gra/src/game/civ-matrix.ts:41-60,71-101 (loader/accessor only); no gameplay call-site found	false
hetyci	Hetyci	1	eko_zadowolenie_proc	ekonomia	ulamek	economy.ts	mul_proc	0	0	false	CURRENT_RUNTIME_DATA	DEFAULT_VALUE	CURRENT_RUNTIME_DEFAULT	gra/data/civ-matrix.json#/cywilizacje[typCywilizacji=hetyci]/params/eko_zadowolenie_proc	RESERVE_DRAFT_UNRESOLVED	docs/decyzje/D-cyw-roster-6-REZERWA.md; Civ-CYWILIZACJE/draft/roster-6-REZERWA.json	UNWIRED		0		NOT_ACTIVE	not computed by current consumer; retain raw Normal data	not applicable until a consumer is wired and reviewed	gra/src/game/civ-matrix.ts:41-60,71-101 (loader/accessor only); no gameplay call-site found	false
hetyci	Hetyci	1	eko_handel_brutto_proc	ekonomia	ulamek	economy.ts	mul_proc	0	0	false	CURRENT_RUNTIME_DATA	DEFAULT_VALUE	CURRENT_RUNTIME_DEFAULT	gra/data/civ-matrix.json#/cywilizacje[typCywilizacji=hetyci]/params/eko_handel_brutto_proc	RESERVE_DRAFT_UNRESOLVED	docs/decyzje/D-cyw-roster-6-REZERWA.md; Civ-CYWILIZACJE/draft/roster-6-REZERWA.json	DEAD_UNWIRED		0		NOT_ACTIVE	not computed by current consumer; retain raw Normal data	not applicable until a consumer is wired and reviewed	gra/src/game/civ-matrix.ts:41-60,71-101 (loader/accessor only); no gameplay call-site found	false
hetyci	Hetyci	1	eko_korupcja_proc	ekonomia	ulamek	economy.ts	mul_proc	0	0	false	CURRENT_RUNTIME_DATA	DEFAULT_VALUE	CURRENT_RUNTIME_DEFAULT	gra/data/civ-matrix.json#/cywilizacje[typCywilizacji=hetyci]/params/eko_korupcja_proc	RESERVE_DRAFT_UNRESOLVED	docs/decyzje/D-cyw-roster-6-REZERWA.md; Civ-CYWILIZACJE/draft/roster-6-REZERWA.json	UNWIRED		0		NOT_ACTIVE	not computed by current consumer; retain raw Normal data	not applicable until a consumer is wired and reviewed	gra/src/game/civ-matrix.ts:41-60,71-101 (loader/accessor only); no gameplay call-site found	false
hetyci	Hetyci	1	prod_koszt_budynku_proc	produkcja	ulamek	civ-bonuses.ts	mul_proc	0	0	false	CURRENT_RUNTIME_DATA	DEFAULT_VALUE	CURRENT_RUNTIME_DEFAULT	gra/data/civ-matrix.json#/cywilizacje[typCywilizacji=hetyci]/params/prod_koszt_budynku_proc	RESERVE_DRAFT_UNRESOLVED	docs/decyzje/D-cyw-roster-6-REZERWA.md; Civ-CYWILIZACJE/draft/roster-6-REZERWA.json	DEAD_UNWIRED		0		NOT_ACTIVE	not computed by current consumer; retain raw Normal data	not applicable until a consumer is wired and reviewed	gra/src/game/civ-matrix.ts:41-60,71-101 (loader/accessor only); no gameplay call-site found	false
hetyci	Hetyci	1	prod_koszt_jednostki_proc	produkcja	ulamek	production.ts	mul_proc	0	0	false	CURRENT_RUNTIME_DATA	DEFAULT_VALUE	CURRENT_RUNTIME_DEFAULT	gra/data/civ-matrix.json#/cywilizacje[typCywilizacji=hetyci]/params/prod_koszt_jednostki_proc	RESERVE_DRAFT_UNRESOLVED	docs/decyzje/D-cyw-roster-6-REZERWA.md; Civ-CYWILIZACJE/draft/roster-6-REZERWA.json	DEAD_UNWIRED		0		NOT_ACTIVE	not computed by current consumer; retain raw Normal data	not applicable until a consumer is wired and reviewed	gra/src/game/civ-matrix.ts:41-60,71-101 (loader/accessor only); no gameplay call-site found	false
hetyci	Hetyci	1	prod_szybkosc_budynku_proc	produkcja	ulamek	production.ts	mul_proc	0	0	false	CURRENT_RUNTIME_DATA	DEFAULT_VALUE	CURRENT_RUNTIME_DEFAULT	gra/data/civ-matrix.json#/cywilizacje[typCywilizacji=hetyci]/params/prod_szybkosc_budynku_proc	RESERVE_DRAFT_UNRESOLVED	docs/decyzje/D-cyw-roster-6-REZERWA.md; Civ-CYWILIZACJE/draft/roster-6-REZERWA.json	UNWIRED		0		NOT_ACTIVE	not computed by current consumer; retain raw Normal data	not applicable until a consumer is wired and reviewed	gra/src/game/civ-matrix.ts:41-60,71-101 (loader/accessor only); no gameplay call-site found	false
hetyci	Hetyci	1	prod_szybkosc_jednostki_proc	produkcja	ulamek	production.ts	mul_proc	0	0	false	CURRENT_RUNTIME_DATA	DEFAULT_VALUE	CURRENT_RUNTIME_DEFAULT	gra/data/civ-matrix.json#/cywilizacje[typCywilizacji=hetyci]/params/prod_szybkosc_jednostki_proc	RESERVE_DRAFT_UNRESOLVED	docs/decyzje/D-cyw-roster-6-REZERWA.md; Civ-CYWILIZACJE/draft/roster-6-REZERWA.json	UNWIRED		0		NOT_ACTIVE	not computed by current consumer; retain raw Normal data	not applicable until a consumer is wired and reviewed	gra/src/game/civ-matrix.ts:41-60,71-101 (loader/accessor only); no gameplay call-site found	false
hetyci	Hetyci	1	prod_rush_koszt_proc	produkcja	ulamek	production.ts	mul_proc	0	0	false	CURRENT_RUNTIME_DATA	DEFAULT_VALUE	CURRENT_RUNTIME_DEFAULT	gra/data/civ-matrix.json#/cywilizacje[typCywilizacji=hetyci]/params/prod_rush_koszt_proc	RESERVE_DRAFT_UNRESOLVED	docs/decyzje/D-cyw-roster-6-REZERWA.md; Civ-CYWILIZACJE/draft/roster-6-REZERWA.json	UNWIRED		0		NOT_ACTIVE	not computed by current consumer; retain raw Normal data	not applicable until a consumer is wired and reviewed	gra/src/game/civ-matrix.ts:41-60,71-101 (loader/accessor only); no gameplay call-site found	false
hetyci	Hetyci	1	lud_wzrost_proc	ludnosc	ulamek	economy.ts	mul_proc	0	0	false	CURRENT_RUNTIME_DATA	DEFAULT_VALUE	CURRENT_RUNTIME_DEFAULT	gra/data/civ-matrix.json#/cywilizacje[typCywilizacji=hetyci]/params/lud_wzrost_proc	RESERVE_DRAFT_UNRESOLVED	docs/decyzje/D-cyw-roster-6-REZERWA.md; Civ-CYWILIZACJE/draft/roster-6-REZERWA.json	REAL_GAMEPLAY	0.0	0	0.0	GROWTH_DIFFICULTY_MULT	easy=raw*0.5; normal=raw; hard=raw*1.5; contribution rounded to percent	wyżej = szybszy wzrost i silniejszy AI; Hard ×1.5, Easy ×0.5	gra/src/game/population-growth-v85.ts:84-90,230-232	false
hetyci	Hetyci	1	lud_spadek_proc	ludnosc	ulamek	economy.ts	mul_proc	0	0	false	CURRENT_RUNTIME_DATA	DEFAULT_VALUE	CURRENT_RUNTIME_DEFAULT	gra/data/civ-matrix.json#/cywilizacje[typCywilizacji=hetyci]/params/lud_spadek_proc	RESERVE_DRAFT_UNRESOLVED	docs/decyzje/D-cyw-roster-6-REZERWA.md; Civ-CYWILIZACJE/draft/roster-6-REZERWA.json	UNWIRED		0		NOT_ACTIVE	not computed by current consumer; retain raw Normal data	not applicable until a consumer is wired and reviewed	gra/src/game/civ-matrix.ts:41-60,71-101 (loader/accessor only); no gameplay call-site found	false
hetyci	Hetyci	1	lud_zdrowie_proc	ludnosc	ulamek	turn-economy.ts	mul_proc	0	0	false	CURRENT_RUNTIME_DATA	DEFAULT_VALUE	CURRENT_RUNTIME_DEFAULT	gra/data/civ-matrix.json#/cywilizacje[typCywilizacji=hetyci]/params/lud_zdrowie_proc	RESERVE_DRAFT_UNRESOLVED	docs/decyzje/D-cyw-roster-6-REZERWA.md; Civ-CYWILIZACJE/draft/roster-6-REZERWA.json	UNWIRED		0		NOT_ACTIVE	not computed by current consumer; retain raw Normal data	not applicable until a consumer is wired and reviewed	gra/src/game/civ-matrix.ts:41-60,71-101 (loader/accessor only); no gameplay call-site found	false
hetyci	Hetyci	1	lud_zadowolenie_bazowe	ludnosc	absolut	culture-religion.ts	add	0	0	false	CURRENT_RUNTIME_DATA	DEFAULT_VALUE	CURRENT_RUNTIME_DEFAULT	gra/data/civ-matrix.json#/cywilizacje[typCywilizacji=hetyci]/params/lud_zadowolenie_bazowe	RESERVE_DRAFT_UNRESOLVED	docs/decyzje/D-cyw-roster-6-REZERWA.md; Civ-CYWILIZACJE/draft/roster-6-REZERWA.json	UNWIRED		0		NOT_ACTIVE	not computed by current consumer; retain raw Normal data	not applicable until a consumer is wired and reviewed	gra/src/game/civ-matrix.ts:41-60,71-101 (loader/accessor only); no gameplay call-site found	false
hetyci	Hetyci	1	lud_limit_populacji	ludnosc	absolut	cities.ts	add	10	10	false	CURRENT_RUNTIME_DATA	DEFAULT_VALUE	CURRENT_RUNTIME_DEFAULT	gra/data/civ-matrix.json#/cywilizacje[typCywilizacji=hetyci]/params/lud_limit_populacji	RESERVE_DRAFT_UNRESOLVED	docs/decyzje/D-cyw-roster-6-REZERWA.md; Civ-CYWILIZACJE/draft/roster-6-REZERWA.json	UNWIRED		10		NOT_ACTIVE	not computed by current consumer; retain raw Normal data	not applicable until a consumer is wired and reviewed	gra/src/game/civ-matrix.ts:41-60,71-101 (loader/accessor only); no gameplay call-site found	false
hetyci	Hetyci	1	mp_regen_proc	manpower	ulamek	manpower.ts	mul_proc	0	0	false	CURRENT_RUNTIME_DATA	DEFAULT_VALUE	CURRENT_RUNTIME_DEFAULT	gra/data/civ-matrix.json#/cywilizacje[typCywilizacji=hetyci]/params/mp_regen_proc	RESERVE_DRAFT_UNRESOLVED	docs/decyzje/D-cyw-roster-6-REZERWA.md; Civ-CYWILIZACJE/draft/roster-6-REZERWA.json	DEAD_UNWIRED		0		NOT_ACTIVE	not computed by current consumer; retain raw Normal data	not applicable until a consumer is wired and reviewed	gra/src/game/civ-matrix.ts:41-60,71-101 (loader/accessor only); no gameplay call-site found	false
hetyci	Hetyci	1	mp_max_proc	manpower	ulamek	manpower.ts	mul_proc	0	0	false	CURRENT_RUNTIME_DATA	DEFAULT_VALUE	CURRENT_RUNTIME_DEFAULT	gra/data/civ-matrix.json#/cywilizacje[typCywilizacji=hetyci]/params/mp_max_proc	RESERVE_DRAFT_UNRESOLVED	docs/decyzje/D-cyw-roster-6-REZERWA.md; Civ-CYWILIZACJE/draft/roster-6-REZERWA.json	UNWIRED		0		NOT_ACTIVE	not computed by current consumer; retain raw Normal data	not applicable until a consumer is wired and reviewed	gra/src/game/civ-matrix.ts:41-60,71-101 (loader/accessor only); no gameplay call-site found	false
hetyci	Hetyci	1	mp_koszt_jednostki_proc	manpower	ulamek	manpower.ts	mul_proc	0	0	false	CURRENT_RUNTIME_DATA	DEFAULT_VALUE	CURRENT_RUNTIME_DEFAULT	gra/data/civ-matrix.json#/cywilizacje[typCywilizacji=hetyci]/params/mp_koszt_jednostki_proc	RESERVE_DRAFT_UNRESOLVED	docs/decyzje/D-cyw-roster-6-REZERWA.md; Civ-CYWILIZACJE/draft/roster-6-REZERWA.json	UNWIRED		0		NOT_ACTIVE	not computed by current consumer; retain raw Normal data	not applicable until a consumer is wired and reviewed	gra/src/game/civ-matrix.ts:41-60,71-101 (loader/accessor only); no gameplay call-site found	false
hetyci	Hetyci	1	wealth_cap_proc	spoleczenstwo	ulamek	wealth.ts	mul_proc	0	0	false	CURRENT_RUNTIME_DATA	DEFAULT_VALUE	CURRENT_RUNTIME_DEFAULT	gra/data/civ-matrix.json#/cywilizacje[typCywilizacji=hetyci]/params/wealth_cap_proc	RESERVE_DRAFT_UNRESOLVED	docs/decyzje/D-cyw-roster-6-REZERWA.md; Civ-CYWILIZACJE/draft/roster-6-REZERWA.json	UNWIRED		0		NOT_ACTIVE	not computed by current consumer; retain raw Normal data	not applicable until a consumer is wired and reviewed	gra/src/game/civ-matrix.ts:41-60,71-101 (loader/accessor only); no gameplay call-site found	false
hetyci	Hetyci	1	wealth_mnoznik_proc	spoleczenstwo	ulamek	wealth.ts	mul_proc	0	0	false	CURRENT_RUNTIME_DATA	DEFAULT_VALUE	CURRENT_RUNTIME_DEFAULT	gra/data/civ-matrix.json#/cywilizacje[typCywilizacji=hetyci]/params/wealth_mnoznik_proc	RESERVE_DRAFT_UNRESOLVED	docs/decyzje/D-cyw-roster-6-REZERWA.md; Civ-CYWILIZACJE/draft/roster-6-REZERWA.json	UNWIRED		0		NOT_ACTIVE	not computed by current consumer; retain raw Normal data	not applicable until a consumer is wired and reviewed	gra/src/game/civ-matrix.ts:41-60,71-101 (loader/accessor only); no gameplay call-site found	false
hetyci	Hetyci	1	kultura_naplyw_proc	spoleczenstwo	ulamek	culture-religion.ts	mul_proc	0	0	false	CURRENT_RUNTIME_DATA	DEFAULT_VALUE	CURRENT_RUNTIME_DEFAULT	gra/data/civ-matrix.json#/cywilizacje[typCywilizacji=hetyci]/params/kultura_naplyw_proc	RESERVE_DRAFT_UNRESOLVED	docs/decyzje/D-cyw-roster-6-REZERWA.md; Civ-CYWILIZACJE/draft/roster-6-REZERWA.json	UNWIRED		0		NOT_ACTIVE	not computed by current consumer; retain raw Normal data	not applicable until a consumer is wired and reviewed	gra/src/game/civ-matrix.ts:41-60,71-101 (loader/accessor only); no gameplay call-site found	false
hetyci	Hetyci	1	religia_spread_proc	spoleczenstwo	ulamek	culture-religion.ts	mul_proc	0	0	false	CURRENT_RUNTIME_DATA	DEFAULT_VALUE	CURRENT_RUNTIME_DEFAULT	gra/data/civ-matrix.json#/cywilizacje[typCywilizacji=hetyci]/params/religia_spread_proc	RESERVE_DRAFT_UNRESOLVED	docs/decyzje/D-cyw-roster-6-REZERWA.md; Civ-CYWILIZACJE/draft/roster-6-REZERWA.json	UNWIRED		0		NOT_ACTIVE	not computed by current consumer; retain raw Normal data	not applicable until a consumer is wired and reviewed	gra/src/game/civ-matrix.ts:41-60,71-101 (loader/accessor only); no gameplay call-site found	false
hetyci	Hetyci	1	porzadek_produkcja_proc	spoleczenstwo	ulamek	order.ts	mul_proc	0	0	false	CURRENT_RUNTIME_DATA	DEFAULT_VALUE	CURRENT_RUNTIME_DEFAULT	gra/data/civ-matrix.json#/cywilizacje[typCywilizacji=hetyci]/params/porzadek_produkcja_proc	RESERVE_DRAFT_UNRESOLVED	docs/decyzje/D-cyw-roster-6-REZERWA.md; Civ-CYWILIZACJE/draft/roster-6-REZERWA.json	UNWIRED		0		NOT_ACTIVE	not computed by current consumer; retain raw Normal data	not applicable until a consumer is wired and reviewed	gra/src/game/civ-matrix.ts:41-60,71-101 (loader/accessor only); no gameplay call-site found	false
hetyci	Hetyci	1	porzadek_pieniadz_proc	spoleczenstwo	ulamek	order.ts	mul_proc	0	0	false	CURRENT_RUNTIME_DATA	DEFAULT_VALUE	CURRENT_RUNTIME_DEFAULT	gra/data/civ-matrix.json#/cywilizacje[typCywilizacji=hetyci]/params/porzadek_pieniadz_proc	RESERVE_DRAFT_UNRESOLVED	docs/decyzje/D-cyw-roster-6-REZERWA.md; Civ-CYWILIZACJE/draft/roster-6-REZERWA.json	UNWIRED		0		NOT_ACTIVE	not computed by current consumer; retain raw Normal data	not applicable until a consumer is wired and reviewed	gra/src/game/civ-matrix.ts:41-60,71-101 (loader/accessor only); no gameplay call-site found	false
hetyci	Hetyci	1	porzadek_nauka_proc	spoleczenstwo	ulamek	order.ts	mul_proc	0	0	false	CURRENT_RUNTIME_DATA	DEFAULT_VALUE	CURRENT_RUNTIME_DEFAULT	gra/data/civ-matrix.json#/cywilizacje[typCywilizacji=hetyci]/params/porzadek_nauka_proc	RESERVE_DRAFT_UNRESOLVED	docs/decyzje/D-cyw-roster-6-REZERWA.md; Civ-CYWILIZACJE/draft/roster-6-REZERWA.json	UNWIRED		0		NOT_ACTIVE	not computed by current consumer; retain raw Normal data	not applicable until a consumer is wired and reviewed	gra/src/game/civ-matrix.ts:41-60,71-101 (loader/accessor only); no gameplay call-site found	false
hetyci	Hetyci	1	porzadek_kultura_proc	spoleczenstwo	ulamek	order.ts	mul_proc	0	0	false	CURRENT_RUNTIME_DATA	DEFAULT_VALUE	CURRENT_RUNTIME_DEFAULT	gra/data/civ-matrix.json#/cywilizacje[typCywilizacji=hetyci]/params/porzadek_kultura_proc	RESERVE_DRAFT_UNRESOLVED	docs/decyzje/D-cyw-roster-6-REZERWA.md; Civ-CYWILIZACJE/draft/roster-6-REZERWA.json	UNWIRED		0		NOT_ACTIVE	not computed by current consumer; retain raw Normal data	not applicable until a consumer is wired and reviewed	gra/src/game/civ-matrix.ts:41-60,71-101 (loader/accessor only); no gameplay call-site found	false
hetyci	Hetyci	1	porzadek_wzrost_proc	spoleczenstwo	ulamek	order.ts	mul_proc	0	0	false	CURRENT_RUNTIME_DATA	DEFAULT_VALUE	CURRENT_RUNTIME_DEFAULT	gra/data/civ-matrix.json#/cywilizacje[typCywilizacji=hetyci]/params/porzadek_wzrost_proc	RESERVE_DRAFT_UNRESOLVED	docs/decyzje/D-cyw-roster-6-REZERWA.md; Civ-CYWILIZACJE/draft/roster-6-REZERWA.json	UNWIRED		0		NOT_ACTIVE	not computed by current consumer; retain raw Normal data	not applicable until a consumer is wired and reviewed	gra/src/game/civ-matrix.ts:41-60,71-101 (loader/accessor only); no gameplay call-site found	false
hetyci	Hetyci	1	obl_obrona_miasta_proc	obleczenie	ulamek	siege.ts	mul_proc	0	0	false	CURRENT_RUNTIME_DATA	DEFAULT_VALUE	CURRENT_RUNTIME_DEFAULT	gra/data/civ-matrix.json#/cywilizacje[typCywilizacji=hetyci]/params/obl_obrona_miasta_proc	RESERVE_DRAFT_UNRESOLVED	docs/decyzje/D-cyw-roster-6-REZERWA.md; Civ-CYWILIZACJE/draft/roster-6-REZERWA.json	UNWIRED		0		NOT_ACTIVE	not computed by current consumer; retain raw Normal data	not applicable until a consumer is wired and reviewed	gra/src/game/civ-matrix.ts:41-60,71-101 (loader/accessor only); no gameplay call-site found	false
hetyci	Hetyci	1	obl_mur_proc	obleczenie	ulamek	siege.ts	mul_proc	0	0	false	CURRENT_RUNTIME_DATA	DEFAULT_VALUE	CURRENT_RUNTIME_DEFAULT	gra/data/civ-matrix.json#/cywilizacje[typCywilizacji=hetyci]/params/obl_mur_proc	RESERVE_DRAFT_UNRESOLVED	docs/decyzje/D-cyw-roster-6-REZERWA.md; Civ-CYWILIZACJE/draft/roster-6-REZERWA.json	UNWIRED		0		NOT_ACTIVE	not computed by current consumer; retain raw Normal data	not applicable until a consumer is wired and reviewed	gra/src/game/civ-matrix.ts:41-60,71-101 (loader/accessor only); no gameplay call-site found	false
hetyci	Hetyci	1	obl_machines_proc	obleczenie	ulamek	siegeMachines.ts	mul_proc	0	0	false	CURRENT_RUNTIME_DATA	DEFAULT_VALUE	CURRENT_RUNTIME_DEFAULT	gra/data/civ-matrix.json#/cywilizacje[typCywilizacji=hetyci]/params/obl_machines_proc	RESERVE_DRAFT_UNRESOLVED	docs/decyzje/D-cyw-roster-6-REZERWA.md; Civ-CYWILIZACJE/draft/roster-6-REZERWA.json	UNWIRED		0		NOT_ACTIVE	not computed by current consumer; retain raw Normal data	not applicable until a consumer is wired and reviewed	gra/src/game/civ-matrix.ts:41-60,71-101 (loader/accessor only); no gameplay call-site found	false
hetyci	Hetyci	1	dip_sklonnosc_sojusze	dyplomacja	skala_1_10	diplomacy.ts	skala	5	5	false	CURRENT_RUNTIME_DATA	DEFAULT_VALUE	CURRENT_RUNTIME_DEFAULT	gra/data/civ-matrix.json#/cywilizacje[typCywilizacji=hetyci]/params/dip_sklonnosc_sojusze	RESERVE_DRAFT_UNRESOLVED	docs/decyzje/D-cyw-roster-6-REZERWA.md; Civ-CYWILIZACJE/draft/roster-6-REZERWA.json	UI_ONLY		5		DISPLAY_RAW	display reads raw value; no gameplay Easy/Normal/Hard effect	etykieta UI; brak wpływu na wynik gry	gra/src/game/diplomacy-display.ts:54-59,116-122	false
hetyci	Hetyci	1	dip_lojalnosc	dyplomacja	skala_1_10	diplomacy.ts	skala	6	5	true	CURRENT_RUNTIME_DATA	NON_DEFAULT_OVERRIDE	CURRENT_RUNTIME_DATA	gra/data/civ-matrix.json#/cywilizacje[typCywilizacji=hetyci]/params/dip_lojalnosc	RESERVE_DRAFT_UNRESOLVED	docs/decyzje/D-cyw-roster-6-REZERWA.md; Civ-CYWILIZACJE/draft/roster-6-REZERWA.json	UI_ONLY		6		DISPLAY_RAW	display reads raw value; no gameplay Easy/Normal/Hard effect	etykieta UI; brak wpływu na wynik gry	gra/src/game/diplomacy-display.ts:64-69,116-122	false
hetyci	Hetyci	1	dip_prog_wojny	dyplomacja	skala_1_10	diplomacy.ts	skala	5	5	false	CURRENT_RUNTIME_DATA	DEFAULT_VALUE	CURRENT_RUNTIME_DEFAULT	gra/data/civ-matrix.json#/cywilizacje[typCywilizacji=hetyci]/params/dip_prog_wojny	RESERVE_DRAFT_UNRESOLVED	docs/decyzje/D-cyw-roster-6-REZERWA.md; Civ-CYWILIZACJE/draft/roster-6-REZERWA.json	UI_ONLY		5		DISPLAY_RAW	display reads raw value; no gameplay Easy/Normal/Hard effect	etykieta UI; brak wpływu na wynik gry	gra/src/game/diplomacy-display.ts:73-78,116-122	false
hetyci	Hetyci	1	dip_pamietliwosc	dyplomacja	skala_1_10	diplomacy.ts	skala	5	5	false	CURRENT_RUNTIME_DATA	DEFAULT_VALUE	CURRENT_RUNTIME_DEFAULT	gra/data/civ-matrix.json#/cywilizacje[typCywilizacji=hetyci]/params/dip_pamietliwosc	RESERVE_DRAFT_UNRESOLVED	docs/decyzje/D-cyw-roster-6-REZERWA.md; Civ-CYWILIZACJE/draft/roster-6-REZERWA.json	UI_ONLY		5		DISPLAY_RAW	display reads raw value; no gameplay Easy/Normal/Hard effect	etykieta UI; brak wpływu na wynik gry	gra/src/game/diplomacy-display.ts:82-87,116-122	false
hetyci	Hetyci	1	dip_otwartosc_handel	dyplomacja	skala_1_10	diplomacy.ts	skala	5	5	false	CURRENT_RUNTIME_DATA	DEFAULT_VALUE	CURRENT_RUNTIME_DEFAULT	gra/data/civ-matrix.json#/cywilizacje[typCywilizacji=hetyci]/params/dip_otwartosc_handel	RESERVE_DRAFT_UNRESOLVED	docs/decyzje/D-cyw-roster-6-REZERWA.md; Civ-CYWILIZACJE/draft/roster-6-REZERWA.json	UI_ONLY		5		DISPLAY_RAW	display reads raw value; no gameplay Easy/Normal/Hard effect	etykieta UI; brak wpływu na wynik gry	gra/src/game/diplomacy-display.ts:44-49,116-122	false
hetyci	Hetyci	1	dip_nastawienie_bazowe	dyplomacja	absolut	diplomacy.ts	add	52	50	true	CURRENT_RUNTIME_DATA	NON_DEFAULT_OVERRIDE	CURRENT_RUNTIME_DATA	gra/data/civ-matrix.json#/cywilizacje[typCywilizacji=hetyci]/params/dip_nastawienie_bazowe	RESERVE_DRAFT_UNRESOLVED	docs/decyzje/D-cyw-roster-6-REZERWA.md; Civ-CYWILIZACJE/draft/roster-6-REZERWA.json	REAL_GAMEPLAY	52	52	52	CURRENT_NEUTRAL_CALLER_OMITS_DIFFICULTY	current easy=raw; normal=raw; hard=raw; caller uses default normal	direction requires decision; no arbitrary Easy/Hard	gra/src/game/civ-ai-data.ts:205-217; gra/src/game/diplomacy.ts:1376-1380	false
hetyci	Hetyci	1	dip_agresja_archetyp	dyplomacja	ulamek_0_1	diplomacy.ts	mul_abs	0.45	0.5	true	CURRENT_RUNTIME_DATA	NON_DEFAULT_OVERRIDE	CURRENT_RUNTIME_DATA	gra/data/civ-matrix.json#/cywilizacje[typCywilizacji=hetyci]/params/dip_agresja_archetyp	RESERVE_DRAFT_UNRESOLVED	docs/decyzje/D-cyw-roster-6-REZERWA.md; Civ-CYWILIZACJE/draft/roster-6-REZERWA.json	DEAD_UNWIRED		0.45		NOT_ACTIVE	not computed by current consumer; retain raw Normal data	not applicable until a consumer is wired and reviewed	gra/src/game/civ-matrix.ts:41-60,71-101 (loader/accessor only); no gameplay call-site found	false
hetyci	Hetyci	1	dip_handlowosc_archetyp	dyplomacja	ulamek_0_1	diplomacy.ts	mul_abs	0.5	0.5	false	CURRENT_RUNTIME_DATA	DEFAULT_VALUE	CURRENT_RUNTIME_DEFAULT	gra/data/civ-matrix.json#/cywilizacje[typCywilizacji=hetyci]/params/dip_handlowosc_archetyp	RESERVE_DRAFT_UNRESOLVED	docs/decyzje/D-cyw-roster-6-REZERWA.md; Civ-CYWILIZACJE/draft/roster-6-REZERWA.json	REAL_GAMEPLAY	0.5	0.5	0.5	CURRENT_NEUTRAL_MUL_ABS	current easy=raw; normal=raw; hard=raw because formula=mul_abs	direction requires decision; no arbitrary Easy/Hard	gra/src/game/civ-ai-data.ts:184-198; gra/src/game/diplomacy.ts:1267-1270; gra/src/main.ts:19553-19556,33555-33559,33916-33919	false
hetyci	Hetyci	1	ai_agresywnosc	ai	skala_1_10	civ-ai-data.ts	skala	5	5	false	CURRENT_RUNTIME_DATA	DEFAULT_VALUE	CURRENT_RUNTIME_DEFAULT	gra/data/civ-matrix.json#/cywilizacje[typCywilizacji=hetyci]/params/ai_agresywnosc	RESERVE_DRAFT_UNRESOLVED	docs/decyzje/D-cyw-roster-6-REZERWA.md; Civ-CYWILIZACJE/draft/roster-6-REZERWA.json	REAL_GAMEPLAY	4	5	6	SKALA_1_10	easy=max(1,normal-1); normal=normal; hard=min(10,normal+1); /10	wyżej = bardziej agresywny AI; Hard +1, Easy -1	gra/src/game/civ-ai-data.ts:38-53,156-178; gra/src/game/diplomacy.ts:1261-1266; gra/src/main.ts:19784-19790,33910-33915; gra/src/game/ai.ts:4974-5036,5184-5187	false
hetyci	Hetyci	1	ai_ekspansywnosc	ai	skala_1_10	civ-ai-data.ts	skala	3	5	true	CURRENT_RUNTIME_DATA	NON_DEFAULT_OVERRIDE	CURRENT_RUNTIME_DATA	gra/data/civ-matrix.json#/cywilizacje[typCywilizacji=hetyci]/params/ai_ekspansywnosc	RESERVE_DRAFT_UNRESOLVED	docs/decyzje/D-cyw-roster-6-REZERWA.md; Civ-CYWILIZACJE/draft/roster-6-REZERWA.json	REAL_GAMEPLAY	2	3	4	SKALA_1_10	easy=max(1,normal-1); normal=normal; hard=min(10,normal+1)	wyżej = większa ekspansja; Hard +1, Easy -1	gra/src/game/civ-ai-data.ts:74-102; gra/src/main.ts:33264-33296; gra/src/game/ai.ts:506-513,1097-1117,2857-2868,4257-4264	false
hetyci	Hetyci	1	ai_priorytet_militarny	ai	skala_1_10	civ-ai-data.ts	skala	6	5	true	CURRENT_RUNTIME_DATA	NON_DEFAULT_OVERRIDE	CURRENT_RUNTIME_DATA	gra/data/civ-matrix.json#/cywilizacje[typCywilizacji=hetyci]/params/ai_priorytet_militarny	RESERVE_DRAFT_UNRESOLVED	docs/decyzje/D-cyw-roster-6-REZERWA.md; Civ-CYWILIZACJE/draft/roster-6-REZERWA.json	REAL_GAMEPLAY	5	6	7	SKALA_1_10	easy=max(1,normal-1); normal=normal; hard=min(10,normal+1); delta=(value-5)*15	wyżej = większy score wojskowy; Hard +1, Easy -1	gra/src/game/civ-ai-data.ts:74-102; gra/src/main.ts:33264-33296; gra/src/game/ai-production-priorities.ts:6-27; gra/src/game/ai.ts:1672-1676	false
hetyci	Hetyci	1	ai_priorytet_ekonomia	ai	skala_1_10	civ-ai-data.ts	skala	5	5	false	CURRENT_RUNTIME_DATA	DEFAULT_VALUE	CURRENT_RUNTIME_DEFAULT	gra/data/civ-matrix.json#/cywilizacje[typCywilizacji=hetyci]/params/ai_priorytet_ekonomia	RESERVE_DRAFT_UNRESOLVED	docs/decyzje/D-cyw-roster-6-REZERWA.md; Civ-CYWILIZACJE/draft/roster-6-REZERWA.json	REAL_GAMEPLAY	4	5	6	SKALA_1_10	easy=max(1,normal-1); normal=normal; hard=min(10,normal+1); delta=(value-5)*15	wyżej = większy score ekonomiczny; Hard +1, Easy -1	gra/src/game/civ-ai-data.ts:74-102; gra/src/main.ts:33264-33296; gra/src/game/ai-production-priorities.ts:6-27; gra/src/game/ai.ts:1672-1676	false
hetyci	Hetyci	1	ai_priorytet_nauka	ai	skala_1_10	civ-ai-data.ts	skala	4	5	true	CURRENT_RUNTIME_DATA	NON_DEFAULT_OVERRIDE	CURRENT_RUNTIME_DATA	gra/data/civ-matrix.json#/cywilizacje[typCywilizacji=hetyci]/params/ai_priorytet_nauka	RESERVE_DRAFT_UNRESOLVED	docs/decyzje/D-cyw-roster-6-REZERWA.md; Civ-CYWILIZACJE/draft/roster-6-REZERWA.json	REAL_GAMEPLAY	3	4	5	SKALA_1_10	easy=max(1,normal-1); normal=normal; hard=min(10,normal+1); delta=(value-5)*15	wyżej = większy score nauki; Hard +1, Easy -1	gra/src/game/civ-ai-data.ts:74-102; gra/src/main.ts:33264-33296; gra/src/game/ai-production-priorities.ts:6-27; gra/src/game/ai.ts:1672-1676	false
hetyci	Hetyci	1	ai_tolerancja_ryzyka	ai	skala_1_10	civ-ai-data.ts	skala	4	5	true	CURRENT_RUNTIME_DATA	NON_DEFAULT_OVERRIDE	CURRENT_RUNTIME_DATA	gra/data/civ-matrix.json#/cywilizacje[typCywilizacji=hetyci]/params/ai_tolerancja_ryzyka	RESERVE_DRAFT_UNRESOLVED	docs/decyzje/D-cyw-roster-6-REZERWA.md; Civ-CYWILIZACJE/draft/roster-6-REZERWA.json	REAL_GAMEPLAY	3	4	5	SKALA_1_10	easy=max(1,normal-1); normal=normal; hard=min(10,normal+1)	wyżej = większa tolerancja ryzyka wojny; Hard +1, Easy -1	gra/src/game/civ-ai-data.ts:74-102; gra/src/main.ts:33924-33927; gra/src/game/ai.ts:4974-5036,5184-5187	false
hetyci	Hetyci	1	ai_sklonnosc_podboju	ai	skala_1_10	civ-ai-data.ts	skala	3	5	true	CURRENT_RUNTIME_DATA	NON_DEFAULT_OVERRIDE	CURRENT_RUNTIME_DATA	gra/data/civ-matrix.json#/cywilizacje[typCywilizacji=hetyci]/params/ai_sklonnosc_podboju	RESERVE_DRAFT_UNRESOLVED	docs/decyzje/D-cyw-roster-6-REZERWA.md; Civ-CYWILIZACJE/draft/roster-6-REZERWA.json	REAL_GAMEPLAY	2	3	4	SKALA_1_10	easy=max(1,normal-1); normal=normal; hard=min(10,normal+1)	wyżej = większa skłonność do podboju; Hard +1, Easy -1	gra/src/game/civ-ai-data.ts:74-102; gra/src/main.ts:33264-33296,33924-33927; gra/src/game/ai.ts:4974-5036,5184-5187	false
hetyci	Hetyci	1	ai_profil_obronna	ai	flag_0_1	civ-ai-data.ts	flag	1	0	true	CURRENT_RUNTIME_DATA	NON_DEFAULT_OVERRIDE	CURRENT_RUNTIME_DATA	gra/data/civ-matrix.json#/cywilizacje[typCywilizacji=hetyci]/params/ai_profil_obronna	RESERVE_DRAFT_UNRESOLVED	docs/decyzje/D-cyw-roster-6-REZERWA.md; Civ-CYWILIZACJE/draft/roster-6-REZERWA.json	REAL_GAMEPLAY	1	1	1	FLAG_IDENTITY	flag raw 0/1 at Easy/Normal/Hard	1 = defensive-copy map profile; no difficulty delta	gra/src/game/civ-ai-data.ts:56-71,119-123; gra/src/main.ts:9169-9173	false
slowianie	Słowianie	1	meta_epoka_kamien	meta	flag_0_1	start-preview.ts	flag	0	0	false	CURRENT_RUNTIME_DATA	DEFAULT_VALUE	CURRENT_RUNTIME_DEFAULT	gra/data/civ-matrix.json#/cywilizacje[typCywilizacji=slowianie]/params/meta_epoka_kamien	RESERVE_DRAFT_UNRESOLVED	docs/decyzje/D-cyw-roster-6-REZERWA.md; Civ-CYWILIZACJE/draft/roster-6-REZERWA.json	DEAD_UNWIRED		0		NOT_ACTIVE	not computed by current consumer; retain raw Normal data	not applicable until a consumer is wired and reviewed	gra/src/game/civ-matrix.ts:41-60,71-101 (loader/accessor only); no gameplay call-site found	false
slowianie	Słowianie	1	meta_epoka_braz	meta	flag_0_1	start-preview.ts	flag	0	0	false	CURRENT_RUNTIME_DATA	DEFAULT_VALUE	CURRENT_RUNTIME_DEFAULT	gra/data/civ-matrix.json#/cywilizacje[typCywilizacji=slowianie]/params/meta_epoka_braz	RESERVE_DRAFT_UNRESOLVED	docs/decyzje/D-cyw-roster-6-REZERWA.md; Civ-CYWILIZACJE/draft/roster-6-REZERWA.json	DEAD_UNWIRED		0		NOT_ACTIVE	not computed by current consumer; retain raw Normal data	not applicable until a consumer is wired and reviewed	gra/src/game/civ-matrix.ts:41-60,71-101 (loader/accessor only); no gameplay call-site found	false
slowianie	Słowianie	1	meta_epoka_zelazo	meta	flag_0_1	start-preview.ts	flag	1	0	true	CURRENT_RUNTIME_DATA	NON_DEFAULT_OVERRIDE	CURRENT_RUNTIME_DATA	gra/data/civ-matrix.json#/cywilizacje[typCywilizacji=slowianie]/params/meta_epoka_zelazo	RESERVE_DRAFT_UNRESOLVED	docs/decyzje/D-cyw-roster-6-REZERWA.md; Civ-CYWILIZACJE/draft/roster-6-REZERWA.json	DEAD_UNWIRED		1		NOT_ACTIVE	not computed by current consumer; retain raw Normal data	not applicable until a consumer is wired and reviewed	gra/src/game/civ-matrix.ts:41-60,71-101 (loader/accessor only); no gameplay call-site found	false
slowianie	Słowianie	1	meta_mnoznik_waluta	meta	absolut	economy.ts	mul_abs	1.8	2	true	CURRENT_RUNTIME_DATA	NON_DEFAULT_OVERRIDE	CURRENT_RUNTIME_DATA	gra/data/civ-matrix.json#/cywilizacje[typCywilizacji=slowianie]/params/meta_mnoznik_waluta	RESERVE_DRAFT_UNRESOLVED	docs/decyzje/D-cyw-roster-6-REZERWA.md; Civ-CYWILIZACJE/draft/roster-6-REZERWA.json	DEAD_UNWIRED		1.8		NOT_ACTIVE	not computed by current consumer; retain raw Normal data	not applicable until a consumer is wired and reviewed	gra/src/game/civ-matrix.ts:41-60,71-101 (loader/accessor only); no gameplay call-site found	false
slowianie	Słowianie	1	meta_tier_roster	meta	absolut	civ-roster.ts	mul_abs	1	1	false	CURRENT_RUNTIME_DATA	DEFAULT_VALUE	CURRENT_RUNTIME_DEFAULT	gra/data/civ-matrix.json#/cywilizacje[typCywilizacji=slowianie]/params/meta_tier_roster	RESERVE_DRAFT_UNRESOLVED	docs/decyzje/D-cyw-roster-6-REZERWA.md; Civ-CYWILIZACJE/draft/roster-6-REZERWA.json	DEAD_UNWIRED		1		NOT_ACTIVE	not computed by current consumer; retain raw Normal data	not applicable until a consumer is wired and reviewed	gra/src/game/civ-matrix.ts:41-60,71-101 (loader/accessor only); no gameplay call-site found	false
slowianie	Słowianie	1	walka_atak_piechota	walka	ulamek	civ-bonuses.ts	mul_proc	0	0	false	CURRENT_RUNTIME_DATA	DEFAULT_VALUE	CURRENT_RUNTIME_DEFAULT	gra/data/civ-matrix.json#/cywilizacje[typCywilizacji=slowianie]/params/walka_atak_piechota	RESERVE_DRAFT_UNRESOLVED	docs/decyzje/D-cyw-roster-6-REZERWA.md; Civ-CYWILIZACJE/draft/roster-6-REZERWA.json	DEAD_UNWIRED		0		NOT_ACTIVE	not computed by current consumer; retain raw Normal data	not applicable until a consumer is wired and reviewed	gra/src/game/civ-matrix.ts:41-60,71-101 (loader/accessor only); no gameplay call-site found	false
slowianie	Słowianie	1	walka_atak_lukownicy	walka	ulamek	civ-bonuses.ts	mul_proc	0	0	false	CURRENT_RUNTIME_DATA	DEFAULT_VALUE	CURRENT_RUNTIME_DEFAULT	gra/data/civ-matrix.json#/cywilizacje[typCywilizacji=slowianie]/params/walka_atak_lukownicy	RESERVE_DRAFT_UNRESOLVED	docs/decyzje/D-cyw-roster-6-REZERWA.md; Civ-CYWILIZACJE/draft/roster-6-REZERWA.json	UNWIRED		0		NOT_ACTIVE	not computed by current consumer; retain raw Normal data	not applicable until a consumer is wired and reviewed	gra/src/game/civ-matrix.ts:41-60,71-101 (loader/accessor only); no gameplay call-site found	false
slowianie	Słowianie	1	walka_atak_kawaleria	walka	ulamek	civ-bonuses.ts	mul_proc	0	0	false	CURRENT_RUNTIME_DATA	DEFAULT_VALUE	CURRENT_RUNTIME_DEFAULT	gra/data/civ-matrix.json#/cywilizacje[typCywilizacji=slowianie]/params/walka_atak_kawaleria	RESERVE_DRAFT_UNRESOLVED	docs/decyzje/D-cyw-roster-6-REZERWA.md; Civ-CYWILIZACJE/draft/roster-6-REZERWA.json	DEAD_UNWIRED		0		NOT_ACTIVE	not computed by current consumer; retain raw Normal data	not applicable until a consumer is wired and reviewed	gra/src/game/civ-matrix.ts:41-60,71-101 (loader/accessor only); no gameplay call-site found	false
slowianie	Słowianie	1	walka_atak_rydwany	walka	ulamek	civ-bonuses.ts	mul_proc	0	0	false	CURRENT_RUNTIME_DATA	DEFAULT_VALUE	CURRENT_RUNTIME_DEFAULT	gra/data/civ-matrix.json#/cywilizacje[typCywilizacji=slowianie]/params/walka_atak_rydwany	RESERVE_DRAFT_UNRESOLVED	docs/decyzje/D-cyw-roster-6-REZERWA.md; Civ-CYWILIZACJE/draft/roster-6-REZERWA.json	DEAD_UNWIRED		0		NOT_ACTIVE	not computed by current consumer; retain raw Normal data	not applicable until a consumer is wired and reviewed	gra/src/game/civ-matrix.ts:41-60,71-101 (loader/accessor only); no gameplay call-site found	false
slowianie	Słowianie	1	walka_atak_obleczenie	walka	ulamek	civ-bonuses.ts	mul_proc	0	0	false	CURRENT_RUNTIME_DATA	DEFAULT_VALUE	CURRENT_RUNTIME_DEFAULT	gra/data/civ-matrix.json#/cywilizacje[typCywilizacji=slowianie]/params/walka_atak_obleczenie	RESERVE_DRAFT_UNRESOLVED	docs/decyzje/D-cyw-roster-6-REZERWA.md; Civ-CYWILIZACJE/draft/roster-6-REZERWA.json	DEAD_UNWIRED		0		NOT_ACTIVE	not computed by current consumer; retain raw Normal data	not applicable until a consumer is wired and reviewed	gra/src/game/civ-matrix.ts:41-60,71-101 (loader/accessor only); no gameplay call-site found	false
slowianie	Słowianie	1	walka_atak_morska	walka	ulamek	civ-bonuses.ts	mul_proc	0	0	false	CURRENT_RUNTIME_DATA	DEFAULT_VALUE	CURRENT_RUNTIME_DEFAULT	gra/data/civ-matrix.json#/cywilizacje[typCywilizacji=slowianie]/params/walka_atak_morska	RESERVE_DRAFT_UNRESOLVED	docs/decyzje/D-cyw-roster-6-REZERWA.md; Civ-CYWILIZACJE/draft/roster-6-REZERWA.json	UNWIRED		0		NOT_ACTIVE	not computed by current consumer; retain raw Normal data	not applicable until a consumer is wired and reviewed	gra/src/game/civ-matrix.ts:41-60,71-101 (loader/accessor only); no gameplay call-site found	false
slowianie	Słowianie	1	walka_atak_wszystkie	walka	ulamek	civ-bonuses.ts	mul_proc	0	0	false	CURRENT_RUNTIME_DATA	DEFAULT_VALUE	CURRENT_RUNTIME_DEFAULT	gra/data/civ-matrix.json#/cywilizacje[typCywilizacji=slowianie]/params/walka_atak_wszystkie	RESERVE_DRAFT_UNRESOLVED	docs/decyzje/D-cyw-roster-6-REZERWA.md; Civ-CYWILIZACJE/draft/roster-6-REZERWA.json	UNWIRED		0		NOT_ACTIVE	not computed by current consumer; retain raw Normal data	not applicable until a consumer is wired and reviewed	gra/src/game/civ-matrix.ts:41-60,71-101 (loader/accessor only); no gameplay call-site found	false
slowianie	Słowianie	1	walka_obrona_piechota	walka	ulamek	civ-bonuses.ts	mul_proc	0	0	false	CURRENT_RUNTIME_DATA	DEFAULT_VALUE	CURRENT_RUNTIME_DEFAULT	gra/data/civ-matrix.json#/cywilizacje[typCywilizacji=slowianie]/params/walka_obrona_piechota	RESERVE_DRAFT_UNRESOLVED	docs/decyzje/D-cyw-roster-6-REZERWA.md; Civ-CYWILIZACJE/draft/roster-6-REZERWA.json	DEAD_UNWIRED		0		NOT_ACTIVE	not computed by current consumer; retain raw Normal data	not applicable until a consumer is wired and reviewed	gra/src/game/civ-matrix.ts:41-60,71-101 (loader/accessor only); no gameplay call-site found	false
slowianie	Słowianie	1	walka_obrona_lukownicy	walka	ulamek	civ-bonuses.ts	mul_proc	0	0	false	CURRENT_RUNTIME_DATA	DEFAULT_VALUE	CURRENT_RUNTIME_DEFAULT	gra/data/civ-matrix.json#/cywilizacje[typCywilizacji=slowianie]/params/walka_obrona_lukownicy	RESERVE_DRAFT_UNRESOLVED	docs/decyzje/D-cyw-roster-6-REZERWA.md; Civ-CYWILIZACJE/draft/roster-6-REZERWA.json	UNWIRED		0		NOT_ACTIVE	not computed by current consumer; retain raw Normal data	not applicable until a consumer is wired and reviewed	gra/src/game/civ-matrix.ts:41-60,71-101 (loader/accessor only); no gameplay call-site found	false
slowianie	Słowianie	1	walka_obrona_kawaleria	walka	ulamek	civ-bonuses.ts	mul_proc	0	0	false	CURRENT_RUNTIME_DATA	DEFAULT_VALUE	CURRENT_RUNTIME_DEFAULT	gra/data/civ-matrix.json#/cywilizacje[typCywilizacji=slowianie]/params/walka_obrona_kawaleria	RESERVE_DRAFT_UNRESOLVED	docs/decyzje/D-cyw-roster-6-REZERWA.md; Civ-CYWILIZACJE/draft/roster-6-REZERWA.json	UNWIRED		0		NOT_ACTIVE	not computed by current consumer; retain raw Normal data	not applicable until a consumer is wired and reviewed	gra/src/game/civ-matrix.ts:41-60,71-101 (loader/accessor only); no gameplay call-site found	false
slowianie	Słowianie	1	walka_obrona_rydwany	walka	ulamek	civ-bonuses.ts	mul_proc	0	0	false	CURRENT_RUNTIME_DATA	DEFAULT_VALUE	CURRENT_RUNTIME_DEFAULT	gra/data/civ-matrix.json#/cywilizacje[typCywilizacji=slowianie]/params/walka_obrona_rydwany	RESERVE_DRAFT_UNRESOLVED	docs/decyzje/D-cyw-roster-6-REZERWA.md; Civ-CYWILIZACJE/draft/roster-6-REZERWA.json	UNWIRED		0		NOT_ACTIVE	not computed by current consumer; retain raw Normal data	not applicable until a consumer is wired and reviewed	gra/src/game/civ-matrix.ts:41-60,71-101 (loader/accessor only); no gameplay call-site found	false
slowianie	Słowianie	1	walka_obrona_obleczenie	walka	ulamek	civ-bonuses.ts	mul_proc	0	0	false	CURRENT_RUNTIME_DATA	DEFAULT_VALUE	CURRENT_RUNTIME_DEFAULT	gra/data/civ-matrix.json#/cywilizacje[typCywilizacji=slowianie]/params/walka_obrona_obleczenie	RESERVE_DRAFT_UNRESOLVED	docs/decyzje/D-cyw-roster-6-REZERWA.md; Civ-CYWILIZACJE/draft/roster-6-REZERWA.json	UNWIRED		0		NOT_ACTIVE	not computed by current consumer; retain raw Normal data	not applicable until a consumer is wired and reviewed	gra/src/game/civ-matrix.ts:41-60,71-101 (loader/accessor only); no gameplay call-site found	false
slowianie	Słowianie	1	walka_obrona_morska	walka	ulamek	civ-bonuses.ts	mul_proc	0	0	false	CURRENT_RUNTIME_DATA	DEFAULT_VALUE	CURRENT_RUNTIME_DEFAULT	gra/data/civ-matrix.json#/cywilizacje[typCywilizacji=slowianie]/params/walka_obrona_morska	RESERVE_DRAFT_UNRESOLVED	docs/decyzje/D-cyw-roster-6-REZERWA.md; Civ-CYWILIZACJE/draft/roster-6-REZERWA.json	UNWIRED		0		NOT_ACTIVE	not computed by current consumer; retain raw Normal data	not applicable until a consumer is wired and reviewed	gra/src/game/civ-matrix.ts:41-60,71-101 (loader/accessor only); no gameplay call-site found	false
slowianie	Słowianie	1	walka_pancerz_piechota	walka	ulamek	civ-bonuses.ts	mul_proc	0	0	false	CURRENT_RUNTIME_DATA	DEFAULT_VALUE	CURRENT_RUNTIME_DEFAULT	gra/data/civ-matrix.json#/cywilizacje[typCywilizacji=slowianie]/params/walka_pancerz_piechota	RESERVE_DRAFT_UNRESOLVED	docs/decyzje/D-cyw-roster-6-REZERWA.md; Civ-CYWILIZACJE/draft/roster-6-REZERWA.json	DEAD_UNWIRED		0		NOT_ACTIVE	not computed by current consumer; retain raw Normal data	not applicable until a consumer is wired and reviewed	gra/src/game/civ-matrix.ts:41-60,71-101 (loader/accessor only); no gameplay call-site found	false
slowianie	Słowianie	1	walka_pancerz_lukownicy	walka	ulamek	civ-bonuses.ts	mul_proc	0	0	false	CURRENT_RUNTIME_DATA	DEFAULT_VALUE	CURRENT_RUNTIME_DEFAULT	gra/data/civ-matrix.json#/cywilizacje[typCywilizacji=slowianie]/params/walka_pancerz_lukownicy	RESERVE_DRAFT_UNRESOLVED	docs/decyzje/D-cyw-roster-6-REZERWA.md; Civ-CYWILIZACJE/draft/roster-6-REZERWA.json	UNWIRED		0		NOT_ACTIVE	not computed by current consumer; retain raw Normal data	not applicable until a consumer is wired and reviewed	gra/src/game/civ-matrix.ts:41-60,71-101 (loader/accessor only); no gameplay call-site found	false
slowianie	Słowianie	1	walka_pancerz_kawaleria	walka	ulamek	civ-bonuses.ts	mul_proc	0	0	false	CURRENT_RUNTIME_DATA	DEFAULT_VALUE	CURRENT_RUNTIME_DEFAULT	gra/data/civ-matrix.json#/cywilizacje[typCywilizacji=slowianie]/params/walka_pancerz_kawaleria	RESERVE_DRAFT_UNRESOLVED	docs/decyzje/D-cyw-roster-6-REZERWA.md; Civ-CYWILIZACJE/draft/roster-6-REZERWA.json	UNWIRED		0		NOT_ACTIVE	not computed by current consumer; retain raw Normal data	not applicable until a consumer is wired and reviewed	gra/src/game/civ-matrix.ts:41-60,71-101 (loader/accessor only); no gameplay call-site found	false
slowianie	Słowianie	1	walka_pancerz_rydwany	walka	ulamek	civ-bonuses.ts	mul_proc	0	0	false	CURRENT_RUNTIME_DATA	DEFAULT_VALUE	CURRENT_RUNTIME_DEFAULT	gra/data/civ-matrix.json#/cywilizacje[typCywilizacji=slowianie]/params/walka_pancerz_rydwany	RESERVE_DRAFT_UNRESOLVED	docs/decyzje/D-cyw-roster-6-REZERWA.md; Civ-CYWILIZACJE/draft/roster-6-REZERWA.json	UNWIRED		0		NOT_ACTIVE	not computed by current consumer; retain raw Normal data	not applicable until a consumer is wired and reviewed	gra/src/game/civ-matrix.ts:41-60,71-101 (loader/accessor only); no gameplay call-site found	false
slowianie	Słowianie	1	walka_uderzenie_piechota	walka	ulamek	civ-bonuses.ts	mul_proc	0	0	false	CURRENT_RUNTIME_DATA	DEFAULT_VALUE	CURRENT_RUNTIME_DEFAULT	gra/data/civ-matrix.json#/cywilizacje[typCywilizacji=slowianie]/params/walka_uderzenie_piechota	RESERVE_DRAFT_UNRESOLVED	docs/decyzje/D-cyw-roster-6-REZERWA.md; Civ-CYWILIZACJE/draft/roster-6-REZERWA.json	DEAD_UNWIRED		0		NOT_ACTIVE	not computed by current consumer; retain raw Normal data	not applicable until a consumer is wired and reviewed	gra/src/game/civ-matrix.ts:41-60,71-101 (loader/accessor only); no gameplay call-site found	false
slowianie	Słowianie	1	walka_uderzenie_kawaleria	walka	ulamek	civ-bonuses.ts	mul_proc	0	0	false	CURRENT_RUNTIME_DATA	DEFAULT_VALUE	CURRENT_RUNTIME_DEFAULT	gra/data/civ-matrix.json#/cywilizacje[typCywilizacji=slowianie]/params/walka_uderzenie_kawaleria	RESERVE_DRAFT_UNRESOLVED	docs/decyzje/D-cyw-roster-6-REZERWA.md; Civ-CYWILIZACJE/draft/roster-6-REZERWA.json	DEAD_UNWIRED		0		NOT_ACTIVE	not computed by current consumer; retain raw Normal data	not applicable until a consumer is wired and reviewed	gra/src/game/civ-matrix.ts:41-60,71-101 (loader/accessor only); no gameplay call-site found	false
slowianie	Słowianie	1	walka_uderzenie_rydwany	walka	ulamek	civ-bonuses.ts	mul_proc	0	0	false	CURRENT_RUNTIME_DATA	DEFAULT_VALUE	CURRENT_RUNTIME_DEFAULT	gra/data/civ-matrix.json#/cywilizacje[typCywilizacji=slowianie]/params/walka_uderzenie_rydwany	RESERVE_DRAFT_UNRESOLVED	docs/decyzje/D-cyw-roster-6-REZERWA.md; Civ-CYWILIZACJE/draft/roster-6-REZERWA.json	UNWIRED		0		NOT_ACTIVE	not computed by current consumer; retain raw Normal data	not applicable until a consumer is wired and reviewed	gra/src/game/civ-matrix.ts:41-60,71-101 (loader/accessor only); no gameplay call-site found	false
slowianie	Słowianie	1	walka_dystans_lukownicy	walka	ulamek	civ-bonuses.ts	mul_proc	0	0	false	CURRENT_RUNTIME_DATA	DEFAULT_VALUE	CURRENT_RUNTIME_DEFAULT	gra/data/civ-matrix.json#/cywilizacje[typCywilizacji=slowianie]/params/walka_dystans_lukownicy	RESERVE_DRAFT_UNRESOLVED	docs/decyzje/D-cyw-roster-6-REZERWA.md; Civ-CYWILIZACJE/draft/roster-6-REZERWA.json	DEAD_UNWIRED		0		NOT_ACTIVE	not computed by current consumer; retain raw Normal data	not applicable until a consumer is wired and reviewed	gra/src/game/civ-matrix.ts:41-60,71-101 (loader/accessor only); no gameplay call-site found	false
slowianie	Słowianie	1	walka_dystans_rydwany	walka	ulamek	civ-bonuses.ts	mul_proc	0	0	false	CURRENT_RUNTIME_DATA	DEFAULT_VALUE	CURRENT_RUNTIME_DEFAULT	gra/data/civ-matrix.json#/cywilizacje[typCywilizacji=slowianie]/params/walka_dystans_rydwany	RESERVE_DRAFT_UNRESOLVED	docs/decyzje/D-cyw-roster-6-REZERWA.md; Civ-CYWILIZACJE/draft/roster-6-REZERWA.json	UNWIRED		0		NOT_ACTIVE	not computed by current consumer; retain raw Normal data	not applicable until a consumer is wired and reviewed	gra/src/game/civ-matrix.ts:41-60,71-101 (loader/accessor only); no gameplay call-site found	false
slowianie	Słowianie	1	walka_hp_piechota	walka	ulamek	civ-bonuses.ts	mul_proc	0	0	false	CURRENT_RUNTIME_DATA	DEFAULT_VALUE	CURRENT_RUNTIME_DEFAULT	gra/data/civ-matrix.json#/cywilizacje[typCywilizacji=slowianie]/params/walka_hp_piechota	RESERVE_DRAFT_UNRESOLVED	docs/decyzje/D-cyw-roster-6-REZERWA.md; Civ-CYWILIZACJE/draft/roster-6-REZERWA.json	DEAD_UNWIRED		0		NOT_ACTIVE	not computed by current consumer; retain raw Normal data	not applicable until a consumer is wired and reviewed	gra/src/game/civ-matrix.ts:41-60,71-101 (loader/accessor only); no gameplay call-site found	false
slowianie	Słowianie	1	walka_hp_kawaleria	walka	ulamek	civ-bonuses.ts	mul_proc	0	0	false	CURRENT_RUNTIME_DATA	DEFAULT_VALUE	CURRENT_RUNTIME_DEFAULT	gra/data/civ-matrix.json#/cywilizacje[typCywilizacji=slowianie]/params/walka_hp_kawaleria	RESERVE_DRAFT_UNRESOLVED	docs/decyzje/D-cyw-roster-6-REZERWA.md; Civ-CYWILIZACJE/draft/roster-6-REZERWA.json	UNWIRED		0		NOT_ACTIVE	not computed by current consumer; retain raw Normal data	not applicable until a consumer is wired and reviewed	gra/src/game/civ-matrix.ts:41-60,71-101 (loader/accessor only); no gameplay call-site found	false
slowianie	Słowianie	1	walka_hp_rydwany	walka	ulamek	civ-bonuses.ts	mul_proc	0	0	false	CURRENT_RUNTIME_DATA	DEFAULT_VALUE	CURRENT_RUNTIME_DEFAULT	gra/data/civ-matrix.json#/cywilizacje[typCywilizacji=slowianie]/params/walka_hp_rydwany	RESERVE_DRAFT_UNRESOLVED	docs/decyzje/D-cyw-roster-6-REZERWA.md; Civ-CYWILIZACJE/draft/roster-6-REZERWA.json	DEAD_UNWIRED		0		NOT_ACTIVE	not computed by current consumer; retain raw Normal data	not applicable until a consumer is wired and reviewed	gra/src/game/civ-matrix.ts:41-60,71-101 (loader/accessor only); no gameplay call-site found	false
slowianie	Słowianie	1	walka_ruch_bitwa_proc	walka	ulamek	civ-bonuses.ts	mul_proc	0	0	false	CURRENT_RUNTIME_DATA	DEFAULT_VALUE	CURRENT_RUNTIME_DEFAULT	gra/data/civ-matrix.json#/cywilizacje[typCywilizacji=slowianie]/params/walka_ruch_bitwa_proc	RESERVE_DRAFT_UNRESOLVED	docs/decyzje/D-cyw-roster-6-REZERWA.md; Civ-CYWILIZACJE/draft/roster-6-REZERWA.json	DEAD_UNWIRED		0		NOT_ACTIVE	not computed by current consumer; retain raw Normal data	not applicable until a consumer is wired and reviewed	gra/src/game/civ-matrix.ts:41-60,71-101 (loader/accessor only); no gameplay call-site found	false
slowianie	Słowianie	1	walka_zasieg_proc	walka	ulamek	civ-bonuses.ts	mul_proc	0	0	false	CURRENT_RUNTIME_DATA	DEFAULT_VALUE	CURRENT_RUNTIME_DEFAULT	gra/data/civ-matrix.json#/cywilizacje[typCywilizacji=slowianie]/params/walka_zasieg_proc	RESERVE_DRAFT_UNRESOLVED	docs/decyzje/D-cyw-roster-6-REZERWA.md; Civ-CYWILIZACJE/draft/roster-6-REZERWA.json	UNWIRED		0		NOT_ACTIVE	not computed by current consumer; retain raw Normal data	not applicable until a consumer is wired and reviewed	gra/src/game/civ-matrix.ts:41-60,71-101 (loader/accessor only); no gameplay call-site found	false
slowianie	Słowianie	1	walka_oblezenie_proc	walka	ulamek	civ-bonuses.ts	mul_proc	0	0	false	CURRENT_RUNTIME_DATA	DEFAULT_VALUE	CURRENT_RUNTIME_DEFAULT	gra/data/civ-matrix.json#/cywilizacje[typCywilizacji=slowianie]/params/walka_oblezenie_proc	RESERVE_DRAFT_UNRESOLVED	docs/decyzje/D-cyw-roster-6-REZERWA.md; Civ-CYWILIZACJE/draft/roster-6-REZERWA.json	UNWIRED		0		NOT_ACTIVE	not computed by current consumer; retain raw Normal data	not applicable until a consumer is wired and reviewed	gra/src/game/civ-matrix.ts:41-60,71-101 (loader/accessor only); no gameplay call-site found	false
slowianie	Słowianie	1	walka_koszt_rekrutacji_proc	walka	ulamek	production.ts	mul_proc	0	0	false	CURRENT_RUNTIME_DATA	DEFAULT_VALUE	CURRENT_RUNTIME_DEFAULT	gra/data/civ-matrix.json#/cywilizacje[typCywilizacji=slowianie]/params/walka_koszt_rekrutacji_proc	RESERVE_DRAFT_UNRESOLVED	docs/decyzje/D-cyw-roster-6-REZERWA.md; Civ-CYWILIZACJE/draft/roster-6-REZERWA.json	DEAD_UNWIRED		0		NOT_ACTIVE	not computed by current consumer; retain raw Normal data	not applicable until a consumer is wired and reviewed	gra/src/game/civ-matrix.ts:41-60,71-101 (loader/accessor only); no gameplay call-site found	false
slowianie	Słowianie	1	walka_atak_piechota_teren_las	walka	ulamek	civ-bonuses.ts	mul_proc	0.15	0	true	CURRENT_RUNTIME_DATA	NON_DEFAULT_OVERRIDE	CURRENT_RUNTIME_DATA	gra/data/civ-matrix.json#/cywilizacje[typCywilizacji=slowianie]/params/walka_atak_piechota_teren_las	RESERVE_DRAFT_UNRESOLVED	docs/decyzje/D-cyw-roster-6-REZERWA.md; Civ-CYWILIZACJE/draft/roster-6-REZERWA.json	DEAD_UNWIRED		0.15		NOT_ACTIVE	not computed by current consumer; retain raw Normal data	not applicable until a consumer is wired and reviewed	gra/src/game/civ-matrix.ts:41-60,71-101 (loader/accessor only); no gameplay call-site found	false
slowianie	Słowianie	1	walka_obrona_piechota_teren_las	walka	ulamek	civ-bonuses.ts	mul_proc	0	0	false	CURRENT_RUNTIME_DATA	DEFAULT_VALUE	CURRENT_RUNTIME_DEFAULT	gra/data/civ-matrix.json#/cywilizacje[typCywilizacji=slowianie]/params/walka_obrona_piechota_teren_las	RESERVE_DRAFT_UNRESOLVED	docs/decyzje/D-cyw-roster-6-REZERWA.md; Civ-CYWILIZACJE/draft/roster-6-REZERWA.json	UNWIRED		0		NOT_ACTIVE	not computed by current consumer; retain raw Normal data	not applicable until a consumer is wired and reviewed	gra/src/game/civ-matrix.ts:41-60,71-101 (loader/accessor only); no gameplay call-site found	false
slowianie	Słowianie	1	walka_atak_piechota_terytorium_wlasne	walka	ulamek	civ-bonuses.ts	mul_proc	0	0	false	CURRENT_RUNTIME_DATA	DEFAULT_VALUE	CURRENT_RUNTIME_DEFAULT	gra/data/civ-matrix.json#/cywilizacje[typCywilizacji=slowianie]/params/walka_atak_piechota_terytorium_wlasne	RESERVE_DRAFT_UNRESOLVED	docs/decyzje/D-cyw-roster-6-REZERWA.md; Civ-CYWILIZACJE/draft/roster-6-REZERWA.json	UNWIRED		0		NOT_ACTIVE	not computed by current consumer; retain raw Normal data	not applicable until a consumer is wired and reviewed	gra/src/game/civ-matrix.ts:41-60,71-101 (loader/accessor only); no gameplay call-site found	false
slowianie	Słowianie	1	walka_obrona_piechota_terytorium_wlasne	walka	ulamek	civ-bonuses.ts	mul_proc	0	0	false	CURRENT_RUNTIME_DATA	DEFAULT_VALUE	CURRENT_RUNTIME_DEFAULT	gra/data/civ-matrix.json#/cywilizacje[typCywilizacji=slowianie]/params/walka_obrona_piechota_terytorium_wlasne	RESERVE_DRAFT_UNRESOLVED	docs/decyzje/D-cyw-roster-6-REZERWA.md; Civ-CYWILIZACJE/draft/roster-6-REZERWA.json	DEAD_UNWIRED		0		NOT_ACTIVE	not computed by current consumer; retain raw Normal data	not applicable until a consumer is wired and reviewed	gra/src/game/civ-matrix.ts:41-60,71-101 (loader/accessor only); no gameplay call-site found	false
slowianie	Słowianie	1	walka_atak_piechota_w_murze	walka	ulamek	civ-bonuses.ts	mul_proc	0	0	false	CURRENT_RUNTIME_DATA	DEFAULT_VALUE	CURRENT_RUNTIME_DEFAULT	gra/data/civ-matrix.json#/cywilizacje[typCywilizacji=slowianie]/params/walka_atak_piechota_w_murze	RESERVE_DRAFT_UNRESOLVED	docs/decyzje/D-cyw-roster-6-REZERWA.md; Civ-CYWILIZACJE/draft/roster-6-REZERWA.json	UNWIRED		0		NOT_ACTIVE	not computed by current consumer; retain raw Normal data	not applicable until a consumer is wired and reviewed	gra/src/game/civ-matrix.ts:41-60,71-101 (loader/accessor only); no gameplay call-site found	false
slowianie	Słowianie	1	walka_obrona_piechota_w_murze	walka	ulamek	civ-bonuses.ts	mul_proc	0	0	false	CURRENT_RUNTIME_DATA	DEFAULT_VALUE	CURRENT_RUNTIME_DEFAULT	gra/data/civ-matrix.json#/cywilizacje[typCywilizacji=slowianie]/params/walka_obrona_piechota_w_murze	RESERVE_DRAFT_UNRESOLVED	docs/decyzje/D-cyw-roster-6-REZERWA.md; Civ-CYWILIZACJE/draft/roster-6-REZERWA.json	DEAD_UNWIRED		0		NOT_ACTIVE	not computed by current consumer; retain raw Normal data	not applicable until a consumer is wired and reviewed	gra/src/game/civ-matrix.ts:41-60,71-101 (loader/accessor only); no gameplay call-site found	false
slowianie	Słowianie	1	walka_atak_piechota_runda_szarzy	walka	ulamek	civ-bonuses.ts	mul_proc	0	0	false	CURRENT_RUNTIME_DATA	DEFAULT_VALUE	CURRENT_RUNTIME_DEFAULT	gra/data/civ-matrix.json#/cywilizacje[typCywilizacji=slowianie]/params/walka_atak_piechota_runda_szarzy	RESERVE_DRAFT_UNRESOLVED	docs/decyzje/D-cyw-roster-6-REZERWA.md; Civ-CYWILIZACJE/draft/roster-6-REZERWA.json	DEAD_UNWIRED		0		NOT_ACTIVE	not computed by current consumer; retain raw Normal data	not applicable until a consumer is wired and reviewed	gra/src/game/civ-matrix.ts:41-60,71-101 (loader/accessor only); no gameplay call-site found	false
slowianie	Słowianie	1	walka_obrona_piechota_runda_szarzy	walka	ulamek	civ-bonuses.ts	mul_proc	0	0	false	CURRENT_RUNTIME_DATA	DEFAULT_VALUE	CURRENT_RUNTIME_DEFAULT	gra/data/civ-matrix.json#/cywilizacje[typCywilizacji=slowianie]/params/walka_obrona_piechota_runda_szarzy	RESERVE_DRAFT_UNRESOLVED	docs/decyzje/D-cyw-roster-6-REZERWA.md; Civ-CYWILIZACJE/draft/roster-6-REZERWA.json	UNWIRED		0		NOT_ACTIVE	not computed by current consumer; retain raw Normal data	not applicable until a consumer is wired and reviewed	gra/src/game/civ-matrix.ts:41-60,71-101 (loader/accessor only); no gameplay call-site found	false
slowianie	Słowianie	1	walka_atak_piechota_teren_plytkie_morze	walka	ulamek	civ-bonuses.ts	mul_proc	0	0	false	CURRENT_RUNTIME_DATA	DEFAULT_VALUE	CURRENT_RUNTIME_DEFAULT	gra/data/civ-matrix.json#/cywilizacje[typCywilizacji=slowianie]/params/walka_atak_piechota_teren_plytkie_morze	RESERVE_DRAFT_UNRESOLVED	docs/decyzje/D-cyw-roster-6-REZERWA.md; Civ-CYWILIZACJE/draft/roster-6-REZERWA.json	UNWIRED		0		NOT_ACTIVE	not computed by current consumer; retain raw Normal data	not applicable until a consumer is wired and reviewed	gra/src/game/civ-matrix.ts:41-60,71-101 (loader/accessor only); no gameplay call-site found	false
slowianie	Słowianie	1	walka_obrona_piechota_teren_plytkie_morze	walka	ulamek	civ-bonuses.ts	mul_proc	0	0	false	CURRENT_RUNTIME_DATA	DEFAULT_VALUE	CURRENT_RUNTIME_DEFAULT	gra/data/civ-matrix.json#/cywilizacje[typCywilizacji=slowianie]/params/walka_obrona_piechota_teren_plytkie_morze	RESERVE_DRAFT_UNRESOLVED	docs/decyzje/D-cyw-roster-6-REZERWA.md; Civ-CYWILIZACJE/draft/roster-6-REZERWA.json	UNWIRED		0		NOT_ACTIVE	not computed by current consumer; retain raw Normal data	not applicable until a consumer is wired and reviewed	gra/src/game/civ-matrix.ts:41-60,71-101 (loader/accessor only); no gameplay call-site found	false
slowianie	Słowianie	1	spec_Atak	jednostka_spec	absolut	units.json+combat.ts	stat_abs	57	0	true	CURRENT_RUNTIME_DATA	NON_DEFAULT_OVERRIDE	CURRENT_RUNTIME_DATA	gra/data/civ-matrix.json#/cywilizacje[typCywilizacji=slowianie]/params/spec_Atak	RESERVE_DRAFT_UNRESOLVED	docs/decyzje/D-cyw-roster-6-REZERWA.md; Civ-CYWILIZACJE/draft/roster-6-REZERWA.json	DEAD_UNWIRED		57		NOT_ACTIVE	not computed by current consumer; retain raw Normal data	not applicable until a consumer is wired and reviewed	gra/src/game/civ-matrix.ts:41-60,71-101 (loader/accessor only); no gameplay call-site found	false
slowianie	Słowianie	1	spec_Obrazenia	jednostka_spec	absolut	units.json+combat.ts	stat_abs	57	0	true	CURRENT_RUNTIME_DATA	NON_DEFAULT_OVERRIDE	CURRENT_RUNTIME_DATA	gra/data/civ-matrix.json#/cywilizacje[typCywilizacji=slowianie]/params/spec_Obrazenia	RESERVE_DRAFT_UNRESOLVED	docs/decyzje/D-cyw-roster-6-REZERWA.md; Civ-CYWILIZACJE/draft/roster-6-REZERWA.json	DEAD_UNWIRED		57		NOT_ACTIVE	not computed by current consumer; retain raw Normal data	not applicable until a consumer is wired and reviewed	gra/src/game/civ-matrix.ts:41-60,71-101 (loader/accessor only); no gameplay call-site found	false
slowianie	Słowianie	1	spec_Obrona	jednostka_spec	absolut	units.json+combat.ts	stat_abs	91.2	0	true	CURRENT_RUNTIME_DATA	NON_DEFAULT_OVERRIDE	CURRENT_RUNTIME_DATA	gra/data/civ-matrix.json#/cywilizacje[typCywilizacji=slowianie]/params/spec_Obrona	RESERVE_DRAFT_UNRESOLVED	docs/decyzje/D-cyw-roster-6-REZERWA.md; Civ-CYWILIZACJE/draft/roster-6-REZERWA.json	DEAD_UNWIRED		91.2		NOT_ACTIVE	not computed by current consumer; retain raw Normal data	not applicable until a consumer is wired and reviewed	gra/src/game/civ-matrix.ts:41-60,71-101 (loader/accessor only); no gameplay call-site found	false
slowianie	Słowianie	1	spec_Uderzenie	jednostka_spec	absolut	units.json+combat.ts	stat_abs	45.6	0	true	CURRENT_RUNTIME_DATA	NON_DEFAULT_OVERRIDE	CURRENT_RUNTIME_DATA	gra/data/civ-matrix.json#/cywilizacje[typCywilizacji=slowianie]/params/spec_Uderzenie	RESERVE_DRAFT_UNRESOLVED	docs/decyzje/D-cyw-roster-6-REZERWA.md; Civ-CYWILIZACJE/draft/roster-6-REZERWA.json	DEAD_UNWIRED		45.6		NOT_ACTIVE	not computed by current consumer; retain raw Normal data	not applicable until a consumer is wired and reviewed	gra/src/game/civ-matrix.ts:41-60,71-101 (loader/accessor only); no gameplay call-site found	false
slowianie	Słowianie	1	spec_Pancerz	jednostka_spec	absolut	units.json+combat.ts	stat_abs	62.7	0	true	CURRENT_RUNTIME_DATA	NON_DEFAULT_OVERRIDE	CURRENT_RUNTIME_DATA	gra/data/civ-matrix.json#/cywilizacje[typCywilizacji=slowianie]/params/spec_Pancerz	RESERVE_DRAFT_UNRESOLVED	docs/decyzje/D-cyw-roster-6-REZERWA.md; Civ-CYWILIZACJE/draft/roster-6-REZERWA.json	DEAD_UNWIRED		62.7		NOT_ACTIVE	not computed by current consumer; retain raw Normal data	not applicable until a consumer is wired and reviewed	gra/src/game/civ-matrix.ts:41-60,71-101 (loader/accessor only); no gameplay call-site found	false
slowianie	Słowianie	1	spec_Przebicie	jednostka_spec	absolut	units.json+combat.ts	stat_abs	22.8	0	true	CURRENT_RUNTIME_DATA	NON_DEFAULT_OVERRIDE	CURRENT_RUNTIME_DATA	gra/data/civ-matrix.json#/cywilizacje[typCywilizacji=slowianie]/params/spec_Przebicie	RESERVE_DRAFT_UNRESOLVED	docs/decyzje/D-cyw-roster-6-REZERWA.md; Civ-CYWILIZACJE/draft/roster-6-REZERWA.json	DEAD_UNWIRED		22.8		NOT_ACTIVE	not computed by current consumer; retain raw Normal data	not applicable until a consumer is wired and reviewed	gra/src/game/civ-matrix.ts:41-60,71-101 (loader/accessor only); no gameplay call-site found	false
slowianie	Słowianie	1	spec_Health	jednostka_spec	absolut	units.json+combat.ts	stat_abs	74.1	0	true	CURRENT_RUNTIME_DATA	NON_DEFAULT_OVERRIDE	CURRENT_RUNTIME_DATA	gra/data/civ-matrix.json#/cywilizacje[typCywilizacji=slowianie]/params/spec_Health	RESERVE_DRAFT_UNRESOLVED	docs/decyzje/D-cyw-roster-6-REZERWA.md; Civ-CYWILIZACJE/draft/roster-6-REZERWA.json	DEAD_UNWIRED		74.1		NOT_ACTIVE	not computed by current consumer; retain raw Normal data	not applicable until a consumer is wired and reviewed	gra/src/game/civ-matrix.ts:41-60,71-101 (loader/accessor only); no gameplay call-site found	false
slowianie	Słowianie	1	spec_Atak_dystansowy	jednostka_spec	absolut	units.json+combat.ts	stat_abs	0	0	false	CURRENT_RUNTIME_DATA	DEFAULT_VALUE	CURRENT_RUNTIME_DEFAULT	gra/data/civ-matrix.json#/cywilizacje[typCywilizacji=slowianie]/params/spec_Atak_dystansowy	RESERVE_DRAFT_UNRESOLVED	docs/decyzje/D-cyw-roster-6-REZERWA.md; Civ-CYWILIZACJE/draft/roster-6-REZERWA.json	DEAD_UNWIRED		0		NOT_ACTIVE	not computed by current consumer; retain raw Normal data	not applicable until a consumer is wired and reviewed	gra/src/game/civ-matrix.ts:41-60,71-101 (loader/accessor only); no gameplay call-site found	false
slowianie	Słowianie	1	spec_Zasieg_hex	jednostka_spec	absolut	units.json+combat.ts	stat_abs	0	0	false	CURRENT_RUNTIME_DATA	DEFAULT_VALUE	CURRENT_RUNTIME_DEFAULT	gra/data/civ-matrix.json#/cywilizacje[typCywilizacji=slowianie]/params/spec_Zasieg_hex	RESERVE_DRAFT_UNRESOLVED	docs/decyzje/D-cyw-roster-6-REZERWA.md; Civ-CYWILIZACJE/draft/roster-6-REZERWA.json	DEAD_UNWIRED		0		NOT_ACTIVE	not computed by current consumer; retain raw Normal data	not applicable until a consumer is wired and reviewed	gra/src/game/civ-matrix.ts:41-60,71-101 (loader/accessor only); no gameplay call-site found	false
slowianie	Słowianie	1	spec_Pociski	jednostka_spec	absolut	units.json+combat.ts	stat_abs	0	0	false	CURRENT_RUNTIME_DATA	DEFAULT_VALUE	CURRENT_RUNTIME_DEFAULT	gra/data/civ-matrix.json#/cywilizacje[typCywilizacji=slowianie]/params/spec_Pociski	RESERVE_DRAFT_UNRESOLVED	docs/decyzje/D-cyw-roster-6-REZERWA.md; Civ-CYWILIZACJE/draft/roster-6-REZERWA.json	DEAD_UNWIRED		0		NOT_ACTIVE	not computed by current consumer; retain raw Normal data	not applicable until a consumer is wired and reviewed	gra/src/game/civ-matrix.ts:41-60,71-101 (loader/accessor only); no gameplay call-site found	false
slowianie	Słowianie	1	spec_Ruch_bitwa	jednostka_spec	absolut	units.json+combat.ts	stat_abs	3	0	true	CURRENT_RUNTIME_DATA	NON_DEFAULT_OVERRIDE	CURRENT_RUNTIME_DATA	gra/data/civ-matrix.json#/cywilizacje[typCywilizacji=slowianie]/params/spec_Ruch_bitwa	RESERVE_DRAFT_UNRESOLVED	docs/decyzje/D-cyw-roster-6-REZERWA.md; Civ-CYWILIZACJE/draft/roster-6-REZERWA.json	DEAD_UNWIRED		3		NOT_ACTIVE	not computed by current consumer; retain raw Normal data	not applicable until a consumer is wired and reviewed	gra/src/game/civ-matrix.ts:41-60,71-101 (loader/accessor only); no gameplay call-site found	false
slowianie	Słowianie	1	spec_Ruch_mapa	jednostka_spec	absolut	units.json+combat.ts	stat_abs	2	0	true	CURRENT_RUNTIME_DATA	NON_DEFAULT_OVERRIDE	CURRENT_RUNTIME_DATA	gra/data/civ-matrix.json#/cywilizacje[typCywilizacji=slowianie]/params/spec_Ruch_mapa	RESERVE_DRAFT_UNRESOLVED	docs/decyzje/D-cyw-roster-6-REZERWA.md; Civ-CYWILIZACJE/draft/roster-6-REZERWA.json	DEAD_UNWIRED		2		NOT_ACTIVE	not computed by current consumer; retain raw Normal data	not applicable until a consumer is wired and reviewed	gra/src/game/civ-matrix.ts:41-60,71-101 (loader/accessor only); no gameplay call-site found	false
slowianie	Słowianie	1	spec_Widok	jednostka_spec	absolut	units.json+combat.ts	stat_abs	2	0	true	CURRENT_RUNTIME_DATA	NON_DEFAULT_OVERRIDE	CURRENT_RUNTIME_DATA	gra/data/civ-matrix.json#/cywilizacje[typCywilizacji=slowianie]/params/spec_Widok	RESERVE_DRAFT_UNRESOLVED	docs/decyzje/D-cyw-roster-6-REZERWA.md; Civ-CYWILIZACJE/draft/roster-6-REZERWA.json	DEAD_UNWIRED		2		NOT_ACTIVE	not computed by current consumer; retain raw Normal data	not applicable until a consumer is wired and reviewed	gra/src/game/civ-matrix.ts:41-60,71-101 (loader/accessor only); no gameplay call-site found	false
slowianie	Słowianie	1	spec_Dezercja_proc	jednostka_spec	absolut	units.json+combat.ts	stat_abs	0.3	0	true	CURRENT_RUNTIME_DATA	NON_DEFAULT_OVERRIDE	CURRENT_RUNTIME_DATA	gra/data/civ-matrix.json#/cywilizacje[typCywilizacji=slowianie]/params/spec_Dezercja_proc	RESERVE_DRAFT_UNRESOLVED	docs/decyzje/D-cyw-roster-6-REZERWA.md; Civ-CYWILIZACJE/draft/roster-6-REZERWA.json	DEAD_UNWIRED		0.3		NOT_ACTIVE	not computed by current consumer; retain raw Normal data	not applicable until a consumer is wired and reviewed	gra/src/game/civ-matrix.ts:41-60,71-101 (loader/accessor only); no gameplay call-site found	false
slowianie	Słowianie	1	spec_Morale	jednostka_spec	absolut	units.json+combat.ts	stat_abs	65	0	true	CURRENT_RUNTIME_DATA	NON_DEFAULT_OVERRIDE	CURRENT_RUNTIME_DATA	gra/data/civ-matrix.json#/cywilizacje[typCywilizacji=slowianie]/params/spec_Morale	RESERVE_DRAFT_UNRESOLVED	docs/decyzje/D-cyw-roster-6-REZERWA.md; Civ-CYWILIZACJE/draft/roster-6-REZERWA.json	DEAD_UNWIRED		65		NOT_ACTIVE	not computed by current consumer; retain raw Normal data	not applicable until a consumer is wired and reviewed	gra/src/game/civ-matrix.ts:41-60,71-101 (loader/accessor only); no gameplay call-site found	false
slowianie	Słowianie	1	spec_Koszt_pieniadz	jednostka_spec	absolut	units.json+combat.ts	stat_abs	16	0	true	CURRENT_RUNTIME_DATA	NON_DEFAULT_OVERRIDE	CURRENT_RUNTIME_DATA	gra/data/civ-matrix.json#/cywilizacje[typCywilizacji=slowianie]/params/spec_Koszt_pieniadz	RESERVE_DRAFT_UNRESOLVED	docs/decyzje/D-cyw-roster-6-REZERWA.md; Civ-CYWILIZACJE/draft/roster-6-REZERWA.json	DEAD_UNWIRED		16		NOT_ACTIVE	not computed by current consumer; retain raw Normal data	not applicable until a consumer is wired and reviewed	gra/src/game/civ-matrix.ts:41-60,71-101 (loader/accessor only); no gameplay call-site found	false
slowianie	Słowianie	1	spec_Utrzymanie	jednostka_spec	absolut	units.json+combat.ts	stat_abs	2	0	true	CURRENT_RUNTIME_DATA	NON_DEFAULT_OVERRIDE	CURRENT_RUNTIME_DATA	gra/data/civ-matrix.json#/cywilizacje[typCywilizacji=slowianie]/params/spec_Utrzymanie	RESERVE_DRAFT_UNRESOLVED	docs/decyzje/D-cyw-roster-6-REZERWA.md; Civ-CYWILIZACJE/draft/roster-6-REZERWA.json	DEAD_UNWIRED		2		NOT_ACTIVE	not computed by current consumer; retain raw Normal data	not applicable until a consumer is wired and reviewed	gra/src/game/civ-matrix.ts:41-60,71-101 (loader/accessor only); no gameplay call-site found	false
slowianie	Słowianie	1	spec_Zywnosc_ture	jednostka_spec	absolut	units.json+combat.ts	stat_abs	1	0	true	CURRENT_RUNTIME_DATA	NON_DEFAULT_OVERRIDE	CURRENT_RUNTIME_DATA	gra/data/civ-matrix.json#/cywilizacje[typCywilizacji=slowianie]/params/spec_Zywnosc_ture	RESERVE_DRAFT_UNRESOLVED	docs/decyzje/D-cyw-roster-6-REZERWA.md; Civ-CYWILIZACJE/draft/roster-6-REZERWA.json	DEAD_UNWIRED		1		NOT_ACTIVE	not computed by current consumer; retain raw Normal data	not applicable until a consumer is wired and reviewed	gra/src/game/civ-matrix.ts:41-60,71-101 (loader/accessor only); no gameplay call-site found	false
slowianie	Słowianie	1	eko_praca_proc	ekonomia	ulamek	economy.ts	mul_proc	0	0	false	CURRENT_RUNTIME_DATA	DEFAULT_VALUE	CURRENT_RUNTIME_DEFAULT	gra/data/civ-matrix.json#/cywilizacje[typCywilizacji=slowianie]/params/eko_praca_proc	RESERVE_DRAFT_UNRESOLVED	docs/decyzje/D-cyw-roster-6-REZERWA.md; Civ-CYWILIZACJE/draft/roster-6-REZERWA.json	DEAD_UNWIRED		0		NOT_ACTIVE	not computed by current consumer; retain raw Normal data	not applicable until a consumer is wired and reviewed	gra/src/game/civ-matrix.ts:41-60,71-101 (loader/accessor only); no gameplay call-site found	false
slowianie	Słowianie	1	eko_pieniadz_proc	ekonomia	ulamek	economy.ts	mul_proc	0	0	false	CURRENT_RUNTIME_DATA	DEFAULT_VALUE	CURRENT_RUNTIME_DEFAULT	gra/data/civ-matrix.json#/cywilizacje[typCywilizacji=slowianie]/params/eko_pieniadz_proc	RESERVE_DRAFT_UNRESOLVED	docs/decyzje/D-cyw-roster-6-REZERWA.md; Civ-CYWILIZACJE/draft/roster-6-REZERWA.json	DEAD_UNWIRED		0		NOT_ACTIVE	not computed by current consumer; retain raw Normal data	not applicable until a consumer is wired and reviewed	gra/src/game/civ-matrix.ts:41-60,71-101 (loader/accessor only); no gameplay call-site found	false
slowianie	Słowianie	1	eko_pieniadz_port_proc	ekonomia	ulamek	economy.ts	mul_proc	0	0	false	CURRENT_RUNTIME_DATA	DEFAULT_VALUE	CURRENT_RUNTIME_DEFAULT	gra/data/civ-matrix.json#/cywilizacje[typCywilizacji=slowianie]/params/eko_pieniadz_port_proc	RESERVE_DRAFT_UNRESOLVED	docs/decyzje/D-cyw-roster-6-REZERWA.md; Civ-CYWILIZACJE/draft/roster-6-REZERWA.json	DEAD_UNWIRED		0		NOT_ACTIVE	not computed by current consumer; retain raw Normal data	not applicable until a consumer is wired and reviewed	gra/src/game/civ-matrix.ts:41-60,71-101 (loader/accessor only); no gameplay call-site found	false
slowianie	Słowianie	1	eko_zywnosc_proc	ekonomia	ulamek	economy.ts	mul_proc	0	0	false	CURRENT_RUNTIME_DATA	DEFAULT_VALUE	CURRENT_RUNTIME_DEFAULT	gra/data/civ-matrix.json#/cywilizacje[typCywilizacji=slowianie]/params/eko_zywnosc_proc	RESERVE_DRAFT_UNRESOLVED	docs/decyzje/D-cyw-roster-6-REZERWA.md; Civ-CYWILIZACJE/draft/roster-6-REZERWA.json	UNWIRED		0		NOT_ACTIVE	not computed by current consumer; retain raw Normal data	not applicable until a consumer is wired and reviewed	gra/src/game/civ-matrix.ts:41-60,71-101 (loader/accessor only); no gameplay call-site found	false
slowianie	Słowianie	1	eko_nauka_proc	ekonomia	ulamek	economy.ts	mul_proc	-0.05	0	true	CURRENT_RUNTIME_DATA	NON_DEFAULT_OVERRIDE	CURRENT_RUNTIME_DATA	gra/data/civ-matrix.json#/cywilizacje[typCywilizacji=slowianie]/params/eko_nauka_proc	RESERVE_DRAFT_UNRESOLVED	docs/decyzje/D-cyw-roster-6-REZERWA.md; Civ-CYWILIZACJE/draft/roster-6-REZERWA.json	DEAD_UNWIRED		-0.05		NOT_ACTIVE	not computed by current consumer; retain raw Normal data	not applicable until a consumer is wired and reviewed	gra/src/game/civ-matrix.ts:41-60,71-101 (loader/accessor only); no gameplay call-site found	false
slowianie	Słowianie	1	eko_kultura_proc	ekonomia	ulamek	economy.ts	mul_proc	0	0	false	CURRENT_RUNTIME_DATA	DEFAULT_VALUE	CURRENT_RUNTIME_DEFAULT	gra/data/civ-matrix.json#/cywilizacje[typCywilizacji=slowianie]/params/eko_kultura_proc	RESERVE_DRAFT_UNRESOLVED	docs/decyzje/D-cyw-roster-6-REZERWA.md; Civ-CYWILIZACJE/draft/roster-6-REZERWA.json	UNWIRED		0		NOT_ACTIVE	not computed by current consumer; retain raw Normal data	not applicable until a consumer is wired and reviewed	gra/src/game/civ-matrix.ts:41-60,71-101 (loader/accessor only); no gameplay call-site found	false
slowianie	Słowianie	1	eko_luksus_proc	ekonomia	ulamek	economy.ts	mul_proc	0	0	false	CURRENT_RUNTIME_DATA	DEFAULT_VALUE	CURRENT_RUNTIME_DEFAULT	gra/data/civ-matrix.json#/cywilizacje[typCywilizacji=slowianie]/params/eko_luksus_proc	RESERVE_DRAFT_UNRESOLVED	docs/decyzje/D-cyw-roster-6-REZERWA.md; Civ-CYWILIZACJE/draft/roster-6-REZERWA.json	UNWIRED		0		NOT_ACTIVE	not computed by current consumer; retain raw Normal data	not applicable until a consumer is wired and reviewed	gra/src/game/civ-matrix.ts:41-60,71-101 (loader/accessor only); no gameplay call-site found	false
slowianie	Słowianie	1	eko_zadowolenie_proc	ekonomia	ulamek	economy.ts	mul_proc	0	0	false	CURRENT_RUNTIME_DATA	DEFAULT_VALUE	CURRENT_RUNTIME_DEFAULT	gra/data/civ-matrix.json#/cywilizacje[typCywilizacji=slowianie]/params/eko_zadowolenie_proc	RESERVE_DRAFT_UNRESOLVED	docs/decyzje/D-cyw-roster-6-REZERWA.md; Civ-CYWILIZACJE/draft/roster-6-REZERWA.json	UNWIRED		0		NOT_ACTIVE	not computed by current consumer; retain raw Normal data	not applicable until a consumer is wired and reviewed	gra/src/game/civ-matrix.ts:41-60,71-101 (loader/accessor only); no gameplay call-site found	false
slowianie	Słowianie	1	eko_handel_brutto_proc	ekonomia	ulamek	economy.ts	mul_proc	0	0	false	CURRENT_RUNTIME_DATA	DEFAULT_VALUE	CURRENT_RUNTIME_DEFAULT	gra/data/civ-matrix.json#/cywilizacje[typCywilizacji=slowianie]/params/eko_handel_brutto_proc	RESERVE_DRAFT_UNRESOLVED	docs/decyzje/D-cyw-roster-6-REZERWA.md; Civ-CYWILIZACJE/draft/roster-6-REZERWA.json	DEAD_UNWIRED		0		NOT_ACTIVE	not computed by current consumer; retain raw Normal data	not applicable until a consumer is wired and reviewed	gra/src/game/civ-matrix.ts:41-60,71-101 (loader/accessor only); no gameplay call-site found	false
slowianie	Słowianie	1	eko_korupcja_proc	ekonomia	ulamek	economy.ts	mul_proc	0	0	false	CURRENT_RUNTIME_DATA	DEFAULT_VALUE	CURRENT_RUNTIME_DEFAULT	gra/data/civ-matrix.json#/cywilizacje[typCywilizacji=slowianie]/params/eko_korupcja_proc	RESERVE_DRAFT_UNRESOLVED	docs/decyzje/D-cyw-roster-6-REZERWA.md; Civ-CYWILIZACJE/draft/roster-6-REZERWA.json	UNWIRED		0		NOT_ACTIVE	not computed by current consumer; retain raw Normal data	not applicable until a consumer is wired and reviewed	gra/src/game/civ-matrix.ts:41-60,71-101 (loader/accessor only); no gameplay call-site found	false
slowianie	Słowianie	1	prod_koszt_budynku_proc	produkcja	ulamek	civ-bonuses.ts	mul_proc	0	0	false	CURRENT_RUNTIME_DATA	DEFAULT_VALUE	CURRENT_RUNTIME_DEFAULT	gra/data/civ-matrix.json#/cywilizacje[typCywilizacji=slowianie]/params/prod_koszt_budynku_proc	RESERVE_DRAFT_UNRESOLVED	docs/decyzje/D-cyw-roster-6-REZERWA.md; Civ-CYWILIZACJE/draft/roster-6-REZERWA.json	DEAD_UNWIRED		0		NOT_ACTIVE	not computed by current consumer; retain raw Normal data	not applicable until a consumer is wired and reviewed	gra/src/game/civ-matrix.ts:41-60,71-101 (loader/accessor only); no gameplay call-site found	false
slowianie	Słowianie	1	prod_koszt_jednostki_proc	produkcja	ulamek	production.ts	mul_proc	0	0	false	CURRENT_RUNTIME_DATA	DEFAULT_VALUE	CURRENT_RUNTIME_DEFAULT	gra/data/civ-matrix.json#/cywilizacje[typCywilizacji=slowianie]/params/prod_koszt_jednostki_proc	RESERVE_DRAFT_UNRESOLVED	docs/decyzje/D-cyw-roster-6-REZERWA.md; Civ-CYWILIZACJE/draft/roster-6-REZERWA.json	DEAD_UNWIRED		0		NOT_ACTIVE	not computed by current consumer; retain raw Normal data	not applicable until a consumer is wired and reviewed	gra/src/game/civ-matrix.ts:41-60,71-101 (loader/accessor only); no gameplay call-site found	false
slowianie	Słowianie	1	prod_szybkosc_budynku_proc	produkcja	ulamek	production.ts	mul_proc	0	0	false	CURRENT_RUNTIME_DATA	DEFAULT_VALUE	CURRENT_RUNTIME_DEFAULT	gra/data/civ-matrix.json#/cywilizacje[typCywilizacji=slowianie]/params/prod_szybkosc_budynku_proc	RESERVE_DRAFT_UNRESOLVED	docs/decyzje/D-cyw-roster-6-REZERWA.md; Civ-CYWILIZACJE/draft/roster-6-REZERWA.json	UNWIRED		0		NOT_ACTIVE	not computed by current consumer; retain raw Normal data	not applicable until a consumer is wired and reviewed	gra/src/game/civ-matrix.ts:41-60,71-101 (loader/accessor only); no gameplay call-site found	false
slowianie	Słowianie	1	prod_szybkosc_jednostki_proc	produkcja	ulamek	production.ts	mul_proc	0	0	false	CURRENT_RUNTIME_DATA	DEFAULT_VALUE	CURRENT_RUNTIME_DEFAULT	gra/data/civ-matrix.json#/cywilizacje[typCywilizacji=slowianie]/params/prod_szybkosc_jednostki_proc	RESERVE_DRAFT_UNRESOLVED	docs/decyzje/D-cyw-roster-6-REZERWA.md; Civ-CYWILIZACJE/draft/roster-6-REZERWA.json	UNWIRED		0		NOT_ACTIVE	not computed by current consumer; retain raw Normal data	not applicable until a consumer is wired and reviewed	gra/src/game/civ-matrix.ts:41-60,71-101 (loader/accessor only); no gameplay call-site found	false
slowianie	Słowianie	1	prod_rush_koszt_proc	produkcja	ulamek	production.ts	mul_proc	0	0	false	CURRENT_RUNTIME_DATA	DEFAULT_VALUE	CURRENT_RUNTIME_DEFAULT	gra/data/civ-matrix.json#/cywilizacje[typCywilizacji=slowianie]/params/prod_rush_koszt_proc	RESERVE_DRAFT_UNRESOLVED	docs/decyzje/D-cyw-roster-6-REZERWA.md; Civ-CYWILIZACJE/draft/roster-6-REZERWA.json	UNWIRED		0		NOT_ACTIVE	not computed by current consumer; retain raw Normal data	not applicable until a consumer is wired and reviewed	gra/src/game/civ-matrix.ts:41-60,71-101 (loader/accessor only); no gameplay call-site found	false
slowianie	Słowianie	1	lud_wzrost_proc	ludnosc	ulamek	economy.ts	mul_proc	0.03	0	true	CURRENT_RUNTIME_DATA	NON_DEFAULT_OVERRIDE	CURRENT_RUNTIME_DATA	gra/data/civ-matrix.json#/cywilizacje[typCywilizacji=slowianie]/params/lud_wzrost_proc	RESERVE_DRAFT_UNRESOLVED	docs/decyzje/D-cyw-roster-6-REZERWA.md; Civ-CYWILIZACJE/draft/roster-6-REZERWA.json	REAL_GAMEPLAY	0.015	0.03	0.045	GROWTH_DIFFICULTY_MULT	easy=raw*0.5; normal=raw; hard=raw*1.5; contribution rounded to percent	wyżej = szybszy wzrost i silniejszy AI; Hard ×1.5, Easy ×0.5	gra/src/game/population-growth-v85.ts:84-90,230-232	false
slowianie	Słowianie	1	lud_spadek_proc	ludnosc	ulamek	economy.ts	mul_proc	0	0	false	CURRENT_RUNTIME_DATA	DEFAULT_VALUE	CURRENT_RUNTIME_DEFAULT	gra/data/civ-matrix.json#/cywilizacje[typCywilizacji=slowianie]/params/lud_spadek_proc	RESERVE_DRAFT_UNRESOLVED	docs/decyzje/D-cyw-roster-6-REZERWA.md; Civ-CYWILIZACJE/draft/roster-6-REZERWA.json	UNWIRED		0		NOT_ACTIVE	not computed by current consumer; retain raw Normal data	not applicable until a consumer is wired and reviewed	gra/src/game/civ-matrix.ts:41-60,71-101 (loader/accessor only); no gameplay call-site found	false
slowianie	Słowianie	1	lud_zdrowie_proc	ludnosc	ulamek	turn-economy.ts	mul_proc	0	0	false	CURRENT_RUNTIME_DATA	DEFAULT_VALUE	CURRENT_RUNTIME_DEFAULT	gra/data/civ-matrix.json#/cywilizacje[typCywilizacji=slowianie]/params/lud_zdrowie_proc	RESERVE_DRAFT_UNRESOLVED	docs/decyzje/D-cyw-roster-6-REZERWA.md; Civ-CYWILIZACJE/draft/roster-6-REZERWA.json	UNWIRED		0		NOT_ACTIVE	not computed by current consumer; retain raw Normal data	not applicable until a consumer is wired and reviewed	gra/src/game/civ-matrix.ts:41-60,71-101 (loader/accessor only); no gameplay call-site found	false
slowianie	Słowianie	1	lud_zadowolenie_bazowe	ludnosc	absolut	culture-religion.ts	add	0	0	false	CURRENT_RUNTIME_DATA	DEFAULT_VALUE	CURRENT_RUNTIME_DEFAULT	gra/data/civ-matrix.json#/cywilizacje[typCywilizacji=slowianie]/params/lud_zadowolenie_bazowe	RESERVE_DRAFT_UNRESOLVED	docs/decyzje/D-cyw-roster-6-REZERWA.md; Civ-CYWILIZACJE/draft/roster-6-REZERWA.json	UNWIRED		0		NOT_ACTIVE	not computed by current consumer; retain raw Normal data	not applicable until a consumer is wired and reviewed	gra/src/game/civ-matrix.ts:41-60,71-101 (loader/accessor only); no gameplay call-site found	false
slowianie	Słowianie	1	lud_limit_populacji	ludnosc	absolut	cities.ts	add	10	10	false	CURRENT_RUNTIME_DATA	DEFAULT_VALUE	CURRENT_RUNTIME_DEFAULT	gra/data/civ-matrix.json#/cywilizacje[typCywilizacji=slowianie]/params/lud_limit_populacji	RESERVE_DRAFT_UNRESOLVED	docs/decyzje/D-cyw-roster-6-REZERWA.md; Civ-CYWILIZACJE/draft/roster-6-REZERWA.json	UNWIRED		10		NOT_ACTIVE	not computed by current consumer; retain raw Normal data	not applicable until a consumer is wired and reviewed	gra/src/game/civ-matrix.ts:41-60,71-101 (loader/accessor only); no gameplay call-site found	false
slowianie	Słowianie	1	mp_regen_proc	manpower	ulamek	manpower.ts	mul_proc	0.1	0	true	CURRENT_RUNTIME_DATA	NON_DEFAULT_OVERRIDE	CURRENT_RUNTIME_DATA	gra/data/civ-matrix.json#/cywilizacje[typCywilizacji=slowianie]/params/mp_regen_proc	RESERVE_DRAFT_UNRESOLVED	docs/decyzje/D-cyw-roster-6-REZERWA.md; Civ-CYWILIZACJE/draft/roster-6-REZERWA.json	DEAD_UNWIRED		0.1		NOT_ACTIVE	not computed by current consumer; retain raw Normal data	not applicable until a consumer is wired and reviewed	gra/src/game/civ-matrix.ts:41-60,71-101 (loader/accessor only); no gameplay call-site found	false
slowianie	Słowianie	1	mp_max_proc	manpower	ulamek	manpower.ts	mul_proc	0	0	false	CURRENT_RUNTIME_DATA	DEFAULT_VALUE	CURRENT_RUNTIME_DEFAULT	gra/data/civ-matrix.json#/cywilizacje[typCywilizacji=slowianie]/params/mp_max_proc	RESERVE_DRAFT_UNRESOLVED	docs/decyzje/D-cyw-roster-6-REZERWA.md; Civ-CYWILIZACJE/draft/roster-6-REZERWA.json	UNWIRED		0		NOT_ACTIVE	not computed by current consumer; retain raw Normal data	not applicable until a consumer is wired and reviewed	gra/src/game/civ-matrix.ts:41-60,71-101 (loader/accessor only); no gameplay call-site found	false
slowianie	Słowianie	1	mp_koszt_jednostki_proc	manpower	ulamek	manpower.ts	mul_proc	0	0	false	CURRENT_RUNTIME_DATA	DEFAULT_VALUE	CURRENT_RUNTIME_DEFAULT	gra/data/civ-matrix.json#/cywilizacje[typCywilizacji=slowianie]/params/mp_koszt_jednostki_proc	RESERVE_DRAFT_UNRESOLVED	docs/decyzje/D-cyw-roster-6-REZERWA.md; Civ-CYWILIZACJE/draft/roster-6-REZERWA.json	UNWIRED		0		NOT_ACTIVE	not computed by current consumer; retain raw Normal data	not applicable until a consumer is wired and reviewed	gra/src/game/civ-matrix.ts:41-60,71-101 (loader/accessor only); no gameplay call-site found	false
slowianie	Słowianie	1	wealth_cap_proc	spoleczenstwo	ulamek	wealth.ts	mul_proc	0	0	false	CURRENT_RUNTIME_DATA	DEFAULT_VALUE	CURRENT_RUNTIME_DEFAULT	gra/data/civ-matrix.json#/cywilizacje[typCywilizacji=slowianie]/params/wealth_cap_proc	RESERVE_DRAFT_UNRESOLVED	docs/decyzje/D-cyw-roster-6-REZERWA.md; Civ-CYWILIZACJE/draft/roster-6-REZERWA.json	UNWIRED		0		NOT_ACTIVE	not computed by current consumer; retain raw Normal data	not applicable until a consumer is wired and reviewed	gra/src/game/civ-matrix.ts:41-60,71-101 (loader/accessor only); no gameplay call-site found	false
slowianie	Słowianie	1	wealth_mnoznik_proc	spoleczenstwo	ulamek	wealth.ts	mul_proc	0	0	false	CURRENT_RUNTIME_DATA	DEFAULT_VALUE	CURRENT_RUNTIME_DEFAULT	gra/data/civ-matrix.json#/cywilizacje[typCywilizacji=slowianie]/params/wealth_mnoznik_proc	RESERVE_DRAFT_UNRESOLVED	docs/decyzje/D-cyw-roster-6-REZERWA.md; Civ-CYWILIZACJE/draft/roster-6-REZERWA.json	UNWIRED		0		NOT_ACTIVE	not computed by current consumer; retain raw Normal data	not applicable until a consumer is wired and reviewed	gra/src/game/civ-matrix.ts:41-60,71-101 (loader/accessor only); no gameplay call-site found	false
slowianie	Słowianie	1	kultura_naplyw_proc	spoleczenstwo	ulamek	culture-religion.ts	mul_proc	0	0	false	CURRENT_RUNTIME_DATA	DEFAULT_VALUE	CURRENT_RUNTIME_DEFAULT	gra/data/civ-matrix.json#/cywilizacje[typCywilizacji=slowianie]/params/kultura_naplyw_proc	RESERVE_DRAFT_UNRESOLVED	docs/decyzje/D-cyw-roster-6-REZERWA.md; Civ-CYWILIZACJE/draft/roster-6-REZERWA.json	UNWIRED		0		NOT_ACTIVE	not computed by current consumer; retain raw Normal data	not applicable until a consumer is wired and reviewed	gra/src/game/civ-matrix.ts:41-60,71-101 (loader/accessor only); no gameplay call-site found	false
slowianie	Słowianie	1	religia_spread_proc	spoleczenstwo	ulamek	culture-religion.ts	mul_proc	0	0	false	CURRENT_RUNTIME_DATA	DEFAULT_VALUE	CURRENT_RUNTIME_DEFAULT	gra/data/civ-matrix.json#/cywilizacje[typCywilizacji=slowianie]/params/religia_spread_proc	RESERVE_DRAFT_UNRESOLVED	docs/decyzje/D-cyw-roster-6-REZERWA.md; Civ-CYWILIZACJE/draft/roster-6-REZERWA.json	UNWIRED		0		NOT_ACTIVE	not computed by current consumer; retain raw Normal data	not applicable until a consumer is wired and reviewed	gra/src/game/civ-matrix.ts:41-60,71-101 (loader/accessor only); no gameplay call-site found	false
slowianie	Słowianie	1	porzadek_produkcja_proc	spoleczenstwo	ulamek	order.ts	mul_proc	0	0	false	CURRENT_RUNTIME_DATA	DEFAULT_VALUE	CURRENT_RUNTIME_DEFAULT	gra/data/civ-matrix.json#/cywilizacje[typCywilizacji=slowianie]/params/porzadek_produkcja_proc	RESERVE_DRAFT_UNRESOLVED	docs/decyzje/D-cyw-roster-6-REZERWA.md; Civ-CYWILIZACJE/draft/roster-6-REZERWA.json	UNWIRED		0		NOT_ACTIVE	not computed by current consumer; retain raw Normal data	not applicable until a consumer is wired and reviewed	gra/src/game/civ-matrix.ts:41-60,71-101 (loader/accessor only); no gameplay call-site found	false
slowianie	Słowianie	1	porzadek_pieniadz_proc	spoleczenstwo	ulamek	order.ts	mul_proc	0	0	false	CURRENT_RUNTIME_DATA	DEFAULT_VALUE	CURRENT_RUNTIME_DEFAULT	gra/data/civ-matrix.json#/cywilizacje[typCywilizacji=slowianie]/params/porzadek_pieniadz_proc	RESERVE_DRAFT_UNRESOLVED	docs/decyzje/D-cyw-roster-6-REZERWA.md; Civ-CYWILIZACJE/draft/roster-6-REZERWA.json	UNWIRED		0		NOT_ACTIVE	not computed by current consumer; retain raw Normal data	not applicable until a consumer is wired and reviewed	gra/src/game/civ-matrix.ts:41-60,71-101 (loader/accessor only); no gameplay call-site found	false
slowianie	Słowianie	1	porzadek_nauka_proc	spoleczenstwo	ulamek	order.ts	mul_proc	0	0	false	CURRENT_RUNTIME_DATA	DEFAULT_VALUE	CURRENT_RUNTIME_DEFAULT	gra/data/civ-matrix.json#/cywilizacje[typCywilizacji=slowianie]/params/porzadek_nauka_proc	RESERVE_DRAFT_UNRESOLVED	docs/decyzje/D-cyw-roster-6-REZERWA.md; Civ-CYWILIZACJE/draft/roster-6-REZERWA.json	UNWIRED		0		NOT_ACTIVE	not computed by current consumer; retain raw Normal data	not applicable until a consumer is wired and reviewed	gra/src/game/civ-matrix.ts:41-60,71-101 (loader/accessor only); no gameplay call-site found	false
slowianie	Słowianie	1	porzadek_kultura_proc	spoleczenstwo	ulamek	order.ts	mul_proc	0	0	false	CURRENT_RUNTIME_DATA	DEFAULT_VALUE	CURRENT_RUNTIME_DEFAULT	gra/data/civ-matrix.json#/cywilizacje[typCywilizacji=slowianie]/params/porzadek_kultura_proc	RESERVE_DRAFT_UNRESOLVED	docs/decyzje/D-cyw-roster-6-REZERWA.md; Civ-CYWILIZACJE/draft/roster-6-REZERWA.json	UNWIRED		0		NOT_ACTIVE	not computed by current consumer; retain raw Normal data	not applicable until a consumer is wired and reviewed	gra/src/game/civ-matrix.ts:41-60,71-101 (loader/accessor only); no gameplay call-site found	false
slowianie	Słowianie	1	porzadek_wzrost_proc	spoleczenstwo	ulamek	order.ts	mul_proc	0	0	false	CURRENT_RUNTIME_DATA	DEFAULT_VALUE	CURRENT_RUNTIME_DEFAULT	gra/data/civ-matrix.json#/cywilizacje[typCywilizacji=slowianie]/params/porzadek_wzrost_proc	RESERVE_DRAFT_UNRESOLVED	docs/decyzje/D-cyw-roster-6-REZERWA.md; Civ-CYWILIZACJE/draft/roster-6-REZERWA.json	UNWIRED		0		NOT_ACTIVE	not computed by current consumer; retain raw Normal data	not applicable until a consumer is wired and reviewed	gra/src/game/civ-matrix.ts:41-60,71-101 (loader/accessor only); no gameplay call-site found	false
slowianie	Słowianie	1	obl_obrona_miasta_proc	obleczenie	ulamek	siege.ts	mul_proc	0	0	false	CURRENT_RUNTIME_DATA	DEFAULT_VALUE	CURRENT_RUNTIME_DEFAULT	gra/data/civ-matrix.json#/cywilizacje[typCywilizacji=slowianie]/params/obl_obrona_miasta_proc	RESERVE_DRAFT_UNRESOLVED	docs/decyzje/D-cyw-roster-6-REZERWA.md; Civ-CYWILIZACJE/draft/roster-6-REZERWA.json	UNWIRED		0		NOT_ACTIVE	not computed by current consumer; retain raw Normal data	not applicable until a consumer is wired and reviewed	gra/src/game/civ-matrix.ts:41-60,71-101 (loader/accessor only); no gameplay call-site found	false
slowianie	Słowianie	1	obl_mur_proc	obleczenie	ulamek	siege.ts	mul_proc	0	0	false	CURRENT_RUNTIME_DATA	DEFAULT_VALUE	CURRENT_RUNTIME_DEFAULT	gra/data/civ-matrix.json#/cywilizacje[typCywilizacji=slowianie]/params/obl_mur_proc	RESERVE_DRAFT_UNRESOLVED	docs/decyzje/D-cyw-roster-6-REZERWA.md; Civ-CYWILIZACJE/draft/roster-6-REZERWA.json	UNWIRED		0		NOT_ACTIVE	not computed by current consumer; retain raw Normal data	not applicable until a consumer is wired and reviewed	gra/src/game/civ-matrix.ts:41-60,71-101 (loader/accessor only); no gameplay call-site found	false
slowianie	Słowianie	1	obl_machines_proc	obleczenie	ulamek	siegeMachines.ts	mul_proc	0	0	false	CURRENT_RUNTIME_DATA	DEFAULT_VALUE	CURRENT_RUNTIME_DEFAULT	gra/data/civ-matrix.json#/cywilizacje[typCywilizacji=slowianie]/params/obl_machines_proc	RESERVE_DRAFT_UNRESOLVED	docs/decyzje/D-cyw-roster-6-REZERWA.md; Civ-CYWILIZACJE/draft/roster-6-REZERWA.json	UNWIRED		0		NOT_ACTIVE	not computed by current consumer; retain raw Normal data	not applicable until a consumer is wired and reviewed	gra/src/game/civ-matrix.ts:41-60,71-101 (loader/accessor only); no gameplay call-site found	false
slowianie	Słowianie	1	dip_sklonnosc_sojusze	dyplomacja	skala_1_10	diplomacy.ts	skala	4	5	true	CURRENT_RUNTIME_DATA	NON_DEFAULT_OVERRIDE	CURRENT_RUNTIME_DATA	gra/data/civ-matrix.json#/cywilizacje[typCywilizacji=slowianie]/params/dip_sklonnosc_sojusze	RESERVE_DRAFT_UNRESOLVED	docs/decyzje/D-cyw-roster-6-REZERWA.md; Civ-CYWILIZACJE/draft/roster-6-REZERWA.json	UI_ONLY		4		DISPLAY_RAW	display reads raw value; no gameplay Easy/Normal/Hard effect	etykieta UI; brak wpływu na wynik gry	gra/src/game/diplomacy-display.ts:54-59,116-122	false
slowianie	Słowianie	1	dip_lojalnosc	dyplomacja	skala_1_10	diplomacy.ts	skala	5	5	false	CURRENT_RUNTIME_DATA	DEFAULT_VALUE	CURRENT_RUNTIME_DEFAULT	gra/data/civ-matrix.json#/cywilizacje[typCywilizacji=slowianie]/params/dip_lojalnosc	RESERVE_DRAFT_UNRESOLVED	docs/decyzje/D-cyw-roster-6-REZERWA.md; Civ-CYWILIZACJE/draft/roster-6-REZERWA.json	UI_ONLY		5		DISPLAY_RAW	display reads raw value; no gameplay Easy/Normal/Hard effect	etykieta UI; brak wpływu na wynik gry	gra/src/game/diplomacy-display.ts:64-69,116-122	false
slowianie	Słowianie	1	dip_prog_wojny	dyplomacja	skala_1_10	diplomacy.ts	skala	6	5	true	CURRENT_RUNTIME_DATA	NON_DEFAULT_OVERRIDE	CURRENT_RUNTIME_DATA	gra/data/civ-matrix.json#/cywilizacje[typCywilizacji=slowianie]/params/dip_prog_wojny	RESERVE_DRAFT_UNRESOLVED	docs/decyzje/D-cyw-roster-6-REZERWA.md; Civ-CYWILIZACJE/draft/roster-6-REZERWA.json	UI_ONLY		6		DISPLAY_RAW	display reads raw value; no gameplay Easy/Normal/Hard effect	etykieta UI; brak wpływu na wynik gry	gra/src/game/diplomacy-display.ts:73-78,116-122	false
slowianie	Słowianie	1	dip_pamietliwosc	dyplomacja	skala_1_10	diplomacy.ts	skala	5	5	false	CURRENT_RUNTIME_DATA	DEFAULT_VALUE	CURRENT_RUNTIME_DEFAULT	gra/data/civ-matrix.json#/cywilizacje[typCywilizacji=slowianie]/params/dip_pamietliwosc	RESERVE_DRAFT_UNRESOLVED	docs/decyzje/D-cyw-roster-6-REZERWA.md; Civ-CYWILIZACJE/draft/roster-6-REZERWA.json	UI_ONLY		5		DISPLAY_RAW	display reads raw value; no gameplay Easy/Normal/Hard effect	etykieta UI; brak wpływu na wynik gry	gra/src/game/diplomacy-display.ts:82-87,116-122	false
slowianie	Słowianie	1	dip_otwartosc_handel	dyplomacja	skala_1_10	diplomacy.ts	skala	4	5	true	CURRENT_RUNTIME_DATA	NON_DEFAULT_OVERRIDE	CURRENT_RUNTIME_DATA	gra/data/civ-matrix.json#/cywilizacje[typCywilizacji=slowianie]/params/dip_otwartosc_handel	RESERVE_DRAFT_UNRESOLVED	docs/decyzje/D-cyw-roster-6-REZERWA.md; Civ-CYWILIZACJE/draft/roster-6-REZERWA.json	UI_ONLY		4		DISPLAY_RAW	display reads raw value; no gameplay Easy/Normal/Hard effect	etykieta UI; brak wpływu na wynik gry	gra/src/game/diplomacy-display.ts:44-49,116-122	false
slowianie	Słowianie	1	dip_nastawienie_bazowe	dyplomacja	absolut	diplomacy.ts	add	48	50	true	CURRENT_RUNTIME_DATA	NON_DEFAULT_OVERRIDE	CURRENT_RUNTIME_DATA	gra/data/civ-matrix.json#/cywilizacje[typCywilizacji=slowianie]/params/dip_nastawienie_bazowe	RESERVE_DRAFT_UNRESOLVED	docs/decyzje/D-cyw-roster-6-REZERWA.md; Civ-CYWILIZACJE/draft/roster-6-REZERWA.json	REAL_GAMEPLAY	48	48	48	CURRENT_NEUTRAL_CALLER_OMITS_DIFFICULTY	current easy=raw; normal=raw; hard=raw; caller uses default normal	direction requires decision; no arbitrary Easy/Hard	gra/src/game/civ-ai-data.ts:205-217; gra/src/game/diplomacy.ts:1376-1380	false
slowianie	Słowianie	1	dip_agresja_archetyp	dyplomacja	ulamek_0_1	diplomacy.ts	mul_abs	0.55	0.5	true	CURRENT_RUNTIME_DATA	NON_DEFAULT_OVERRIDE	CURRENT_RUNTIME_DATA	gra/data/civ-matrix.json#/cywilizacje[typCywilizacji=slowianie]/params/dip_agresja_archetyp	RESERVE_DRAFT_UNRESOLVED	docs/decyzje/D-cyw-roster-6-REZERWA.md; Civ-CYWILIZACJE/draft/roster-6-REZERWA.json	DEAD_UNWIRED		0.55		NOT_ACTIVE	not computed by current consumer; retain raw Normal data	not applicable until a consumer is wired and reviewed	gra/src/game/civ-matrix.ts:41-60,71-101 (loader/accessor only); no gameplay call-site found	false
slowianie	Słowianie	1	dip_handlowosc_archetyp	dyplomacja	ulamek_0_1	diplomacy.ts	mul_abs	0.4	0.5	true	CURRENT_RUNTIME_DATA	NON_DEFAULT_OVERRIDE	CURRENT_RUNTIME_DATA	gra/data/civ-matrix.json#/cywilizacje[typCywilizacji=slowianie]/params/dip_handlowosc_archetyp	RESERVE_DRAFT_UNRESOLVED	docs/decyzje/D-cyw-roster-6-REZERWA.md; Civ-CYWILIZACJE/draft/roster-6-REZERWA.json	REAL_GAMEPLAY	0.4	0.4	0.4	CURRENT_NEUTRAL_MUL_ABS	current easy=raw; normal=raw; hard=raw because formula=mul_abs	direction requires decision; no arbitrary Easy/Hard	gra/src/game/civ-ai-data.ts:184-198; gra/src/game/diplomacy.ts:1267-1270; gra/src/main.ts:19553-19556,33555-33559,33916-33919	false
slowianie	Słowianie	1	ai_agresywnosc	ai	skala_1_10	civ-ai-data.ts	skala	6	5	true	CURRENT_RUNTIME_DATA	NON_DEFAULT_OVERRIDE	CURRENT_RUNTIME_DATA	gra/data/civ-matrix.json#/cywilizacje[typCywilizacji=slowianie]/params/ai_agresywnosc	RESERVE_DRAFT_UNRESOLVED	docs/decyzje/D-cyw-roster-6-REZERWA.md; Civ-CYWILIZACJE/draft/roster-6-REZERWA.json	REAL_GAMEPLAY	5	6	7	SKALA_1_10	easy=max(1,normal-1); normal=normal; hard=min(10,normal+1); /10	wyżej = bardziej agresywny AI; Hard +1, Easy -1	gra/src/game/civ-ai-data.ts:38-53,156-178; gra/src/game/diplomacy.ts:1261-1266; gra/src/main.ts:19784-19790,33910-33915; gra/src/game/ai.ts:4974-5036,5184-5187	false
slowianie	Słowianie	1	ai_ekspansywnosc	ai	skala_1_10	civ-ai-data.ts	skala	4	5	true	CURRENT_RUNTIME_DATA	NON_DEFAULT_OVERRIDE	CURRENT_RUNTIME_DATA	gra/data/civ-matrix.json#/cywilizacje[typCywilizacji=slowianie]/params/ai_ekspansywnosc	RESERVE_DRAFT_UNRESOLVED	docs/decyzje/D-cyw-roster-6-REZERWA.md; Civ-CYWILIZACJE/draft/roster-6-REZERWA.json	REAL_GAMEPLAY	3	4	5	SKALA_1_10	easy=max(1,normal-1); normal=normal; hard=min(10,normal+1)	wyżej = większa ekspansja; Hard +1, Easy -1	gra/src/game/civ-ai-data.ts:74-102; gra/src/main.ts:33264-33296; gra/src/game/ai.ts:506-513,1097-1117,2857-2868,4257-4264	false
slowianie	Słowianie	1	ai_priorytet_militarny	ai	skala_1_10	civ-ai-data.ts	skala	6	5	true	CURRENT_RUNTIME_DATA	NON_DEFAULT_OVERRIDE	CURRENT_RUNTIME_DATA	gra/data/civ-matrix.json#/cywilizacje[typCywilizacji=slowianie]/params/ai_priorytet_militarny	RESERVE_DRAFT_UNRESOLVED	docs/decyzje/D-cyw-roster-6-REZERWA.md; Civ-CYWILIZACJE/draft/roster-6-REZERWA.json	REAL_GAMEPLAY	5	6	7	SKALA_1_10	easy=max(1,normal-1); normal=normal; hard=min(10,normal+1); delta=(value-5)*15	wyżej = większy score wojskowy; Hard +1, Easy -1	gra/src/game/civ-ai-data.ts:74-102; gra/src/main.ts:33264-33296; gra/src/game/ai-production-priorities.ts:6-27; gra/src/game/ai.ts:1672-1676	false
slowianie	Słowianie	1	ai_priorytet_ekonomia	ai	skala_1_10	civ-ai-data.ts	skala	5	5	false	CURRENT_RUNTIME_DATA	DEFAULT_VALUE	CURRENT_RUNTIME_DEFAULT	gra/data/civ-matrix.json#/cywilizacje[typCywilizacji=slowianie]/params/ai_priorytet_ekonomia	RESERVE_DRAFT_UNRESOLVED	docs/decyzje/D-cyw-roster-6-REZERWA.md; Civ-CYWILIZACJE/draft/roster-6-REZERWA.json	REAL_GAMEPLAY	4	5	6	SKALA_1_10	easy=max(1,normal-1); normal=normal; hard=min(10,normal+1); delta=(value-5)*15	wyżej = większy score ekonomiczny; Hard +1, Easy -1	gra/src/game/civ-ai-data.ts:74-102; gra/src/main.ts:33264-33296; gra/src/game/ai-production-priorities.ts:6-27; gra/src/game/ai.ts:1672-1676	false
slowianie	Słowianie	1	ai_priorytet_nauka	ai	skala_1_10	civ-ai-data.ts	skala	5	5	false	CURRENT_RUNTIME_DATA	DEFAULT_VALUE	CURRENT_RUNTIME_DEFAULT	gra/data/civ-matrix.json#/cywilizacje[typCywilizacji=slowianie]/params/ai_priorytet_nauka	RESERVE_DRAFT_UNRESOLVED	docs/decyzje/D-cyw-roster-6-REZERWA.md; Civ-CYWILIZACJE/draft/roster-6-REZERWA.json	REAL_GAMEPLAY	4	5	6	SKALA_1_10	easy=max(1,normal-1); normal=normal; hard=min(10,normal+1); delta=(value-5)*15	wyżej = większy score nauki; Hard +1, Easy -1	gra/src/game/civ-ai-data.ts:74-102; gra/src/main.ts:33264-33296; gra/src/game/ai-production-priorities.ts:6-27; gra/src/game/ai.ts:1672-1676	false
slowianie	Słowianie	1	ai_tolerancja_ryzyka	ai	skala_1_10	civ-ai-data.ts	skala	4	5	true	CURRENT_RUNTIME_DATA	NON_DEFAULT_OVERRIDE	CURRENT_RUNTIME_DATA	gra/data/civ-matrix.json#/cywilizacje[typCywilizacji=slowianie]/params/ai_tolerancja_ryzyka	RESERVE_DRAFT_UNRESOLVED	docs/decyzje/D-cyw-roster-6-REZERWA.md; Civ-CYWILIZACJE/draft/roster-6-REZERWA.json	REAL_GAMEPLAY	3	4	5	SKALA_1_10	easy=max(1,normal-1); normal=normal; hard=min(10,normal+1)	wyżej = większa tolerancja ryzyka wojny; Hard +1, Easy -1	gra/src/game/civ-ai-data.ts:74-102; gra/src/main.ts:33924-33927; gra/src/game/ai.ts:4974-5036,5184-5187	false
slowianie	Słowianie	1	ai_sklonnosc_podboju	ai	skala_1_10	civ-ai-data.ts	skala	3	5	true	CURRENT_RUNTIME_DATA	NON_DEFAULT_OVERRIDE	CURRENT_RUNTIME_DATA	gra/data/civ-matrix.json#/cywilizacje[typCywilizacji=slowianie]/params/ai_sklonnosc_podboju	RESERVE_DRAFT_UNRESOLVED	docs/decyzje/D-cyw-roster-6-REZERWA.md; Civ-CYWILIZACJE/draft/roster-6-REZERWA.json	REAL_GAMEPLAY	2	3	4	SKALA_1_10	easy=max(1,normal-1); normal=normal; hard=min(10,normal+1)	wyżej = większa skłonność do podboju; Hard +1, Easy -1	gra/src/game/civ-ai-data.ts:74-102; gra/src/main.ts:33264-33296,33924-33927; gra/src/game/ai.ts:4974-5036,5184-5187	false
slowianie	Słowianie	1	ai_profil_obronna	ai	flag_0_1	civ-ai-data.ts	flag	1	0	true	CURRENT_RUNTIME_DATA	NON_DEFAULT_OVERRIDE	CURRENT_RUNTIME_DATA	gra/data/civ-matrix.json#/cywilizacje[typCywilizacji=slowianie]/params/ai_profil_obronna	RESERVE_DRAFT_UNRESOLVED	docs/decyzje/D-cyw-roster-6-REZERWA.md; Civ-CYWILIZACJE/draft/roster-6-REZERWA.json	REAL_GAMEPLAY	1	1	1	FLAG_IDENTITY	flag raw 0/1 at Easy/Normal/Hard	1 = defensive-copy map profile; no difficulty delta	gra/src/game/civ-ai-data.ts:56-71,119-123; gra/src/main.ts:9169-9173	false
babilonia	Babilonia	2	meta_epoka_kamien	meta	flag_0_1	start-preview.ts	flag	0	0	false	CURRENT_RUNTIME_DATA	DEFAULT_VALUE	CURRENT_RUNTIME_DEFAULT	gra/data/civ-matrix.json#/cywilizacje[typCywilizacji=babilonia]/params/meta_epoka_kamien	RESERVE_DRAFT_UNRESOLVED	docs/decyzje/D-cyw-roster-6-REZERWA.md; Civ-CYWILIZACJE/draft/roster-6-REZERWA.json	DEAD_UNWIRED		0		NOT_ACTIVE	not computed by current consumer; retain raw Normal data	not applicable until a consumer is wired and reviewed	gra/src/game/civ-matrix.ts:41-60,71-101 (loader/accessor only); no gameplay call-site found	false
babilonia	Babilonia	2	meta_epoka_braz	meta	flag_0_1	start-preview.ts	flag	1	0	true	CURRENT_RUNTIME_DATA	NON_DEFAULT_OVERRIDE	CURRENT_RUNTIME_DATA	gra/data/civ-matrix.json#/cywilizacje[typCywilizacji=babilonia]/params/meta_epoka_braz	RESERVE_DRAFT_UNRESOLVED	docs/decyzje/D-cyw-roster-6-REZERWA.md; Civ-CYWILIZACJE/draft/roster-6-REZERWA.json	DEAD_UNWIRED		1		NOT_ACTIVE	not computed by current consumer; retain raw Normal data	not applicable until a consumer is wired and reviewed	gra/src/game/civ-matrix.ts:41-60,71-101 (loader/accessor only); no gameplay call-site found	false
babilonia	Babilonia	2	meta_epoka_zelazo	meta	flag_0_1	start-preview.ts	flag	0	0	false	CURRENT_RUNTIME_DATA	DEFAULT_VALUE	CURRENT_RUNTIME_DEFAULT	gra/data/civ-matrix.json#/cywilizacje[typCywilizacji=babilonia]/params/meta_epoka_zelazo	RESERVE_DRAFT_UNRESOLVED	docs/decyzje/D-cyw-roster-6-REZERWA.md; Civ-CYWILIZACJE/draft/roster-6-REZERWA.json	DEAD_UNWIRED		0		NOT_ACTIVE	not computed by current consumer; retain raw Normal data	not applicable until a consumer is wired and reviewed	gra/src/game/civ-matrix.ts:41-60,71-101 (loader/accessor only); no gameplay call-site found	false
babilonia	Babilonia	2	meta_mnoznik_waluta	meta	absolut	economy.ts	mul_abs	2.3	2	true	CURRENT_RUNTIME_DATA	NON_DEFAULT_OVERRIDE	CURRENT_RUNTIME_DATA	gra/data/civ-matrix.json#/cywilizacje[typCywilizacji=babilonia]/params/meta_mnoznik_waluta	RESERVE_DRAFT_UNRESOLVED	docs/decyzje/D-cyw-roster-6-REZERWA.md; Civ-CYWILIZACJE/draft/roster-6-REZERWA.json	DEAD_UNWIRED		2.3		NOT_ACTIVE	not computed by current consumer; retain raw Normal data	not applicable until a consumer is wired and reviewed	gra/src/game/civ-matrix.ts:41-60,71-101 (loader/accessor only); no gameplay call-site found	false
babilonia	Babilonia	2	meta_tier_roster	meta	absolut	civ-roster.ts	mul_abs	2	1	true	CURRENT_RUNTIME_DATA	NON_DEFAULT_OVERRIDE	CURRENT_RUNTIME_DATA	gra/data/civ-matrix.json#/cywilizacje[typCywilizacji=babilonia]/params/meta_tier_roster	RESERVE_DRAFT_UNRESOLVED	docs/decyzje/D-cyw-roster-6-REZERWA.md; Civ-CYWILIZACJE/draft/roster-6-REZERWA.json	DEAD_UNWIRED		2		NOT_ACTIVE	not computed by current consumer; retain raw Normal data	not applicable until a consumer is wired and reviewed	gra/src/game/civ-matrix.ts:41-60,71-101 (loader/accessor only); no gameplay call-site found	false
babilonia	Babilonia	2	walka_atak_piechota	walka	ulamek	civ-bonuses.ts	mul_proc	0	0	false	CURRENT_RUNTIME_DATA	DEFAULT_VALUE	CURRENT_RUNTIME_DEFAULT	gra/data/civ-matrix.json#/cywilizacje[typCywilizacji=babilonia]/params/walka_atak_piechota	RESERVE_DRAFT_UNRESOLVED	docs/decyzje/D-cyw-roster-6-REZERWA.md; Civ-CYWILIZACJE/draft/roster-6-REZERWA.json	DEAD_UNWIRED		0		NOT_ACTIVE	not computed by current consumer; retain raw Normal data	not applicable until a consumer is wired and reviewed	gra/src/game/civ-matrix.ts:41-60,71-101 (loader/accessor only); no gameplay call-site found	false
babilonia	Babilonia	2	walka_atak_lukownicy	walka	ulamek	civ-bonuses.ts	mul_proc	0	0	false	CURRENT_RUNTIME_DATA	DEFAULT_VALUE	CURRENT_RUNTIME_DEFAULT	gra/data/civ-matrix.json#/cywilizacje[typCywilizacji=babilonia]/params/walka_atak_lukownicy	RESERVE_DRAFT_UNRESOLVED	docs/decyzje/D-cyw-roster-6-REZERWA.md; Civ-CYWILIZACJE/draft/roster-6-REZERWA.json	UNWIRED		0		NOT_ACTIVE	not computed by current consumer; retain raw Normal data	not applicable until a consumer is wired and reviewed	gra/src/game/civ-matrix.ts:41-60,71-101 (loader/accessor only); no gameplay call-site found	false
babilonia	Babilonia	2	walka_atak_kawaleria	walka	ulamek	civ-bonuses.ts	mul_proc	0	0	false	CURRENT_RUNTIME_DATA	DEFAULT_VALUE	CURRENT_RUNTIME_DEFAULT	gra/data/civ-matrix.json#/cywilizacje[typCywilizacji=babilonia]/params/walka_atak_kawaleria	RESERVE_DRAFT_UNRESOLVED	docs/decyzje/D-cyw-roster-6-REZERWA.md; Civ-CYWILIZACJE/draft/roster-6-REZERWA.json	DEAD_UNWIRED		0		NOT_ACTIVE	not computed by current consumer; retain raw Normal data	not applicable until a consumer is wired and reviewed	gra/src/game/civ-matrix.ts:41-60,71-101 (loader/accessor only); no gameplay call-site found	false
babilonia	Babilonia	2	walka_atak_rydwany	walka	ulamek	civ-bonuses.ts	mul_proc	0	0	false	CURRENT_RUNTIME_DATA	DEFAULT_VALUE	CURRENT_RUNTIME_DEFAULT	gra/data/civ-matrix.json#/cywilizacje[typCywilizacji=babilonia]/params/walka_atak_rydwany	RESERVE_DRAFT_UNRESOLVED	docs/decyzje/D-cyw-roster-6-REZERWA.md; Civ-CYWILIZACJE/draft/roster-6-REZERWA.json	DEAD_UNWIRED		0		NOT_ACTIVE	not computed by current consumer; retain raw Normal data	not applicable until a consumer is wired and reviewed	gra/src/game/civ-matrix.ts:41-60,71-101 (loader/accessor only); no gameplay call-site found	false
babilonia	Babilonia	2	walka_atak_obleczenie	walka	ulamek	civ-bonuses.ts	mul_proc	0	0	false	CURRENT_RUNTIME_DATA	DEFAULT_VALUE	CURRENT_RUNTIME_DEFAULT	gra/data/civ-matrix.json#/cywilizacje[typCywilizacji=babilonia]/params/walka_atak_obleczenie	RESERVE_DRAFT_UNRESOLVED	docs/decyzje/D-cyw-roster-6-REZERWA.md; Civ-CYWILIZACJE/draft/roster-6-REZERWA.json	DEAD_UNWIRED		0		NOT_ACTIVE	not computed by current consumer; retain raw Normal data	not applicable until a consumer is wired and reviewed	gra/src/game/civ-matrix.ts:41-60,71-101 (loader/accessor only); no gameplay call-site found	false
babilonia	Babilonia	2	walka_atak_morska	walka	ulamek	civ-bonuses.ts	mul_proc	0	0	false	CURRENT_RUNTIME_DATA	DEFAULT_VALUE	CURRENT_RUNTIME_DEFAULT	gra/data/civ-matrix.json#/cywilizacje[typCywilizacji=babilonia]/params/walka_atak_morska	RESERVE_DRAFT_UNRESOLVED	docs/decyzje/D-cyw-roster-6-REZERWA.md; Civ-CYWILIZACJE/draft/roster-6-REZERWA.json	UNWIRED		0		NOT_ACTIVE	not computed by current consumer; retain raw Normal data	not applicable until a consumer is wired and reviewed	gra/src/game/civ-matrix.ts:41-60,71-101 (loader/accessor only); no gameplay call-site found	false
babilonia	Babilonia	2	walka_atak_wszystkie	walka	ulamek	civ-bonuses.ts	mul_proc	0	0	false	CURRENT_RUNTIME_DATA	DEFAULT_VALUE	CURRENT_RUNTIME_DEFAULT	gra/data/civ-matrix.json#/cywilizacje[typCywilizacji=babilonia]/params/walka_atak_wszystkie	RESERVE_DRAFT_UNRESOLVED	docs/decyzje/D-cyw-roster-6-REZERWA.md; Civ-CYWILIZACJE/draft/roster-6-REZERWA.json	UNWIRED		0		NOT_ACTIVE	not computed by current consumer; retain raw Normal data	not applicable until a consumer is wired and reviewed	gra/src/game/civ-matrix.ts:41-60,71-101 (loader/accessor only); no gameplay call-site found	false
babilonia	Babilonia	2	walka_obrona_piechota	walka	ulamek	civ-bonuses.ts	mul_proc	0	0	false	CURRENT_RUNTIME_DATA	DEFAULT_VALUE	CURRENT_RUNTIME_DEFAULT	gra/data/civ-matrix.json#/cywilizacje[typCywilizacji=babilonia]/params/walka_obrona_piechota	RESERVE_DRAFT_UNRESOLVED	docs/decyzje/D-cyw-roster-6-REZERWA.md; Civ-CYWILIZACJE/draft/roster-6-REZERWA.json	DEAD_UNWIRED		0		NOT_ACTIVE	not computed by current consumer; retain raw Normal data	not applicable until a consumer is wired and reviewed	gra/src/game/civ-matrix.ts:41-60,71-101 (loader/accessor only); no gameplay call-site found	false
babilonia	Babilonia	2	walka_obrona_lukownicy	walka	ulamek	civ-bonuses.ts	mul_proc	0	0	false	CURRENT_RUNTIME_DATA	DEFAULT_VALUE	CURRENT_RUNTIME_DEFAULT	gra/data/civ-matrix.json#/cywilizacje[typCywilizacji=babilonia]/params/walka_obrona_lukownicy	RESERVE_DRAFT_UNRESOLVED	docs/decyzje/D-cyw-roster-6-REZERWA.md; Civ-CYWILIZACJE/draft/roster-6-REZERWA.json	UNWIRED		0		NOT_ACTIVE	not computed by current consumer; retain raw Normal data	not applicable until a consumer is wired and reviewed	gra/src/game/civ-matrix.ts:41-60,71-101 (loader/accessor only); no gameplay call-site found	false
babilonia	Babilonia	2	walka_obrona_kawaleria	walka	ulamek	civ-bonuses.ts	mul_proc	0	0	false	CURRENT_RUNTIME_DATA	DEFAULT_VALUE	CURRENT_RUNTIME_DEFAULT	gra/data/civ-matrix.json#/cywilizacje[typCywilizacji=babilonia]/params/walka_obrona_kawaleria	RESERVE_DRAFT_UNRESOLVED	docs/decyzje/D-cyw-roster-6-REZERWA.md; Civ-CYWILIZACJE/draft/roster-6-REZERWA.json	UNWIRED		0		NOT_ACTIVE	not computed by current consumer; retain raw Normal data	not applicable until a consumer is wired and reviewed	gra/src/game/civ-matrix.ts:41-60,71-101 (loader/accessor only); no gameplay call-site found	false
babilonia	Babilonia	2	walka_obrona_rydwany	walka	ulamek	civ-bonuses.ts	mul_proc	0	0	false	CURRENT_RUNTIME_DATA	DEFAULT_VALUE	CURRENT_RUNTIME_DEFAULT	gra/data/civ-matrix.json#/cywilizacje[typCywilizacji=babilonia]/params/walka_obrona_rydwany	RESERVE_DRAFT_UNRESOLVED	docs/decyzje/D-cyw-roster-6-REZERWA.md; Civ-CYWILIZACJE/draft/roster-6-REZERWA.json	UNWIRED		0		NOT_ACTIVE	not computed by current consumer; retain raw Normal data	not applicable until a consumer is wired and reviewed	gra/src/game/civ-matrix.ts:41-60,71-101 (loader/accessor only); no gameplay call-site found	false
babilonia	Babilonia	2	walka_obrona_obleczenie	walka	ulamek	civ-bonuses.ts	mul_proc	0	0	false	CURRENT_RUNTIME_DATA	DEFAULT_VALUE	CURRENT_RUNTIME_DEFAULT	gra/data/civ-matrix.json#/cywilizacje[typCywilizacji=babilonia]/params/walka_obrona_obleczenie	RESERVE_DRAFT_UNRESOLVED	docs/decyzje/D-cyw-roster-6-REZERWA.md; Civ-CYWILIZACJE/draft/roster-6-REZERWA.json	UNWIRED		0		NOT_ACTIVE	not computed by current consumer; retain raw Normal data	not applicable until a consumer is wired and reviewed	gra/src/game/civ-matrix.ts:41-60,71-101 (loader/accessor only); no gameplay call-site found	false
babilonia	Babilonia	2	walka_obrona_morska	walka	ulamek	civ-bonuses.ts	mul_proc	0	0	false	CURRENT_RUNTIME_DATA	DEFAULT_VALUE	CURRENT_RUNTIME_DEFAULT	gra/data/civ-matrix.json#/cywilizacje[typCywilizacji=babilonia]/params/walka_obrona_morska	RESERVE_DRAFT_UNRESOLVED	docs/decyzje/D-cyw-roster-6-REZERWA.md; Civ-CYWILIZACJE/draft/roster-6-REZERWA.json	UNWIRED		0		NOT_ACTIVE	not computed by current consumer; retain raw Normal data	not applicable until a consumer is wired and reviewed	gra/src/game/civ-matrix.ts:41-60,71-101 (loader/accessor only); no gameplay call-site found	false
babilonia	Babilonia	2	walka_pancerz_piechota	walka	ulamek	civ-bonuses.ts	mul_proc	0	0	false	CURRENT_RUNTIME_DATA	DEFAULT_VALUE	CURRENT_RUNTIME_DEFAULT	gra/data/civ-matrix.json#/cywilizacje[typCywilizacji=babilonia]/params/walka_pancerz_piechota	RESERVE_DRAFT_UNRESOLVED	docs/decyzje/D-cyw-roster-6-REZERWA.md; Civ-CYWILIZACJE/draft/roster-6-REZERWA.json	DEAD_UNWIRED		0		NOT_ACTIVE	not computed by current consumer; retain raw Normal data	not applicable until a consumer is wired and reviewed	gra/src/game/civ-matrix.ts:41-60,71-101 (loader/accessor only); no gameplay call-site found	false
babilonia	Babilonia	2	walka_pancerz_lukownicy	walka	ulamek	civ-bonuses.ts	mul_proc	0	0	false	CURRENT_RUNTIME_DATA	DEFAULT_VALUE	CURRENT_RUNTIME_DEFAULT	gra/data/civ-matrix.json#/cywilizacje[typCywilizacji=babilonia]/params/walka_pancerz_lukownicy	RESERVE_DRAFT_UNRESOLVED	docs/decyzje/D-cyw-roster-6-REZERWA.md; Civ-CYWILIZACJE/draft/roster-6-REZERWA.json	UNWIRED		0		NOT_ACTIVE	not computed by current consumer; retain raw Normal data	not applicable until a consumer is wired and reviewed	gra/src/game/civ-matrix.ts:41-60,71-101 (loader/accessor only); no gameplay call-site found	false
babilonia	Babilonia	2	walka_pancerz_kawaleria	walka	ulamek	civ-bonuses.ts	mul_proc	0	0	false	CURRENT_RUNTIME_DATA	DEFAULT_VALUE	CURRENT_RUNTIME_DEFAULT	gra/data/civ-matrix.json#/cywilizacje[typCywilizacji=babilonia]/params/walka_pancerz_kawaleria	RESERVE_DRAFT_UNRESOLVED	docs/decyzje/D-cyw-roster-6-REZERWA.md; Civ-CYWILIZACJE/draft/roster-6-REZERWA.json	UNWIRED		0		NOT_ACTIVE	not computed by current consumer; retain raw Normal data	not applicable until a consumer is wired and reviewed	gra/src/game/civ-matrix.ts:41-60,71-101 (loader/accessor only); no gameplay call-site found	false
babilonia	Babilonia	2	walka_pancerz_rydwany	walka	ulamek	civ-bonuses.ts	mul_proc	0	0	false	CURRENT_RUNTIME_DATA	DEFAULT_VALUE	CURRENT_RUNTIME_DEFAULT	gra/data/civ-matrix.json#/cywilizacje[typCywilizacji=babilonia]/params/walka_pancerz_rydwany	RESERVE_DRAFT_UNRESOLVED	docs/decyzje/D-cyw-roster-6-REZERWA.md; Civ-CYWILIZACJE/draft/roster-6-REZERWA.json	UNWIRED		0		NOT_ACTIVE	not computed by current consumer; retain raw Normal data	not applicable until a consumer is wired and reviewed	gra/src/game/civ-matrix.ts:41-60,71-101 (loader/accessor only); no gameplay call-site found	false
babilonia	Babilonia	2	walka_uderzenie_piechota	walka	ulamek	civ-bonuses.ts	mul_proc	0	0	false	CURRENT_RUNTIME_DATA	DEFAULT_VALUE	CURRENT_RUNTIME_DEFAULT	gra/data/civ-matrix.json#/cywilizacje[typCywilizacji=babilonia]/params/walka_uderzenie_piechota	RESERVE_DRAFT_UNRESOLVED	docs/decyzje/D-cyw-roster-6-REZERWA.md; Civ-CYWILIZACJE/draft/roster-6-REZERWA.json	DEAD_UNWIRED		0		NOT_ACTIVE	not computed by current consumer; retain raw Normal data	not applicable until a consumer is wired and reviewed	gra/src/game/civ-matrix.ts:41-60,71-101 (loader/accessor only); no gameplay call-site found	false
babilonia	Babilonia	2	walka_uderzenie_kawaleria	walka	ulamek	civ-bonuses.ts	mul_proc	0	0	false	CURRENT_RUNTIME_DATA	DEFAULT_VALUE	CURRENT_RUNTIME_DEFAULT	gra/data/civ-matrix.json#/cywilizacje[typCywilizacji=babilonia]/params/walka_uderzenie_kawaleria	RESERVE_DRAFT_UNRESOLVED	docs/decyzje/D-cyw-roster-6-REZERWA.md; Civ-CYWILIZACJE/draft/roster-6-REZERWA.json	DEAD_UNWIRED		0		NOT_ACTIVE	not computed by current consumer; retain raw Normal data	not applicable until a consumer is wired and reviewed	gra/src/game/civ-matrix.ts:41-60,71-101 (loader/accessor only); no gameplay call-site found	false
babilonia	Babilonia	2	walka_uderzenie_rydwany	walka	ulamek	civ-bonuses.ts	mul_proc	0	0	false	CURRENT_RUNTIME_DATA	DEFAULT_VALUE	CURRENT_RUNTIME_DEFAULT	gra/data/civ-matrix.json#/cywilizacje[typCywilizacji=babilonia]/params/walka_uderzenie_rydwany	RESERVE_DRAFT_UNRESOLVED	docs/decyzje/D-cyw-roster-6-REZERWA.md; Civ-CYWILIZACJE/draft/roster-6-REZERWA.json	UNWIRED		0		NOT_ACTIVE	not computed by current consumer; retain raw Normal data	not applicable until a consumer is wired and reviewed	gra/src/game/civ-matrix.ts:41-60,71-101 (loader/accessor only); no gameplay call-site found	false
babilonia	Babilonia	2	walka_dystans_lukownicy	walka	ulamek	civ-bonuses.ts	mul_proc	0	0	false	CURRENT_RUNTIME_DATA	DEFAULT_VALUE	CURRENT_RUNTIME_DEFAULT	gra/data/civ-matrix.json#/cywilizacje[typCywilizacji=babilonia]/params/walka_dystans_lukownicy	RESERVE_DRAFT_UNRESOLVED	docs/decyzje/D-cyw-roster-6-REZERWA.md; Civ-CYWILIZACJE/draft/roster-6-REZERWA.json	DEAD_UNWIRED		0		NOT_ACTIVE	not computed by current consumer; retain raw Normal data	not applicable until a consumer is wired and reviewed	gra/src/game/civ-matrix.ts:41-60,71-101 (loader/accessor only); no gameplay call-site found	false
babilonia	Babilonia	2	walka_dystans_rydwany	walka	ulamek	civ-bonuses.ts	mul_proc	0	0	false	CURRENT_RUNTIME_DATA	DEFAULT_VALUE	CURRENT_RUNTIME_DEFAULT	gra/data/civ-matrix.json#/cywilizacje[typCywilizacji=babilonia]/params/walka_dystans_rydwany	RESERVE_DRAFT_UNRESOLVED	docs/decyzje/D-cyw-roster-6-REZERWA.md; Civ-CYWILIZACJE/draft/roster-6-REZERWA.json	UNWIRED		0		NOT_ACTIVE	not computed by current consumer; retain raw Normal data	not applicable until a consumer is wired and reviewed	gra/src/game/civ-matrix.ts:41-60,71-101 (loader/accessor only); no gameplay call-site found	false
babilonia	Babilonia	2	walka_hp_piechota	walka	ulamek	civ-bonuses.ts	mul_proc	0	0	false	CURRENT_RUNTIME_DATA	DEFAULT_VALUE	CURRENT_RUNTIME_DEFAULT	gra/data/civ-matrix.json#/cywilizacje[typCywilizacji=babilonia]/params/walka_hp_piechota	RESERVE_DRAFT_UNRESOLVED	docs/decyzje/D-cyw-roster-6-REZERWA.md; Civ-CYWILIZACJE/draft/roster-6-REZERWA.json	DEAD_UNWIRED		0		NOT_ACTIVE	not computed by current consumer; retain raw Normal data	not applicable until a consumer is wired and reviewed	gra/src/game/civ-matrix.ts:41-60,71-101 (loader/accessor only); no gameplay call-site found	false
babilonia	Babilonia	2	walka_hp_kawaleria	walka	ulamek	civ-bonuses.ts	mul_proc	0	0	false	CURRENT_RUNTIME_DATA	DEFAULT_VALUE	CURRENT_RUNTIME_DEFAULT	gra/data/civ-matrix.json#/cywilizacje[typCywilizacji=babilonia]/params/walka_hp_kawaleria	RESERVE_DRAFT_UNRESOLVED	docs/decyzje/D-cyw-roster-6-REZERWA.md; Civ-CYWILIZACJE/draft/roster-6-REZERWA.json	UNWIRED		0		NOT_ACTIVE	not computed by current consumer; retain raw Normal data	not applicable until a consumer is wired and reviewed	gra/src/game/civ-matrix.ts:41-60,71-101 (loader/accessor only); no gameplay call-site found	false
babilonia	Babilonia	2	walka_hp_rydwany	walka	ulamek	civ-bonuses.ts	mul_proc	0	0	false	CURRENT_RUNTIME_DATA	DEFAULT_VALUE	CURRENT_RUNTIME_DEFAULT	gra/data/civ-matrix.json#/cywilizacje[typCywilizacji=babilonia]/params/walka_hp_rydwany	RESERVE_DRAFT_UNRESOLVED	docs/decyzje/D-cyw-roster-6-REZERWA.md; Civ-CYWILIZACJE/draft/roster-6-REZERWA.json	DEAD_UNWIRED		0		NOT_ACTIVE	not computed by current consumer; retain raw Normal data	not applicable until a consumer is wired and reviewed	gra/src/game/civ-matrix.ts:41-60,71-101 (loader/accessor only); no gameplay call-site found	false
babilonia	Babilonia	2	walka_ruch_bitwa_proc	walka	ulamek	civ-bonuses.ts	mul_proc	0	0	false	CURRENT_RUNTIME_DATA	DEFAULT_VALUE	CURRENT_RUNTIME_DEFAULT	gra/data/civ-matrix.json#/cywilizacje[typCywilizacji=babilonia]/params/walka_ruch_bitwa_proc	RESERVE_DRAFT_UNRESOLVED	docs/decyzje/D-cyw-roster-6-REZERWA.md; Civ-CYWILIZACJE/draft/roster-6-REZERWA.json	DEAD_UNWIRED		0		NOT_ACTIVE	not computed by current consumer; retain raw Normal data	not applicable until a consumer is wired and reviewed	gra/src/game/civ-matrix.ts:41-60,71-101 (loader/accessor only); no gameplay call-site found	false
babilonia	Babilonia	2	walka_zasieg_proc	walka	ulamek	civ-bonuses.ts	mul_proc	0	0	false	CURRENT_RUNTIME_DATA	DEFAULT_VALUE	CURRENT_RUNTIME_DEFAULT	gra/data/civ-matrix.json#/cywilizacje[typCywilizacji=babilonia]/params/walka_zasieg_proc	RESERVE_DRAFT_UNRESOLVED	docs/decyzje/D-cyw-roster-6-REZERWA.md; Civ-CYWILIZACJE/draft/roster-6-REZERWA.json	UNWIRED		0		NOT_ACTIVE	not computed by current consumer; retain raw Normal data	not applicable until a consumer is wired and reviewed	gra/src/game/civ-matrix.ts:41-60,71-101 (loader/accessor only); no gameplay call-site found	false
babilonia	Babilonia	2	walka_oblezenie_proc	walka	ulamek	civ-bonuses.ts	mul_proc	0	0	false	CURRENT_RUNTIME_DATA	DEFAULT_VALUE	CURRENT_RUNTIME_DEFAULT	gra/data/civ-matrix.json#/cywilizacje[typCywilizacji=babilonia]/params/walka_oblezenie_proc	RESERVE_DRAFT_UNRESOLVED	docs/decyzje/D-cyw-roster-6-REZERWA.md; Civ-CYWILIZACJE/draft/roster-6-REZERWA.json	UNWIRED		0		NOT_ACTIVE	not computed by current consumer; retain raw Normal data	not applicable until a consumer is wired and reviewed	gra/src/game/civ-matrix.ts:41-60,71-101 (loader/accessor only); no gameplay call-site found	false
babilonia	Babilonia	2	walka_koszt_rekrutacji_proc	walka	ulamek	production.ts	mul_proc	0	0	false	CURRENT_RUNTIME_DATA	DEFAULT_VALUE	CURRENT_RUNTIME_DEFAULT	gra/data/civ-matrix.json#/cywilizacje[typCywilizacji=babilonia]/params/walka_koszt_rekrutacji_proc	RESERVE_DRAFT_UNRESOLVED	docs/decyzje/D-cyw-roster-6-REZERWA.md; Civ-CYWILIZACJE/draft/roster-6-REZERWA.json	DEAD_UNWIRED		0		NOT_ACTIVE	not computed by current consumer; retain raw Normal data	not applicable until a consumer is wired and reviewed	gra/src/game/civ-matrix.ts:41-60,71-101 (loader/accessor only); no gameplay call-site found	false
babilonia	Babilonia	2	walka_atak_piechota_teren_las	walka	ulamek	civ-bonuses.ts	mul_proc	0	0	false	CURRENT_RUNTIME_DATA	DEFAULT_VALUE	CURRENT_RUNTIME_DEFAULT	gra/data/civ-matrix.json#/cywilizacje[typCywilizacji=babilonia]/params/walka_atak_piechota_teren_las	RESERVE_DRAFT_UNRESOLVED	docs/decyzje/D-cyw-roster-6-REZERWA.md; Civ-CYWILIZACJE/draft/roster-6-REZERWA.json	DEAD_UNWIRED		0		NOT_ACTIVE	not computed by current consumer; retain raw Normal data	not applicable until a consumer is wired and reviewed	gra/src/game/civ-matrix.ts:41-60,71-101 (loader/accessor only); no gameplay call-site found	false
babilonia	Babilonia	2	walka_obrona_piechota_teren_las	walka	ulamek	civ-bonuses.ts	mul_proc	0	0	false	CURRENT_RUNTIME_DATA	DEFAULT_VALUE	CURRENT_RUNTIME_DEFAULT	gra/data/civ-matrix.json#/cywilizacje[typCywilizacji=babilonia]/params/walka_obrona_piechota_teren_las	RESERVE_DRAFT_UNRESOLVED	docs/decyzje/D-cyw-roster-6-REZERWA.md; Civ-CYWILIZACJE/draft/roster-6-REZERWA.json	UNWIRED		0		NOT_ACTIVE	not computed by current consumer; retain raw Normal data	not applicable until a consumer is wired and reviewed	gra/src/game/civ-matrix.ts:41-60,71-101 (loader/accessor only); no gameplay call-site found	false
babilonia	Babilonia	2	walka_atak_piechota_terytorium_wlasne	walka	ulamek	civ-bonuses.ts	mul_proc	0	0	false	CURRENT_RUNTIME_DATA	DEFAULT_VALUE	CURRENT_RUNTIME_DEFAULT	gra/data/civ-matrix.json#/cywilizacje[typCywilizacji=babilonia]/params/walka_atak_piechota_terytorium_wlasne	RESERVE_DRAFT_UNRESOLVED	docs/decyzje/D-cyw-roster-6-REZERWA.md; Civ-CYWILIZACJE/draft/roster-6-REZERWA.json	UNWIRED		0		NOT_ACTIVE	not computed by current consumer; retain raw Normal data	not applicable until a consumer is wired and reviewed	gra/src/game/civ-matrix.ts:41-60,71-101 (loader/accessor only); no gameplay call-site found	false
babilonia	Babilonia	2	walka_obrona_piechota_terytorium_wlasne	walka	ulamek	civ-bonuses.ts	mul_proc	0	0	false	CURRENT_RUNTIME_DATA	DEFAULT_VALUE	CURRENT_RUNTIME_DEFAULT	gra/data/civ-matrix.json#/cywilizacje[typCywilizacji=babilonia]/params/walka_obrona_piechota_terytorium_wlasne	RESERVE_DRAFT_UNRESOLVED	docs/decyzje/D-cyw-roster-6-REZERWA.md; Civ-CYWILIZACJE/draft/roster-6-REZERWA.json	DEAD_UNWIRED		0		NOT_ACTIVE	not computed by current consumer; retain raw Normal data	not applicable until a consumer is wired and reviewed	gra/src/game/civ-matrix.ts:41-60,71-101 (loader/accessor only); no gameplay call-site found	false
babilonia	Babilonia	2	walka_atak_piechota_w_murze	walka	ulamek	civ-bonuses.ts	mul_proc	0	0	false	CURRENT_RUNTIME_DATA	DEFAULT_VALUE	CURRENT_RUNTIME_DEFAULT	gra/data/civ-matrix.json#/cywilizacje[typCywilizacji=babilonia]/params/walka_atak_piechota_w_murze	RESERVE_DRAFT_UNRESOLVED	docs/decyzje/D-cyw-roster-6-REZERWA.md; Civ-CYWILIZACJE/draft/roster-6-REZERWA.json	UNWIRED		0		NOT_ACTIVE	not computed by current consumer; retain raw Normal data	not applicable until a consumer is wired and reviewed	gra/src/game/civ-matrix.ts:41-60,71-101 (loader/accessor only); no gameplay call-site found	false
babilonia	Babilonia	2	walka_obrona_piechota_w_murze	walka	ulamek	civ-bonuses.ts	mul_proc	0	0	false	CURRENT_RUNTIME_DATA	DEFAULT_VALUE	CURRENT_RUNTIME_DEFAULT	gra/data/civ-matrix.json#/cywilizacje[typCywilizacji=babilonia]/params/walka_obrona_piechota_w_murze	RESERVE_DRAFT_UNRESOLVED	docs/decyzje/D-cyw-roster-6-REZERWA.md; Civ-CYWILIZACJE/draft/roster-6-REZERWA.json	DEAD_UNWIRED		0		NOT_ACTIVE	not computed by current consumer; retain raw Normal data	not applicable until a consumer is wired and reviewed	gra/src/game/civ-matrix.ts:41-60,71-101 (loader/accessor only); no gameplay call-site found	false
babilonia	Babilonia	2	walka_atak_piechota_runda_szarzy	walka	ulamek	civ-bonuses.ts	mul_proc	0	0	false	CURRENT_RUNTIME_DATA	DEFAULT_VALUE	CURRENT_RUNTIME_DEFAULT	gra/data/civ-matrix.json#/cywilizacje[typCywilizacji=babilonia]/params/walka_atak_piechota_runda_szarzy	RESERVE_DRAFT_UNRESOLVED	docs/decyzje/D-cyw-roster-6-REZERWA.md; Civ-CYWILIZACJE/draft/roster-6-REZERWA.json	DEAD_UNWIRED		0		NOT_ACTIVE	not computed by current consumer; retain raw Normal data	not applicable until a consumer is wired and reviewed	gra/src/game/civ-matrix.ts:41-60,71-101 (loader/accessor only); no gameplay call-site found	false
babilonia	Babilonia	2	walka_obrona_piechota_runda_szarzy	walka	ulamek	civ-bonuses.ts	mul_proc	0	0	false	CURRENT_RUNTIME_DATA	DEFAULT_VALUE	CURRENT_RUNTIME_DEFAULT	gra/data/civ-matrix.json#/cywilizacje[typCywilizacji=babilonia]/params/walka_obrona_piechota_runda_szarzy	RESERVE_DRAFT_UNRESOLVED	docs/decyzje/D-cyw-roster-6-REZERWA.md; Civ-CYWILIZACJE/draft/roster-6-REZERWA.json	UNWIRED		0		NOT_ACTIVE	not computed by current consumer; retain raw Normal data	not applicable until a consumer is wired and reviewed	gra/src/game/civ-matrix.ts:41-60,71-101 (loader/accessor only); no gameplay call-site found	false
babilonia	Babilonia	2	walka_atak_piechota_teren_plytkie_morze	walka	ulamek	civ-bonuses.ts	mul_proc	0	0	false	CURRENT_RUNTIME_DATA	DEFAULT_VALUE	CURRENT_RUNTIME_DEFAULT	gra/data/civ-matrix.json#/cywilizacje[typCywilizacji=babilonia]/params/walka_atak_piechota_teren_plytkie_morze	RESERVE_DRAFT_UNRESOLVED	docs/decyzje/D-cyw-roster-6-REZERWA.md; Civ-CYWILIZACJE/draft/roster-6-REZERWA.json	UNWIRED		0		NOT_ACTIVE	not computed by current consumer; retain raw Normal data	not applicable until a consumer is wired and reviewed	gra/src/game/civ-matrix.ts:41-60,71-101 (loader/accessor only); no gameplay call-site found	false
babilonia	Babilonia	2	walka_obrona_piechota_teren_plytkie_morze	walka	ulamek	civ-bonuses.ts	mul_proc	0	0	false	CURRENT_RUNTIME_DATA	DEFAULT_VALUE	CURRENT_RUNTIME_DEFAULT	gra/data/civ-matrix.json#/cywilizacje[typCywilizacji=babilonia]/params/walka_obrona_piechota_teren_plytkie_morze	RESERVE_DRAFT_UNRESOLVED	docs/decyzje/D-cyw-roster-6-REZERWA.md; Civ-CYWILIZACJE/draft/roster-6-REZERWA.json	UNWIRED		0		NOT_ACTIVE	not computed by current consumer; retain raw Normal data	not applicable until a consumer is wired and reviewed	gra/src/game/civ-matrix.ts:41-60,71-101 (loader/accessor only); no gameplay call-site found	false
babilonia	Babilonia	2	spec_Atak	jednostka_spec	absolut	units.json+combat.ts	stat_abs	50.85	0	true	CURRENT_RUNTIME_DATA	NON_DEFAULT_OVERRIDE	CURRENT_RUNTIME_DATA	gra/data/civ-matrix.json#/cywilizacje[typCywilizacji=babilonia]/params/spec_Atak	RESERVE_DRAFT_UNRESOLVED	docs/decyzje/D-cyw-roster-6-REZERWA.md; Civ-CYWILIZACJE/draft/roster-6-REZERWA.json	DEAD_UNWIRED		50.85		NOT_ACTIVE	not computed by current consumer; retain raw Normal data	not applicable until a consumer is wired and reviewed	gra/src/game/civ-matrix.ts:41-60,71-101 (loader/accessor only); no gameplay call-site found	false
babilonia	Babilonia	2	spec_Obrazenia	jednostka_spec	absolut	units.json+combat.ts	stat_abs	50.85	0	true	CURRENT_RUNTIME_DATA	NON_DEFAULT_OVERRIDE	CURRENT_RUNTIME_DATA	gra/data/civ-matrix.json#/cywilizacje[typCywilizacji=babilonia]/params/spec_Obrazenia	RESERVE_DRAFT_UNRESOLVED	docs/decyzje/D-cyw-roster-6-REZERWA.md; Civ-CYWILIZACJE/draft/roster-6-REZERWA.json	DEAD_UNWIRED		50.85		NOT_ACTIVE	not computed by current consumer; retain raw Normal data	not applicable until a consumer is wired and reviewed	gra/src/game/civ-matrix.ts:41-60,71-101 (loader/accessor only); no gameplay call-site found	false
babilonia	Babilonia	2	spec_Obrona	jednostka_spec	absolut	units.json+combat.ts	stat_abs	42.94	0	true	CURRENT_RUNTIME_DATA	NON_DEFAULT_OVERRIDE	CURRENT_RUNTIME_DATA	gra/data/civ-matrix.json#/cywilizacje[typCywilizacji=babilonia]/params/spec_Obrona	RESERVE_DRAFT_UNRESOLVED	docs/decyzje/D-cyw-roster-6-REZERWA.md; Civ-CYWILIZACJE/draft/roster-6-REZERWA.json	DEAD_UNWIRED		42.94		NOT_ACTIVE	not computed by current consumer; retain raw Normal data	not applicable until a consumer is wired and reviewed	gra/src/game/civ-matrix.ts:41-60,71-101 (loader/accessor only); no gameplay call-site found	false
babilonia	Babilonia	2	spec_Uderzenie	jednostka_spec	absolut	units.json+combat.ts	stat_abs	22.6	0	true	CURRENT_RUNTIME_DATA	NON_DEFAULT_OVERRIDE	CURRENT_RUNTIME_DATA	gra/data/civ-matrix.json#/cywilizacje[typCywilizacji=babilonia]/params/spec_Uderzenie	RESERVE_DRAFT_UNRESOLVED	docs/decyzje/D-cyw-roster-6-REZERWA.md; Civ-CYWILIZACJE/draft/roster-6-REZERWA.json	DEAD_UNWIRED		22.6		NOT_ACTIVE	not computed by current consumer; retain raw Normal data	not applicable until a consumer is wired and reviewed	gra/src/game/civ-matrix.ts:41-60,71-101 (loader/accessor only); no gameplay call-site found	false
babilonia	Babilonia	2	spec_Pancerz	jednostka_spec	absolut	units.json+combat.ts	stat_abs	22.6	0	true	CURRENT_RUNTIME_DATA	NON_DEFAULT_OVERRIDE	CURRENT_RUNTIME_DATA	gra/data/civ-matrix.json#/cywilizacje[typCywilizacji=babilonia]/params/spec_Pancerz	RESERVE_DRAFT_UNRESOLVED	docs/decyzje/D-cyw-roster-6-REZERWA.md; Civ-CYWILIZACJE/draft/roster-6-REZERWA.json	DEAD_UNWIRED		22.6		NOT_ACTIVE	not computed by current consumer; retain raw Normal data	not applicable until a consumer is wired and reviewed	gra/src/game/civ-matrix.ts:41-60,71-101 (loader/accessor only); no gameplay call-site found	false
babilonia	Babilonia	2	spec_Przebicie	jednostka_spec	absolut	units.json+combat.ts	stat_abs	11.3	0	true	CURRENT_RUNTIME_DATA	NON_DEFAULT_OVERRIDE	CURRENT_RUNTIME_DATA	gra/data/civ-matrix.json#/cywilizacje[typCywilizacji=babilonia]/params/spec_Przebicie	RESERVE_DRAFT_UNRESOLVED	docs/decyzje/D-cyw-roster-6-REZERWA.md; Civ-CYWILIZACJE/draft/roster-6-REZERWA.json	DEAD_UNWIRED		11.3		NOT_ACTIVE	not computed by current consumer; retain raw Normal data	not applicable until a consumer is wired and reviewed	gra/src/game/civ-matrix.ts:41-60,71-101 (loader/accessor only); no gameplay call-site found	false
babilonia	Babilonia	2	spec_Health	jednostka_spec	absolut	units.json+combat.ts	stat_abs	50.85	0	true	CURRENT_RUNTIME_DATA	NON_DEFAULT_OVERRIDE	CURRENT_RUNTIME_DATA	gra/data/civ-matrix.json#/cywilizacje[typCywilizacji=babilonia]/params/spec_Health	RESERVE_DRAFT_UNRESOLVED	docs/decyzje/D-cyw-roster-6-REZERWA.md; Civ-CYWILIZACJE/draft/roster-6-REZERWA.json	DEAD_UNWIRED		50.85		NOT_ACTIVE	not computed by current consumer; retain raw Normal data	not applicable until a consumer is wired and reviewed	gra/src/game/civ-matrix.ts:41-60,71-101 (loader/accessor only); no gameplay call-site found	false
babilonia	Babilonia	2	spec_Atak_dystansowy	jednostka_spec	absolut	units.json+combat.ts	stat_abs	0	0	false	CURRENT_RUNTIME_DATA	DEFAULT_VALUE	CURRENT_RUNTIME_DEFAULT	gra/data/civ-matrix.json#/cywilizacje[typCywilizacji=babilonia]/params/spec_Atak_dystansowy	RESERVE_DRAFT_UNRESOLVED	docs/decyzje/D-cyw-roster-6-REZERWA.md; Civ-CYWILIZACJE/draft/roster-6-REZERWA.json	DEAD_UNWIRED		0		NOT_ACTIVE	not computed by current consumer; retain raw Normal data	not applicable until a consumer is wired and reviewed	gra/src/game/civ-matrix.ts:41-60,71-101 (loader/accessor only); no gameplay call-site found	false
babilonia	Babilonia	2	spec_Zasieg_hex	jednostka_spec	absolut	units.json+combat.ts	stat_abs	0	0	false	CURRENT_RUNTIME_DATA	DEFAULT_VALUE	CURRENT_RUNTIME_DEFAULT	gra/data/civ-matrix.json#/cywilizacje[typCywilizacji=babilonia]/params/spec_Zasieg_hex	RESERVE_DRAFT_UNRESOLVED	docs/decyzje/D-cyw-roster-6-REZERWA.md; Civ-CYWILIZACJE/draft/roster-6-REZERWA.json	DEAD_UNWIRED		0		NOT_ACTIVE	not computed by current consumer; retain raw Normal data	not applicable until a consumer is wired and reviewed	gra/src/game/civ-matrix.ts:41-60,71-101 (loader/accessor only); no gameplay call-site found	false
babilonia	Babilonia	2	spec_Pociski	jednostka_spec	absolut	units.json+combat.ts	stat_abs	0	0	false	CURRENT_RUNTIME_DATA	DEFAULT_VALUE	CURRENT_RUNTIME_DEFAULT	gra/data/civ-matrix.json#/cywilizacje[typCywilizacji=babilonia]/params/spec_Pociski	RESERVE_DRAFT_UNRESOLVED	docs/decyzje/D-cyw-roster-6-REZERWA.md; Civ-CYWILIZACJE/draft/roster-6-REZERWA.json	DEAD_UNWIRED		0		NOT_ACTIVE	not computed by current consumer; retain raw Normal data	not applicable until a consumer is wired and reviewed	gra/src/game/civ-matrix.ts:41-60,71-101 (loader/accessor only); no gameplay call-site found	false
babilonia	Babilonia	2	spec_Ruch_bitwa	jednostka_spec	absolut	units.json+combat.ts	stat_abs	4	0	true	CURRENT_RUNTIME_DATA	NON_DEFAULT_OVERRIDE	CURRENT_RUNTIME_DATA	gra/data/civ-matrix.json#/cywilizacje[typCywilizacji=babilonia]/params/spec_Ruch_bitwa	RESERVE_DRAFT_UNRESOLVED	docs/decyzje/D-cyw-roster-6-REZERWA.md; Civ-CYWILIZACJE/draft/roster-6-REZERWA.json	DEAD_UNWIRED		4		NOT_ACTIVE	not computed by current consumer; retain raw Normal data	not applicable until a consumer is wired and reviewed	gra/src/game/civ-matrix.ts:41-60,71-101 (loader/accessor only); no gameplay call-site found	false
babilonia	Babilonia	2	spec_Ruch_mapa	jednostka_spec	absolut	units.json+combat.ts	stat_abs	2	0	true	CURRENT_RUNTIME_DATA	NON_DEFAULT_OVERRIDE	CURRENT_RUNTIME_DATA	gra/data/civ-matrix.json#/cywilizacje[typCywilizacji=babilonia]/params/spec_Ruch_mapa	RESERVE_DRAFT_UNRESOLVED	docs/decyzje/D-cyw-roster-6-REZERWA.md; Civ-CYWILIZACJE/draft/roster-6-REZERWA.json	DEAD_UNWIRED		2		NOT_ACTIVE	not computed by current consumer; retain raw Normal data	not applicable until a consumer is wired and reviewed	gra/src/game/civ-matrix.ts:41-60,71-101 (loader/accessor only); no gameplay call-site found	false
babilonia	Babilonia	2	spec_Widok	jednostka_spec	absolut	units.json+combat.ts	stat_abs	2	0	true	CURRENT_RUNTIME_DATA	NON_DEFAULT_OVERRIDE	CURRENT_RUNTIME_DATA	gra/data/civ-matrix.json#/cywilizacje[typCywilizacji=babilonia]/params/spec_Widok	RESERVE_DRAFT_UNRESOLVED	docs/decyzje/D-cyw-roster-6-REZERWA.md; Civ-CYWILIZACJE/draft/roster-6-REZERWA.json	DEAD_UNWIRED		2		NOT_ACTIVE	not computed by current consumer; retain raw Normal data	not applicable until a consumer is wired and reviewed	gra/src/game/civ-matrix.ts:41-60,71-101 (loader/accessor only); no gameplay call-site found	false
babilonia	Babilonia	2	spec_Dezercja_proc	jednostka_spec	absolut	units.json+combat.ts	stat_abs	0.4	0	true	CURRENT_RUNTIME_DATA	NON_DEFAULT_OVERRIDE	CURRENT_RUNTIME_DATA	gra/data/civ-matrix.json#/cywilizacje[typCywilizacji=babilonia]/params/spec_Dezercja_proc	RESERVE_DRAFT_UNRESOLVED	docs/decyzje/D-cyw-roster-6-REZERWA.md; Civ-CYWILIZACJE/draft/roster-6-REZERWA.json	DEAD_UNWIRED		0.4		NOT_ACTIVE	not computed by current consumer; retain raw Normal data	not applicable until a consumer is wired and reviewed	gra/src/game/civ-matrix.ts:41-60,71-101 (loader/accessor only); no gameplay call-site found	false
babilonia	Babilonia	2	spec_Morale	jednostka_spec	absolut	units.json+combat.ts	stat_abs	50	0	true	CURRENT_RUNTIME_DATA	NON_DEFAULT_OVERRIDE	CURRENT_RUNTIME_DATA	gra/data/civ-matrix.json#/cywilizacje[typCywilizacji=babilonia]/params/spec_Morale	RESERVE_DRAFT_UNRESOLVED	docs/decyzje/D-cyw-roster-6-REZERWA.md; Civ-CYWILIZACJE/draft/roster-6-REZERWA.json	DEAD_UNWIRED		50		NOT_ACTIVE	not computed by current consumer; retain raw Normal data	not applicable until a consumer is wired and reviewed	gra/src/game/civ-matrix.ts:41-60,71-101 (loader/accessor only); no gameplay call-site found	false
babilonia	Babilonia	2	spec_Koszt_pieniadz	jednostka_spec	absolut	units.json+combat.ts	stat_abs	10	0	true	CURRENT_RUNTIME_DATA	NON_DEFAULT_OVERRIDE	CURRENT_RUNTIME_DATA	gra/data/civ-matrix.json#/cywilizacje[typCywilizacji=babilonia]/params/spec_Koszt_pieniadz	RESERVE_DRAFT_UNRESOLVED	docs/decyzje/D-cyw-roster-6-REZERWA.md; Civ-CYWILIZACJE/draft/roster-6-REZERWA.json	DEAD_UNWIRED		10		NOT_ACTIVE	not computed by current consumer; retain raw Normal data	not applicable until a consumer is wired and reviewed	gra/src/game/civ-matrix.ts:41-60,71-101 (loader/accessor only); no gameplay call-site found	false
babilonia	Babilonia	2	spec_Utrzymanie	jednostka_spec	absolut	units.json+combat.ts	stat_abs	1	0	true	CURRENT_RUNTIME_DATA	NON_DEFAULT_OVERRIDE	CURRENT_RUNTIME_DATA	gra/data/civ-matrix.json#/cywilizacje[typCywilizacji=babilonia]/params/spec_Utrzymanie	RESERVE_DRAFT_UNRESOLVED	docs/decyzje/D-cyw-roster-6-REZERWA.md; Civ-CYWILIZACJE/draft/roster-6-REZERWA.json	DEAD_UNWIRED		1		NOT_ACTIVE	not computed by current consumer; retain raw Normal data	not applicable until a consumer is wired and reviewed	gra/src/game/civ-matrix.ts:41-60,71-101 (loader/accessor only); no gameplay call-site found	false
babilonia	Babilonia	2	spec_Zywnosc_ture	jednostka_spec	absolut	units.json+combat.ts	stat_abs	1	0	true	CURRENT_RUNTIME_DATA	NON_DEFAULT_OVERRIDE	CURRENT_RUNTIME_DATA	gra/data/civ-matrix.json#/cywilizacje[typCywilizacji=babilonia]/params/spec_Zywnosc_ture	RESERVE_DRAFT_UNRESOLVED	docs/decyzje/D-cyw-roster-6-REZERWA.md; Civ-CYWILIZACJE/draft/roster-6-REZERWA.json	DEAD_UNWIRED		1		NOT_ACTIVE	not computed by current consumer; retain raw Normal data	not applicable until a consumer is wired and reviewed	gra/src/game/civ-matrix.ts:41-60,71-101 (loader/accessor only); no gameplay call-site found	false
babilonia	Babilonia	2	eko_praca_proc	ekonomia	ulamek	economy.ts	mul_proc	0	0	false	CURRENT_RUNTIME_DATA	DEFAULT_VALUE	CURRENT_RUNTIME_DEFAULT	gra/data/civ-matrix.json#/cywilizacje[typCywilizacji=babilonia]/params/eko_praca_proc	RESERVE_DRAFT_UNRESOLVED	docs/decyzje/D-cyw-roster-6-REZERWA.md; Civ-CYWILIZACJE/draft/roster-6-REZERWA.json	DEAD_UNWIRED		0		NOT_ACTIVE	not computed by current consumer; retain raw Normal data	not applicable until a consumer is wired and reviewed	gra/src/game/civ-matrix.ts:41-60,71-101 (loader/accessor only); no gameplay call-site found	false
babilonia	Babilonia	2	eko_pieniadz_proc	ekonomia	ulamek	economy.ts	mul_proc	0.1	0	true	CURRENT_RUNTIME_DATA	NON_DEFAULT_OVERRIDE	CURRENT_RUNTIME_DATA	gra/data/civ-matrix.json#/cywilizacje[typCywilizacji=babilonia]/params/eko_pieniadz_proc	RESERVE_DRAFT_UNRESOLVED	docs/decyzje/D-cyw-roster-6-REZERWA.md; Civ-CYWILIZACJE/draft/roster-6-REZERWA.json	DEAD_UNWIRED		0.1		NOT_ACTIVE	not computed by current consumer; retain raw Normal data	not applicable until a consumer is wired and reviewed	gra/src/game/civ-matrix.ts:41-60,71-101 (loader/accessor only); no gameplay call-site found	false
babilonia	Babilonia	2	eko_pieniadz_port_proc	ekonomia	ulamek	economy.ts	mul_proc	0	0	false	CURRENT_RUNTIME_DATA	DEFAULT_VALUE	CURRENT_RUNTIME_DEFAULT	gra/data/civ-matrix.json#/cywilizacje[typCywilizacji=babilonia]/params/eko_pieniadz_port_proc	RESERVE_DRAFT_UNRESOLVED	docs/decyzje/D-cyw-roster-6-REZERWA.md; Civ-CYWILIZACJE/draft/roster-6-REZERWA.json	DEAD_UNWIRED		0		NOT_ACTIVE	not computed by current consumer; retain raw Normal data	not applicable until a consumer is wired and reviewed	gra/src/game/civ-matrix.ts:41-60,71-101 (loader/accessor only); no gameplay call-site found	false
babilonia	Babilonia	2	eko_zywnosc_proc	ekonomia	ulamek	economy.ts	mul_proc	0	0	false	CURRENT_RUNTIME_DATA	DEFAULT_VALUE	CURRENT_RUNTIME_DEFAULT	gra/data/civ-matrix.json#/cywilizacje[typCywilizacji=babilonia]/params/eko_zywnosc_proc	RESERVE_DRAFT_UNRESOLVED	docs/decyzje/D-cyw-roster-6-REZERWA.md; Civ-CYWILIZACJE/draft/roster-6-REZERWA.json	UNWIRED		0		NOT_ACTIVE	not computed by current consumer; retain raw Normal data	not applicable until a consumer is wired and reviewed	gra/src/game/civ-matrix.ts:41-60,71-101 (loader/accessor only); no gameplay call-site found	false
babilonia	Babilonia	2	eko_nauka_proc	ekonomia	ulamek	economy.ts	mul_proc	0.15	0	true	CURRENT_RUNTIME_DATA	NON_DEFAULT_OVERRIDE	CURRENT_RUNTIME_DATA	gra/data/civ-matrix.json#/cywilizacje[typCywilizacji=babilonia]/params/eko_nauka_proc	RESERVE_DRAFT_UNRESOLVED	docs/decyzje/D-cyw-roster-6-REZERWA.md; Civ-CYWILIZACJE/draft/roster-6-REZERWA.json	DEAD_UNWIRED		0.15		NOT_ACTIVE	not computed by current consumer; retain raw Normal data	not applicable until a consumer is wired and reviewed	gra/src/game/civ-matrix.ts:41-60,71-101 (loader/accessor only); no gameplay call-site found	false
babilonia	Babilonia	2	eko_kultura_proc	ekonomia	ulamek	economy.ts	mul_proc	0	0	false	CURRENT_RUNTIME_DATA	DEFAULT_VALUE	CURRENT_RUNTIME_DEFAULT	gra/data/civ-matrix.json#/cywilizacje[typCywilizacji=babilonia]/params/eko_kultura_proc	RESERVE_DRAFT_UNRESOLVED	docs/decyzje/D-cyw-roster-6-REZERWA.md; Civ-CYWILIZACJE/draft/roster-6-REZERWA.json	UNWIRED		0		NOT_ACTIVE	not computed by current consumer; retain raw Normal data	not applicable until a consumer is wired and reviewed	gra/src/game/civ-matrix.ts:41-60,71-101 (loader/accessor only); no gameplay call-site found	false
babilonia	Babilonia	2	eko_luksus_proc	ekonomia	ulamek	economy.ts	mul_proc	0	0	false	CURRENT_RUNTIME_DATA	DEFAULT_VALUE	CURRENT_RUNTIME_DEFAULT	gra/data/civ-matrix.json#/cywilizacje[typCywilizacji=babilonia]/params/eko_luksus_proc	RESERVE_DRAFT_UNRESOLVED	docs/decyzje/D-cyw-roster-6-REZERWA.md; Civ-CYWILIZACJE/draft/roster-6-REZERWA.json	UNWIRED		0		NOT_ACTIVE	not computed by current consumer; retain raw Normal data	not applicable until a consumer is wired and reviewed	gra/src/game/civ-matrix.ts:41-60,71-101 (loader/accessor only); no gameplay call-site found	false
babilonia	Babilonia	2	eko_zadowolenie_proc	ekonomia	ulamek	economy.ts	mul_proc	0	0	false	CURRENT_RUNTIME_DATA	DEFAULT_VALUE	CURRENT_RUNTIME_DEFAULT	gra/data/civ-matrix.json#/cywilizacje[typCywilizacji=babilonia]/params/eko_zadowolenie_proc	RESERVE_DRAFT_UNRESOLVED	docs/decyzje/D-cyw-roster-6-REZERWA.md; Civ-CYWILIZACJE/draft/roster-6-REZERWA.json	UNWIRED		0		NOT_ACTIVE	not computed by current consumer; retain raw Normal data	not applicable until a consumer is wired and reviewed	gra/src/game/civ-matrix.ts:41-60,71-101 (loader/accessor only); no gameplay call-site found	false
babilonia	Babilonia	2	eko_handel_brutto_proc	ekonomia	ulamek	economy.ts	mul_proc	0.1	0	true	CURRENT_RUNTIME_DATA	NON_DEFAULT_OVERRIDE	CURRENT_RUNTIME_DATA	gra/data/civ-matrix.json#/cywilizacje[typCywilizacji=babilonia]/params/eko_handel_brutto_proc	RESERVE_DRAFT_UNRESOLVED	docs/decyzje/D-cyw-roster-6-REZERWA.md; Civ-CYWILIZACJE/draft/roster-6-REZERWA.json	DEAD_UNWIRED		0.1		NOT_ACTIVE	not computed by current consumer; retain raw Normal data	not applicable until a consumer is wired and reviewed	gra/src/game/civ-matrix.ts:41-60,71-101 (loader/accessor only); no gameplay call-site found	false
babilonia	Babilonia	2	eko_korupcja_proc	ekonomia	ulamek	economy.ts	mul_proc	0	0	false	CURRENT_RUNTIME_DATA	DEFAULT_VALUE	CURRENT_RUNTIME_DEFAULT	gra/data/civ-matrix.json#/cywilizacje[typCywilizacji=babilonia]/params/eko_korupcja_proc	RESERVE_DRAFT_UNRESOLVED	docs/decyzje/D-cyw-roster-6-REZERWA.md; Civ-CYWILIZACJE/draft/roster-6-REZERWA.json	UNWIRED		0		NOT_ACTIVE	not computed by current consumer; retain raw Normal data	not applicable until a consumer is wired and reviewed	gra/src/game/civ-matrix.ts:41-60,71-101 (loader/accessor only); no gameplay call-site found	false
babilonia	Babilonia	2	prod_koszt_budynku_proc	produkcja	ulamek	civ-bonuses.ts	mul_proc	0	0	false	CURRENT_RUNTIME_DATA	DEFAULT_VALUE	CURRENT_RUNTIME_DEFAULT	gra/data/civ-matrix.json#/cywilizacje[typCywilizacji=babilonia]/params/prod_koszt_budynku_proc	RESERVE_DRAFT_UNRESOLVED	docs/decyzje/D-cyw-roster-6-REZERWA.md; Civ-CYWILIZACJE/draft/roster-6-REZERWA.json	DEAD_UNWIRED		0		NOT_ACTIVE	not computed by current consumer; retain raw Normal data	not applicable until a consumer is wired and reviewed	gra/src/game/civ-matrix.ts:41-60,71-101 (loader/accessor only); no gameplay call-site found	false
babilonia	Babilonia	2	prod_koszt_jednostki_proc	produkcja	ulamek	production.ts	mul_proc	0	0	false	CURRENT_RUNTIME_DATA	DEFAULT_VALUE	CURRENT_RUNTIME_DEFAULT	gra/data/civ-matrix.json#/cywilizacje[typCywilizacji=babilonia]/params/prod_koszt_jednostki_proc	RESERVE_DRAFT_UNRESOLVED	docs/decyzje/D-cyw-roster-6-REZERWA.md; Civ-CYWILIZACJE/draft/roster-6-REZERWA.json	DEAD_UNWIRED		0		NOT_ACTIVE	not computed by current consumer; retain raw Normal data	not applicable until a consumer is wired and reviewed	gra/src/game/civ-matrix.ts:41-60,71-101 (loader/accessor only); no gameplay call-site found	false
babilonia	Babilonia	2	prod_szybkosc_budynku_proc	produkcja	ulamek	production.ts	mul_proc	0	0	false	CURRENT_RUNTIME_DATA	DEFAULT_VALUE	CURRENT_RUNTIME_DEFAULT	gra/data/civ-matrix.json#/cywilizacje[typCywilizacji=babilonia]/params/prod_szybkosc_budynku_proc	RESERVE_DRAFT_UNRESOLVED	docs/decyzje/D-cyw-roster-6-REZERWA.md; Civ-CYWILIZACJE/draft/roster-6-REZERWA.json	UNWIRED		0		NOT_ACTIVE	not computed by current consumer; retain raw Normal data	not applicable until a consumer is wired and reviewed	gra/src/game/civ-matrix.ts:41-60,71-101 (loader/accessor only); no gameplay call-site found	false
babilonia	Babilonia	2	prod_szybkosc_jednostki_proc	produkcja	ulamek	production.ts	mul_proc	0	0	false	CURRENT_RUNTIME_DATA	DEFAULT_VALUE	CURRENT_RUNTIME_DEFAULT	gra/data/civ-matrix.json#/cywilizacje[typCywilizacji=babilonia]/params/prod_szybkosc_jednostki_proc	RESERVE_DRAFT_UNRESOLVED	docs/decyzje/D-cyw-roster-6-REZERWA.md; Civ-CYWILIZACJE/draft/roster-6-REZERWA.json	UNWIRED		0		NOT_ACTIVE	not computed by current consumer; retain raw Normal data	not applicable until a consumer is wired and reviewed	gra/src/game/civ-matrix.ts:41-60,71-101 (loader/accessor only); no gameplay call-site found	false
babilonia	Babilonia	2	prod_rush_koszt_proc	produkcja	ulamek	production.ts	mul_proc	0	0	false	CURRENT_RUNTIME_DATA	DEFAULT_VALUE	CURRENT_RUNTIME_DEFAULT	gra/data/civ-matrix.json#/cywilizacje[typCywilizacji=babilonia]/params/prod_rush_koszt_proc	RESERVE_DRAFT_UNRESOLVED	docs/decyzje/D-cyw-roster-6-REZERWA.md; Civ-CYWILIZACJE/draft/roster-6-REZERWA.json	UNWIRED		0		NOT_ACTIVE	not computed by current consumer; retain raw Normal data	not applicable until a consumer is wired and reviewed	gra/src/game/civ-matrix.ts:41-60,71-101 (loader/accessor only); no gameplay call-site found	false
babilonia	Babilonia	2	lud_wzrost_proc	ludnosc	ulamek	economy.ts	mul_proc	0	0	false	CURRENT_RUNTIME_DATA	DEFAULT_VALUE	CURRENT_RUNTIME_DEFAULT	gra/data/civ-matrix.json#/cywilizacje[typCywilizacji=babilonia]/params/lud_wzrost_proc	RESERVE_DRAFT_UNRESOLVED	docs/decyzje/D-cyw-roster-6-REZERWA.md; Civ-CYWILIZACJE/draft/roster-6-REZERWA.json	REAL_GAMEPLAY	0.0	0	0.0	GROWTH_DIFFICULTY_MULT	easy=raw*0.5; normal=raw; hard=raw*1.5; contribution rounded to percent	wyżej = szybszy wzrost i silniejszy AI; Hard ×1.5, Easy ×0.5	gra/src/game/population-growth-v85.ts:84-90,230-232	false
babilonia	Babilonia	2	lud_spadek_proc	ludnosc	ulamek	economy.ts	mul_proc	0	0	false	CURRENT_RUNTIME_DATA	DEFAULT_VALUE	CURRENT_RUNTIME_DEFAULT	gra/data/civ-matrix.json#/cywilizacje[typCywilizacji=babilonia]/params/lud_spadek_proc	RESERVE_DRAFT_UNRESOLVED	docs/decyzje/D-cyw-roster-6-REZERWA.md; Civ-CYWILIZACJE/draft/roster-6-REZERWA.json	UNWIRED		0		NOT_ACTIVE	not computed by current consumer; retain raw Normal data	not applicable until a consumer is wired and reviewed	gra/src/game/civ-matrix.ts:41-60,71-101 (loader/accessor only); no gameplay call-site found	false
babilonia	Babilonia	2	lud_zdrowie_proc	ludnosc	ulamek	turn-economy.ts	mul_proc	0	0	false	CURRENT_RUNTIME_DATA	DEFAULT_VALUE	CURRENT_RUNTIME_DEFAULT	gra/data/civ-matrix.json#/cywilizacje[typCywilizacji=babilonia]/params/lud_zdrowie_proc	RESERVE_DRAFT_UNRESOLVED	docs/decyzje/D-cyw-roster-6-REZERWA.md; Civ-CYWILIZACJE/draft/roster-6-REZERWA.json	UNWIRED		0		NOT_ACTIVE	not computed by current consumer; retain raw Normal data	not applicable until a consumer is wired and reviewed	gra/src/game/civ-matrix.ts:41-60,71-101 (loader/accessor only); no gameplay call-site found	false
babilonia	Babilonia	2	lud_zadowolenie_bazowe	ludnosc	absolut	culture-religion.ts	add	0	0	false	CURRENT_RUNTIME_DATA	DEFAULT_VALUE	CURRENT_RUNTIME_DEFAULT	gra/data/civ-matrix.json#/cywilizacje[typCywilizacji=babilonia]/params/lud_zadowolenie_bazowe	RESERVE_DRAFT_UNRESOLVED	docs/decyzje/D-cyw-roster-6-REZERWA.md; Civ-CYWILIZACJE/draft/roster-6-REZERWA.json	UNWIRED		0		NOT_ACTIVE	not computed by current consumer; retain raw Normal data	not applicable until a consumer is wired and reviewed	gra/src/game/civ-matrix.ts:41-60,71-101 (loader/accessor only); no gameplay call-site found	false
babilonia	Babilonia	2	lud_limit_populacji	ludnosc	absolut	cities.ts	add	10	10	false	CURRENT_RUNTIME_DATA	DEFAULT_VALUE	CURRENT_RUNTIME_DEFAULT	gra/data/civ-matrix.json#/cywilizacje[typCywilizacji=babilonia]/params/lud_limit_populacji	RESERVE_DRAFT_UNRESOLVED	docs/decyzje/D-cyw-roster-6-REZERWA.md; Civ-CYWILIZACJE/draft/roster-6-REZERWA.json	UNWIRED		10		NOT_ACTIVE	not computed by current consumer; retain raw Normal data	not applicable until a consumer is wired and reviewed	gra/src/game/civ-matrix.ts:41-60,71-101 (loader/accessor only); no gameplay call-site found	false
babilonia	Babilonia	2	mp_regen_proc	manpower	ulamek	manpower.ts	mul_proc	0	0	false	CURRENT_RUNTIME_DATA	DEFAULT_VALUE	CURRENT_RUNTIME_DEFAULT	gra/data/civ-matrix.json#/cywilizacje[typCywilizacji=babilonia]/params/mp_regen_proc	RESERVE_DRAFT_UNRESOLVED	docs/decyzje/D-cyw-roster-6-REZERWA.md; Civ-CYWILIZACJE/draft/roster-6-REZERWA.json	DEAD_UNWIRED		0		NOT_ACTIVE	not computed by current consumer; retain raw Normal data	not applicable until a consumer is wired and reviewed	gra/src/game/civ-matrix.ts:41-60,71-101 (loader/accessor only); no gameplay call-site found	false
babilonia	Babilonia	2	mp_max_proc	manpower	ulamek	manpower.ts	mul_proc	0	0	false	CURRENT_RUNTIME_DATA	DEFAULT_VALUE	CURRENT_RUNTIME_DEFAULT	gra/data/civ-matrix.json#/cywilizacje[typCywilizacji=babilonia]/params/mp_max_proc	RESERVE_DRAFT_UNRESOLVED	docs/decyzje/D-cyw-roster-6-REZERWA.md; Civ-CYWILIZACJE/draft/roster-6-REZERWA.json	UNWIRED		0		NOT_ACTIVE	not computed by current consumer; retain raw Normal data	not applicable until a consumer is wired and reviewed	gra/src/game/civ-matrix.ts:41-60,71-101 (loader/accessor only); no gameplay call-site found	false
babilonia	Babilonia	2	mp_koszt_jednostki_proc	manpower	ulamek	manpower.ts	mul_proc	0	0	false	CURRENT_RUNTIME_DATA	DEFAULT_VALUE	CURRENT_RUNTIME_DEFAULT	gra/data/civ-matrix.json#/cywilizacje[typCywilizacji=babilonia]/params/mp_koszt_jednostki_proc	RESERVE_DRAFT_UNRESOLVED	docs/decyzje/D-cyw-roster-6-REZERWA.md; Civ-CYWILIZACJE/draft/roster-6-REZERWA.json	UNWIRED		0		NOT_ACTIVE	not computed by current consumer; retain raw Normal data	not applicable until a consumer is wired and reviewed	gra/src/game/civ-matrix.ts:41-60,71-101 (loader/accessor only); no gameplay call-site found	false
babilonia	Babilonia	2	wealth_cap_proc	spoleczenstwo	ulamek	wealth.ts	mul_proc	0	0	false	CURRENT_RUNTIME_DATA	DEFAULT_VALUE	CURRENT_RUNTIME_DEFAULT	gra/data/civ-matrix.json#/cywilizacje[typCywilizacji=babilonia]/params/wealth_cap_proc	RESERVE_DRAFT_UNRESOLVED	docs/decyzje/D-cyw-roster-6-REZERWA.md; Civ-CYWILIZACJE/draft/roster-6-REZERWA.json	UNWIRED		0		NOT_ACTIVE	not computed by current consumer; retain raw Normal data	not applicable until a consumer is wired and reviewed	gra/src/game/civ-matrix.ts:41-60,71-101 (loader/accessor only); no gameplay call-site found	false
babilonia	Babilonia	2	wealth_mnoznik_proc	spoleczenstwo	ulamek	wealth.ts	mul_proc	0	0	false	CURRENT_RUNTIME_DATA	DEFAULT_VALUE	CURRENT_RUNTIME_DEFAULT	gra/data/civ-matrix.json#/cywilizacje[typCywilizacji=babilonia]/params/wealth_mnoznik_proc	RESERVE_DRAFT_UNRESOLVED	docs/decyzje/D-cyw-roster-6-REZERWA.md; Civ-CYWILIZACJE/draft/roster-6-REZERWA.json	UNWIRED		0		NOT_ACTIVE	not computed by current consumer; retain raw Normal data	not applicable until a consumer is wired and reviewed	gra/src/game/civ-matrix.ts:41-60,71-101 (loader/accessor only); no gameplay call-site found	false
babilonia	Babilonia	2	kultura_naplyw_proc	spoleczenstwo	ulamek	culture-religion.ts	mul_proc	0	0	false	CURRENT_RUNTIME_DATA	DEFAULT_VALUE	CURRENT_RUNTIME_DEFAULT	gra/data/civ-matrix.json#/cywilizacje[typCywilizacji=babilonia]/params/kultura_naplyw_proc	RESERVE_DRAFT_UNRESOLVED	docs/decyzje/D-cyw-roster-6-REZERWA.md; Civ-CYWILIZACJE/draft/roster-6-REZERWA.json	UNWIRED		0		NOT_ACTIVE	not computed by current consumer; retain raw Normal data	not applicable until a consumer is wired and reviewed	gra/src/game/civ-matrix.ts:41-60,71-101 (loader/accessor only); no gameplay call-site found	false
babilonia	Babilonia	2	religia_spread_proc	spoleczenstwo	ulamek	culture-religion.ts	mul_proc	0	0	false	CURRENT_RUNTIME_DATA	DEFAULT_VALUE	CURRENT_RUNTIME_DEFAULT	gra/data/civ-matrix.json#/cywilizacje[typCywilizacji=babilonia]/params/religia_spread_proc	RESERVE_DRAFT_UNRESOLVED	docs/decyzje/D-cyw-roster-6-REZERWA.md; Civ-CYWILIZACJE/draft/roster-6-REZERWA.json	UNWIRED		0		NOT_ACTIVE	not computed by current consumer; retain raw Normal data	not applicable until a consumer is wired and reviewed	gra/src/game/civ-matrix.ts:41-60,71-101 (loader/accessor only); no gameplay call-site found	false
babilonia	Babilonia	2	porzadek_produkcja_proc	spoleczenstwo	ulamek	order.ts	mul_proc	0	0	false	CURRENT_RUNTIME_DATA	DEFAULT_VALUE	CURRENT_RUNTIME_DEFAULT	gra/data/civ-matrix.json#/cywilizacje[typCywilizacji=babilonia]/params/porzadek_produkcja_proc	RESERVE_DRAFT_UNRESOLVED	docs/decyzje/D-cyw-roster-6-REZERWA.md; Civ-CYWILIZACJE/draft/roster-6-REZERWA.json	UNWIRED		0		NOT_ACTIVE	not computed by current consumer; retain raw Normal data	not applicable until a consumer is wired and reviewed	gra/src/game/civ-matrix.ts:41-60,71-101 (loader/accessor only); no gameplay call-site found	false
babilonia	Babilonia	2	porzadek_pieniadz_proc	spoleczenstwo	ulamek	order.ts	mul_proc	0	0	false	CURRENT_RUNTIME_DATA	DEFAULT_VALUE	CURRENT_RUNTIME_DEFAULT	gra/data/civ-matrix.json#/cywilizacje[typCywilizacji=babilonia]/params/porzadek_pieniadz_proc	RESERVE_DRAFT_UNRESOLVED	docs/decyzje/D-cyw-roster-6-REZERWA.md; Civ-CYWILIZACJE/draft/roster-6-REZERWA.json	UNWIRED		0		NOT_ACTIVE	not computed by current consumer; retain raw Normal data	not applicable until a consumer is wired and reviewed	gra/src/game/civ-matrix.ts:41-60,71-101 (loader/accessor only); no gameplay call-site found	false
babilonia	Babilonia	2	porzadek_nauka_proc	spoleczenstwo	ulamek	order.ts	mul_proc	0	0	false	CURRENT_RUNTIME_DATA	DEFAULT_VALUE	CURRENT_RUNTIME_DEFAULT	gra/data/civ-matrix.json#/cywilizacje[typCywilizacji=babilonia]/params/porzadek_nauka_proc	RESERVE_DRAFT_UNRESOLVED	docs/decyzje/D-cyw-roster-6-REZERWA.md; Civ-CYWILIZACJE/draft/roster-6-REZERWA.json	UNWIRED		0		NOT_ACTIVE	not computed by current consumer; retain raw Normal data	not applicable until a consumer is wired and reviewed	gra/src/game/civ-matrix.ts:41-60,71-101 (loader/accessor only); no gameplay call-site found	false
babilonia	Babilonia	2	porzadek_kultura_proc	spoleczenstwo	ulamek	order.ts	mul_proc	0	0	false	CURRENT_RUNTIME_DATA	DEFAULT_VALUE	CURRENT_RUNTIME_DEFAULT	gra/data/civ-matrix.json#/cywilizacje[typCywilizacji=babilonia]/params/porzadek_kultura_proc	RESERVE_DRAFT_UNRESOLVED	docs/decyzje/D-cyw-roster-6-REZERWA.md; Civ-CYWILIZACJE/draft/roster-6-REZERWA.json	UNWIRED		0		NOT_ACTIVE	not computed by current consumer; retain raw Normal data	not applicable until a consumer is wired and reviewed	gra/src/game/civ-matrix.ts:41-60,71-101 (loader/accessor only); no gameplay call-site found	false
babilonia	Babilonia	2	porzadek_wzrost_proc	spoleczenstwo	ulamek	order.ts	mul_proc	0	0	false	CURRENT_RUNTIME_DATA	DEFAULT_VALUE	CURRENT_RUNTIME_DEFAULT	gra/data/civ-matrix.json#/cywilizacje[typCywilizacji=babilonia]/params/porzadek_wzrost_proc	RESERVE_DRAFT_UNRESOLVED	docs/decyzje/D-cyw-roster-6-REZERWA.md; Civ-CYWILIZACJE/draft/roster-6-REZERWA.json	UNWIRED		0		NOT_ACTIVE	not computed by current consumer; retain raw Normal data	not applicable until a consumer is wired and reviewed	gra/src/game/civ-matrix.ts:41-60,71-101 (loader/accessor only); no gameplay call-site found	false
babilonia	Babilonia	2	obl_obrona_miasta_proc	obleczenie	ulamek	siege.ts	mul_proc	0	0	false	CURRENT_RUNTIME_DATA	DEFAULT_VALUE	CURRENT_RUNTIME_DEFAULT	gra/data/civ-matrix.json#/cywilizacje[typCywilizacji=babilonia]/params/obl_obrona_miasta_proc	RESERVE_DRAFT_UNRESOLVED	docs/decyzje/D-cyw-roster-6-REZERWA.md; Civ-CYWILIZACJE/draft/roster-6-REZERWA.json	UNWIRED		0		NOT_ACTIVE	not computed by current consumer; retain raw Normal data	not applicable until a consumer is wired and reviewed	gra/src/game/civ-matrix.ts:41-60,71-101 (loader/accessor only); no gameplay call-site found	false
babilonia	Babilonia	2	obl_mur_proc	obleczenie	ulamek	siege.ts	mul_proc	0	0	false	CURRENT_RUNTIME_DATA	DEFAULT_VALUE	CURRENT_RUNTIME_DEFAULT	gra/data/civ-matrix.json#/cywilizacje[typCywilizacji=babilonia]/params/obl_mur_proc	RESERVE_DRAFT_UNRESOLVED	docs/decyzje/D-cyw-roster-6-REZERWA.md; Civ-CYWILIZACJE/draft/roster-6-REZERWA.json	UNWIRED		0		NOT_ACTIVE	not computed by current consumer; retain raw Normal data	not applicable until a consumer is wired and reviewed	gra/src/game/civ-matrix.ts:41-60,71-101 (loader/accessor only); no gameplay call-site found	false
babilonia	Babilonia	2	obl_machines_proc	obleczenie	ulamek	siegeMachines.ts	mul_proc	0	0	false	CURRENT_RUNTIME_DATA	DEFAULT_VALUE	CURRENT_RUNTIME_DEFAULT	gra/data/civ-matrix.json#/cywilizacje[typCywilizacji=babilonia]/params/obl_machines_proc	RESERVE_DRAFT_UNRESOLVED	docs/decyzje/D-cyw-roster-6-REZERWA.md; Civ-CYWILIZACJE/draft/roster-6-REZERWA.json	UNWIRED		0		NOT_ACTIVE	not computed by current consumer; retain raw Normal data	not applicable until a consumer is wired and reviewed	gra/src/game/civ-matrix.ts:41-60,71-101 (loader/accessor only); no gameplay call-site found	false
babilonia	Babilonia	2	dip_sklonnosc_sojusze	dyplomacja	skala_1_10	diplomacy.ts	skala	6	5	true	CURRENT_RUNTIME_DATA	NON_DEFAULT_OVERRIDE	CURRENT_RUNTIME_DATA	gra/data/civ-matrix.json#/cywilizacje[typCywilizacji=babilonia]/params/dip_sklonnosc_sojusze	RESERVE_DRAFT_UNRESOLVED	docs/decyzje/D-cyw-roster-6-REZERWA.md; Civ-CYWILIZACJE/draft/roster-6-REZERWA.json	UI_ONLY		6		DISPLAY_RAW	display reads raw value; no gameplay Easy/Normal/Hard effect	etykieta UI; brak wpływu na wynik gry	gra/src/game/diplomacy-display.ts:54-59,116-122	false
babilonia	Babilonia	2	dip_lojalnosc	dyplomacja	skala_1_10	diplomacy.ts	skala	5	5	false	CURRENT_RUNTIME_DATA	DEFAULT_VALUE	CURRENT_RUNTIME_DEFAULT	gra/data/civ-matrix.json#/cywilizacje[typCywilizacji=babilonia]/params/dip_lojalnosc	RESERVE_DRAFT_UNRESOLVED	docs/decyzje/D-cyw-roster-6-REZERWA.md; Civ-CYWILIZACJE/draft/roster-6-REZERWA.json	UI_ONLY		5		DISPLAY_RAW	display reads raw value; no gameplay Easy/Normal/Hard effect	etykieta UI; brak wpływu na wynik gry	gra/src/game/diplomacy-display.ts:64-69,116-122	false
babilonia	Babilonia	2	dip_prog_wojny	dyplomacja	skala_1_10	diplomacy.ts	skala	4	5	true	CURRENT_RUNTIME_DATA	NON_DEFAULT_OVERRIDE	CURRENT_RUNTIME_DATA	gra/data/civ-matrix.json#/cywilizacje[typCywilizacji=babilonia]/params/dip_prog_wojny	RESERVE_DRAFT_UNRESOLVED	docs/decyzje/D-cyw-roster-6-REZERWA.md; Civ-CYWILIZACJE/draft/roster-6-REZERWA.json	UI_ONLY		4		DISPLAY_RAW	display reads raw value; no gameplay Easy/Normal/Hard effect	etykieta UI; brak wpływu na wynik gry	gra/src/game/diplomacy-display.ts:73-78,116-122	false
babilonia	Babilonia	2	dip_pamietliwosc	dyplomacja	skala_1_10	diplomacy.ts	skala	5	5	false	CURRENT_RUNTIME_DATA	DEFAULT_VALUE	CURRENT_RUNTIME_DEFAULT	gra/data/civ-matrix.json#/cywilizacje[typCywilizacji=babilonia]/params/dip_pamietliwosc	RESERVE_DRAFT_UNRESOLVED	docs/decyzje/D-cyw-roster-6-REZERWA.md; Civ-CYWILIZACJE/draft/roster-6-REZERWA.json	UI_ONLY		5		DISPLAY_RAW	display reads raw value; no gameplay Easy/Normal/Hard effect	etykieta UI; brak wpływu na wynik gry	gra/src/game/diplomacy-display.ts:82-87,116-122	false
babilonia	Babilonia	2	dip_otwartosc_handel	dyplomacja	skala_1_10	diplomacy.ts	skala	6	5	true	CURRENT_RUNTIME_DATA	NON_DEFAULT_OVERRIDE	CURRENT_RUNTIME_DATA	gra/data/civ-matrix.json#/cywilizacje[typCywilizacji=babilonia]/params/dip_otwartosc_handel	RESERVE_DRAFT_UNRESOLVED	docs/decyzje/D-cyw-roster-6-REZERWA.md; Civ-CYWILIZACJE/draft/roster-6-REZERWA.json	UI_ONLY		6		DISPLAY_RAW	display reads raw value; no gameplay Easy/Normal/Hard effect	etykieta UI; brak wpływu na wynik gry	gra/src/game/diplomacy-display.ts:44-49,116-122	false
babilonia	Babilonia	2	dip_nastawienie_bazowe	dyplomacja	absolut	diplomacy.ts	add	55	50	true	CURRENT_RUNTIME_DATA	NON_DEFAULT_OVERRIDE	CURRENT_RUNTIME_DATA	gra/data/civ-matrix.json#/cywilizacje[typCywilizacji=babilonia]/params/dip_nastawienie_bazowe	RESERVE_DRAFT_UNRESOLVED	docs/decyzje/D-cyw-roster-6-REZERWA.md; Civ-CYWILIZACJE/draft/roster-6-REZERWA.json	REAL_GAMEPLAY	55	55	55	CURRENT_NEUTRAL_CALLER_OMITS_DIFFICULTY	current easy=raw; normal=raw; hard=raw; caller uses default normal	direction requires decision; no arbitrary Easy/Hard	gra/src/game/civ-ai-data.ts:205-217; gra/src/game/diplomacy.ts:1376-1380	false
babilonia	Babilonia	2	dip_agresja_archetyp	dyplomacja	ulamek_0_1	diplomacy.ts	mul_abs	0.3	0.5	true	CURRENT_RUNTIME_DATA	NON_DEFAULT_OVERRIDE	CURRENT_RUNTIME_DATA	gra/data/civ-matrix.json#/cywilizacje[typCywilizacji=babilonia]/params/dip_agresja_archetyp	RESERVE_DRAFT_UNRESOLVED	docs/decyzje/D-cyw-roster-6-REZERWA.md; Civ-CYWILIZACJE/draft/roster-6-REZERWA.json	DEAD_UNWIRED		0.3		NOT_ACTIVE	not computed by current consumer; retain raw Normal data	not applicable until a consumer is wired and reviewed	gra/src/game/civ-matrix.ts:41-60,71-101 (loader/accessor only); no gameplay call-site found	false
babilonia	Babilonia	2	dip_handlowosc_archetyp	dyplomacja	ulamek_0_1	diplomacy.ts	mul_abs	0.65	0.5	true	CURRENT_RUNTIME_DATA	NON_DEFAULT_OVERRIDE	CURRENT_RUNTIME_DATA	gra/data/civ-matrix.json#/cywilizacje[typCywilizacji=babilonia]/params/dip_handlowosc_archetyp	RESERVE_DRAFT_UNRESOLVED	docs/decyzje/D-cyw-roster-6-REZERWA.md; Civ-CYWILIZACJE/draft/roster-6-REZERWA.json	REAL_GAMEPLAY	0.65	0.65	0.65	CURRENT_NEUTRAL_MUL_ABS	current easy=raw; normal=raw; hard=raw because formula=mul_abs	direction requires decision; no arbitrary Easy/Hard	gra/src/game/civ-ai-data.ts:184-198; gra/src/game/diplomacy.ts:1267-1270; gra/src/main.ts:19553-19556,33555-33559,33916-33919	false
babilonia	Babilonia	2	ai_agresywnosc	ai	skala_1_10	civ-ai-data.ts	skala	3	5	true	CURRENT_RUNTIME_DATA	NON_DEFAULT_OVERRIDE	CURRENT_RUNTIME_DATA	gra/data/civ-matrix.json#/cywilizacje[typCywilizacji=babilonia]/params/ai_agresywnosc	RESERVE_DRAFT_UNRESOLVED	docs/decyzje/D-cyw-roster-6-REZERWA.md; Civ-CYWILIZACJE/draft/roster-6-REZERWA.json	REAL_GAMEPLAY	2	3	4	SKALA_1_10	easy=max(1,normal-1); normal=normal; hard=min(10,normal+1); /10	wyżej = bardziej agresywny AI; Hard +1, Easy -1	gra/src/game/civ-ai-data.ts:38-53,156-178; gra/src/game/diplomacy.ts:1261-1266; gra/src/main.ts:19784-19790,33910-33915; gra/src/game/ai.ts:4974-5036,5184-5187	false
babilonia	Babilonia	2	ai_ekspansywnosc	ai	skala_1_10	civ-ai-data.ts	skala	2	5	true	CURRENT_RUNTIME_DATA	NON_DEFAULT_OVERRIDE	CURRENT_RUNTIME_DATA	gra/data/civ-matrix.json#/cywilizacje[typCywilizacji=babilonia]/params/ai_ekspansywnosc	RESERVE_DRAFT_UNRESOLVED	docs/decyzje/D-cyw-roster-6-REZERWA.md; Civ-CYWILIZACJE/draft/roster-6-REZERWA.json	REAL_GAMEPLAY	1	2	3	SKALA_1_10	easy=max(1,normal-1); normal=normal; hard=min(10,normal+1)	wyżej = większa ekspansja; Hard +1, Easy -1	gra/src/game/civ-ai-data.ts:74-102; gra/src/main.ts:33264-33296; gra/src/game/ai.ts:506-513,1097-1117,2857-2868,4257-4264	false
babilonia	Babilonia	2	ai_priorytet_militarny	ai	skala_1_10	civ-ai-data.ts	skala	4	5	true	CURRENT_RUNTIME_DATA	NON_DEFAULT_OVERRIDE	CURRENT_RUNTIME_DATA	gra/data/civ-matrix.json#/cywilizacje[typCywilizacji=babilonia]/params/ai_priorytet_militarny	RESERVE_DRAFT_UNRESOLVED	docs/decyzje/D-cyw-roster-6-REZERWA.md; Civ-CYWILIZACJE/draft/roster-6-REZERWA.json	REAL_GAMEPLAY	3	4	5	SKALA_1_10	easy=max(1,normal-1); normal=normal; hard=min(10,normal+1); delta=(value-5)*15	wyżej = większy score wojskowy; Hard +1, Easy -1	gra/src/game/civ-ai-data.ts:74-102; gra/src/main.ts:33264-33296; gra/src/game/ai-production-priorities.ts:6-27; gra/src/game/ai.ts:1672-1676	false
babilonia	Babilonia	2	ai_priorytet_ekonomia	ai	skala_1_10	civ-ai-data.ts	skala	6	5	true	CURRENT_RUNTIME_DATA	NON_DEFAULT_OVERRIDE	CURRENT_RUNTIME_DATA	gra/data/civ-matrix.json#/cywilizacje[typCywilizacji=babilonia]/params/ai_priorytet_ekonomia	RESERVE_DRAFT_UNRESOLVED	docs/decyzje/D-cyw-roster-6-REZERWA.md; Civ-CYWILIZACJE/draft/roster-6-REZERWA.json	REAL_GAMEPLAY	5	6	7	SKALA_1_10	easy=max(1,normal-1); normal=normal; hard=min(10,normal+1); delta=(value-5)*15	wyżej = większy score ekonomiczny; Hard +1, Easy -1	gra/src/game/civ-ai-data.ts:74-102; gra/src/main.ts:33264-33296; gra/src/game/ai-production-priorities.ts:6-27; gra/src/game/ai.ts:1672-1676	false
babilonia	Babilonia	2	ai_priorytet_nauka	ai	skala_1_10	civ-ai-data.ts	skala	8	5	true	CURRENT_RUNTIME_DATA	NON_DEFAULT_OVERRIDE	CURRENT_RUNTIME_DATA	gra/data/civ-matrix.json#/cywilizacje[typCywilizacji=babilonia]/params/ai_priorytet_nauka	RESERVE_DRAFT_UNRESOLVED	docs/decyzje/D-cyw-roster-6-REZERWA.md; Civ-CYWILIZACJE/draft/roster-6-REZERWA.json	REAL_GAMEPLAY	7	8	9	SKALA_1_10	easy=max(1,normal-1); normal=normal; hard=min(10,normal+1); delta=(value-5)*15	wyżej = większy score nauki; Hard +1, Easy -1	gra/src/game/civ-ai-data.ts:74-102; gra/src/main.ts:33264-33296; gra/src/game/ai-production-priorities.ts:6-27; gra/src/game/ai.ts:1672-1676	false
babilonia	Babilonia	2	ai_tolerancja_ryzyka	ai	skala_1_10	civ-ai-data.ts	skala	4	5	true	CURRENT_RUNTIME_DATA	NON_DEFAULT_OVERRIDE	CURRENT_RUNTIME_DATA	gra/data/civ-matrix.json#/cywilizacje[typCywilizacji=babilonia]/params/ai_tolerancja_ryzyka	RESERVE_DRAFT_UNRESOLVED	docs/decyzje/D-cyw-roster-6-REZERWA.md; Civ-CYWILIZACJE/draft/roster-6-REZERWA.json	REAL_GAMEPLAY	3	4	5	SKALA_1_10	easy=max(1,normal-1); normal=normal; hard=min(10,normal+1)	wyżej = większa tolerancja ryzyka wojny; Hard +1, Easy -1	gra/src/game/civ-ai-data.ts:74-102; gra/src/main.ts:33924-33927; gra/src/game/ai.ts:4974-5036,5184-5187	false
babilonia	Babilonia	2	ai_sklonnosc_podboju	ai	skala_1_10	civ-ai-data.ts	skala	2	5	true	CURRENT_RUNTIME_DATA	NON_DEFAULT_OVERRIDE	CURRENT_RUNTIME_DATA	gra/data/civ-matrix.json#/cywilizacje[typCywilizacji=babilonia]/params/ai_sklonnosc_podboju	RESERVE_DRAFT_UNRESOLVED	docs/decyzje/D-cyw-roster-6-REZERWA.md; Civ-CYWILIZACJE/draft/roster-6-REZERWA.json	REAL_GAMEPLAY	1	2	3	SKALA_1_10	easy=max(1,normal-1); normal=normal; hard=min(10,normal+1)	wyżej = większa skłonność do podboju; Hard +1, Easy -1	gra/src/game/civ-ai-data.ts:74-102; gra/src/main.ts:33264-33296,33924-33927; gra/src/game/ai.ts:4974-5036,5184-5187	false
babilonia	Babilonia	2	ai_profil_obronna	ai	flag_0_1	civ-ai-data.ts	flag	0	0	false	CURRENT_RUNTIME_DATA	DEFAULT_VALUE	CURRENT_RUNTIME_DEFAULT	gra/data/civ-matrix.json#/cywilizacje[typCywilizacji=babilonia]/params/ai_profil_obronna	RESERVE_DRAFT_UNRESOLVED	docs/decyzje/D-cyw-roster-6-REZERWA.md; Civ-CYWILIZACJE/draft/roster-6-REZERWA.json	REAL_GAMEPLAY	0	0	0	FLAG_IDENTITY	flag raw 0/1 at Easy/Normal/Hard	1 = defensive-copy map profile; no difficulty delta	gra/src/game/civ-ai-data.ts:56-71,119-123; gra/src/main.ts:9169-9173	false
asyria	Asyria	2	meta_epoka_kamien	meta	flag_0_1	start-preview.ts	flag	0	0	false	CURRENT_RUNTIME_DATA	DEFAULT_VALUE	CURRENT_RUNTIME_DEFAULT	gra/data/civ-matrix.json#/cywilizacje[typCywilizacji=asyria]/params/meta_epoka_kamien	RESERVE_DRAFT_UNRESOLVED	docs/decyzje/D-cyw-roster-6-REZERWA.md; Civ-CYWILIZACJE/draft/roster-6-REZERWA.json	DEAD_UNWIRED		0		NOT_ACTIVE	not computed by current consumer; retain raw Normal data	not applicable until a consumer is wired and reviewed	gra/src/game/civ-matrix.ts:41-60,71-101 (loader/accessor only); no gameplay call-site found	false
asyria	Asyria	2	meta_epoka_braz	meta	flag_0_1	start-preview.ts	flag	1	0	true	CURRENT_RUNTIME_DATA	NON_DEFAULT_OVERRIDE	CURRENT_RUNTIME_DATA	gra/data/civ-matrix.json#/cywilizacje[typCywilizacji=asyria]/params/meta_epoka_braz	RESERVE_DRAFT_UNRESOLVED	docs/decyzje/D-cyw-roster-6-REZERWA.md; Civ-CYWILIZACJE/draft/roster-6-REZERWA.json	DEAD_UNWIRED		1		NOT_ACTIVE	not computed by current consumer; retain raw Normal data	not applicable until a consumer is wired and reviewed	gra/src/game/civ-matrix.ts:41-60,71-101 (loader/accessor only); no gameplay call-site found	false
asyria	Asyria	2	meta_epoka_zelazo	meta	flag_0_1	start-preview.ts	flag	0	0	false	CURRENT_RUNTIME_DATA	DEFAULT_VALUE	CURRENT_RUNTIME_DEFAULT	gra/data/civ-matrix.json#/cywilizacje[typCywilizacji=asyria]/params/meta_epoka_zelazo	RESERVE_DRAFT_UNRESOLVED	docs/decyzje/D-cyw-roster-6-REZERWA.md; Civ-CYWILIZACJE/draft/roster-6-REZERWA.json	DEAD_UNWIRED		0		NOT_ACTIVE	not computed by current consumer; retain raw Normal data	not applicable until a consumer is wired and reviewed	gra/src/game/civ-matrix.ts:41-60,71-101 (loader/accessor only); no gameplay call-site found	false
asyria	Asyria	2	meta_mnoznik_waluta	meta	absolut	economy.ts	mul_abs	1.7	2	true	CURRENT_RUNTIME_DATA	NON_DEFAULT_OVERRIDE	CURRENT_RUNTIME_DATA	gra/data/civ-matrix.json#/cywilizacje[typCywilizacji=asyria]/params/meta_mnoznik_waluta	RESERVE_DRAFT_UNRESOLVED	docs/decyzje/D-cyw-roster-6-REZERWA.md; Civ-CYWILIZACJE/draft/roster-6-REZERWA.json	DEAD_UNWIRED		1.7		NOT_ACTIVE	not computed by current consumer; retain raw Normal data	not applicable until a consumer is wired and reviewed	gra/src/game/civ-matrix.ts:41-60,71-101 (loader/accessor only); no gameplay call-site found	false
asyria	Asyria	2	meta_tier_roster	meta	absolut	civ-roster.ts	mul_abs	2	1	true	CURRENT_RUNTIME_DATA	NON_DEFAULT_OVERRIDE	CURRENT_RUNTIME_DATA	gra/data/civ-matrix.json#/cywilizacje[typCywilizacji=asyria]/params/meta_tier_roster	RESERVE_DRAFT_UNRESOLVED	docs/decyzje/D-cyw-roster-6-REZERWA.md; Civ-CYWILIZACJE/draft/roster-6-REZERWA.json	DEAD_UNWIRED		2		NOT_ACTIVE	not computed by current consumer; retain raw Normal data	not applicable until a consumer is wired and reviewed	gra/src/game/civ-matrix.ts:41-60,71-101 (loader/accessor only); no gameplay call-site found	false
asyria	Asyria	2	walka_atak_piechota	walka	ulamek	civ-bonuses.ts	mul_proc	0	0	false	CURRENT_RUNTIME_DATA	DEFAULT_VALUE	CURRENT_RUNTIME_DEFAULT	gra/data/civ-matrix.json#/cywilizacje[typCywilizacji=asyria]/params/walka_atak_piechota	RESERVE_DRAFT_UNRESOLVED	docs/decyzje/D-cyw-roster-6-REZERWA.md; Civ-CYWILIZACJE/draft/roster-6-REZERWA.json	DEAD_UNWIRED		0		NOT_ACTIVE	not computed by current consumer; retain raw Normal data	not applicable until a consumer is wired and reviewed	gra/src/game/civ-matrix.ts:41-60,71-101 (loader/accessor only); no gameplay call-site found	false
asyria	Asyria	2	walka_atak_lukownicy	walka	ulamek	civ-bonuses.ts	mul_proc	0	0	false	CURRENT_RUNTIME_DATA	DEFAULT_VALUE	CURRENT_RUNTIME_DEFAULT	gra/data/civ-matrix.json#/cywilizacje[typCywilizacji=asyria]/params/walka_atak_lukownicy	RESERVE_DRAFT_UNRESOLVED	docs/decyzje/D-cyw-roster-6-REZERWA.md; Civ-CYWILIZACJE/draft/roster-6-REZERWA.json	UNWIRED		0		NOT_ACTIVE	not computed by current consumer; retain raw Normal data	not applicable until a consumer is wired and reviewed	gra/src/game/civ-matrix.ts:41-60,71-101 (loader/accessor only); no gameplay call-site found	false
asyria	Asyria	2	walka_atak_kawaleria	walka	ulamek	civ-bonuses.ts	mul_proc	0	0	false	CURRENT_RUNTIME_DATA	DEFAULT_VALUE	CURRENT_RUNTIME_DEFAULT	gra/data/civ-matrix.json#/cywilizacje[typCywilizacji=asyria]/params/walka_atak_kawaleria	RESERVE_DRAFT_UNRESOLVED	docs/decyzje/D-cyw-roster-6-REZERWA.md; Civ-CYWILIZACJE/draft/roster-6-REZERWA.json	DEAD_UNWIRED		0		NOT_ACTIVE	not computed by current consumer; retain raw Normal data	not applicable until a consumer is wired and reviewed	gra/src/game/civ-matrix.ts:41-60,71-101 (loader/accessor only); no gameplay call-site found	false
asyria	Asyria	2	walka_atak_rydwany	walka	ulamek	civ-bonuses.ts	mul_proc	0	0	false	CURRENT_RUNTIME_DATA	DEFAULT_VALUE	CURRENT_RUNTIME_DEFAULT	gra/data/civ-matrix.json#/cywilizacje[typCywilizacji=asyria]/params/walka_atak_rydwany	RESERVE_DRAFT_UNRESOLVED	docs/decyzje/D-cyw-roster-6-REZERWA.md; Civ-CYWILIZACJE/draft/roster-6-REZERWA.json	DEAD_UNWIRED		0		NOT_ACTIVE	not computed by current consumer; retain raw Normal data	not applicable until a consumer is wired and reviewed	gra/src/game/civ-matrix.ts:41-60,71-101 (loader/accessor only); no gameplay call-site found	false
asyria	Asyria	2	walka_atak_obleczenie	walka	ulamek	civ-bonuses.ts	mul_proc	0.15	0	true	CURRENT_RUNTIME_DATA	NON_DEFAULT_OVERRIDE	CURRENT_RUNTIME_DATA	gra/data/civ-matrix.json#/cywilizacje[typCywilizacji=asyria]/params/walka_atak_obleczenie	RESERVE_DRAFT_UNRESOLVED	docs/decyzje/D-cyw-roster-6-REZERWA.md; Civ-CYWILIZACJE/draft/roster-6-REZERWA.json	DEAD_UNWIRED		0.15		NOT_ACTIVE	not computed by current consumer; retain raw Normal data	not applicable until a consumer is wired and reviewed	gra/src/game/civ-matrix.ts:41-60,71-101 (loader/accessor only); no gameplay call-site found	false
asyria	Asyria	2	walka_atak_morska	walka	ulamek	civ-bonuses.ts	mul_proc	0	0	false	CURRENT_RUNTIME_DATA	DEFAULT_VALUE	CURRENT_RUNTIME_DEFAULT	gra/data/civ-matrix.json#/cywilizacje[typCywilizacji=asyria]/params/walka_atak_morska	RESERVE_DRAFT_UNRESOLVED	docs/decyzje/D-cyw-roster-6-REZERWA.md; Civ-CYWILIZACJE/draft/roster-6-REZERWA.json	UNWIRED		0		NOT_ACTIVE	not computed by current consumer; retain raw Normal data	not applicable until a consumer is wired and reviewed	gra/src/game/civ-matrix.ts:41-60,71-101 (loader/accessor only); no gameplay call-site found	false
asyria	Asyria	2	walka_atak_wszystkie	walka	ulamek	civ-bonuses.ts	mul_proc	0	0	false	CURRENT_RUNTIME_DATA	DEFAULT_VALUE	CURRENT_RUNTIME_DEFAULT	gra/data/civ-matrix.json#/cywilizacje[typCywilizacji=asyria]/params/walka_atak_wszystkie	RESERVE_DRAFT_UNRESOLVED	docs/decyzje/D-cyw-roster-6-REZERWA.md; Civ-CYWILIZACJE/draft/roster-6-REZERWA.json	UNWIRED		0		NOT_ACTIVE	not computed by current consumer; retain raw Normal data	not applicable until a consumer is wired and reviewed	gra/src/game/civ-matrix.ts:41-60,71-101 (loader/accessor only); no gameplay call-site found	false
asyria	Asyria	2	walka_obrona_piechota	walka	ulamek	civ-bonuses.ts	mul_proc	0	0	false	CURRENT_RUNTIME_DATA	DEFAULT_VALUE	CURRENT_RUNTIME_DEFAULT	gra/data/civ-matrix.json#/cywilizacje[typCywilizacji=asyria]/params/walka_obrona_piechota	RESERVE_DRAFT_UNRESOLVED	docs/decyzje/D-cyw-roster-6-REZERWA.md; Civ-CYWILIZACJE/draft/roster-6-REZERWA.json	DEAD_UNWIRED		0		NOT_ACTIVE	not computed by current consumer; retain raw Normal data	not applicable until a consumer is wired and reviewed	gra/src/game/civ-matrix.ts:41-60,71-101 (loader/accessor only); no gameplay call-site found	false
asyria	Asyria	2	walka_obrona_lukownicy	walka	ulamek	civ-bonuses.ts	mul_proc	0	0	false	CURRENT_RUNTIME_DATA	DEFAULT_VALUE	CURRENT_RUNTIME_DEFAULT	gra/data/civ-matrix.json#/cywilizacje[typCywilizacji=asyria]/params/walka_obrona_lukownicy	RESERVE_DRAFT_UNRESOLVED	docs/decyzje/D-cyw-roster-6-REZERWA.md; Civ-CYWILIZACJE/draft/roster-6-REZERWA.json	UNWIRED		0		NOT_ACTIVE	not computed by current consumer; retain raw Normal data	not applicable until a consumer is wired and reviewed	gra/src/game/civ-matrix.ts:41-60,71-101 (loader/accessor only); no gameplay call-site found	false
asyria	Asyria	2	walka_obrona_kawaleria	walka	ulamek	civ-bonuses.ts	mul_proc	0	0	false	CURRENT_RUNTIME_DATA	DEFAULT_VALUE	CURRENT_RUNTIME_DEFAULT	gra/data/civ-matrix.json#/cywilizacje[typCywilizacji=asyria]/params/walka_obrona_kawaleria	RESERVE_DRAFT_UNRESOLVED	docs/decyzje/D-cyw-roster-6-REZERWA.md; Civ-CYWILIZACJE/draft/roster-6-REZERWA.json	UNWIRED		0		NOT_ACTIVE	not computed by current consumer; retain raw Normal data	not applicable until a consumer is wired and reviewed	gra/src/game/civ-matrix.ts:41-60,71-101 (loader/accessor only); no gameplay call-site found	false
asyria	Asyria	2	walka_obrona_rydwany	walka	ulamek	civ-bonuses.ts	mul_proc	0	0	false	CURRENT_RUNTIME_DATA	DEFAULT_VALUE	CURRENT_RUNTIME_DEFAULT	gra/data/civ-matrix.json#/cywilizacje[typCywilizacji=asyria]/params/walka_obrona_rydwany	RESERVE_DRAFT_UNRESOLVED	docs/decyzje/D-cyw-roster-6-REZERWA.md; Civ-CYWILIZACJE/draft/roster-6-REZERWA.json	UNWIRED		0		NOT_ACTIVE	not computed by current consumer; retain raw Normal data	not applicable until a consumer is wired and reviewed	gra/src/game/civ-matrix.ts:41-60,71-101 (loader/accessor only); no gameplay call-site found	false
asyria	Asyria	2	walka_obrona_obleczenie	walka	ulamek	civ-bonuses.ts	mul_proc	0	0	false	CURRENT_RUNTIME_DATA	DEFAULT_VALUE	CURRENT_RUNTIME_DEFAULT	gra/data/civ-matrix.json#/cywilizacje[typCywilizacji=asyria]/params/walka_obrona_obleczenie	RESERVE_DRAFT_UNRESOLVED	docs/decyzje/D-cyw-roster-6-REZERWA.md; Civ-CYWILIZACJE/draft/roster-6-REZERWA.json	UNWIRED		0		NOT_ACTIVE	not computed by current consumer; retain raw Normal data	not applicable until a consumer is wired and reviewed	gra/src/game/civ-matrix.ts:41-60,71-101 (loader/accessor only); no gameplay call-site found	false
asyria	Asyria	2	walka_obrona_morska	walka	ulamek	civ-bonuses.ts	mul_proc	0	0	false	CURRENT_RUNTIME_DATA	DEFAULT_VALUE	CURRENT_RUNTIME_DEFAULT	gra/data/civ-matrix.json#/cywilizacje[typCywilizacji=asyria]/params/walka_obrona_morska	RESERVE_DRAFT_UNRESOLVED	docs/decyzje/D-cyw-roster-6-REZERWA.md; Civ-CYWILIZACJE/draft/roster-6-REZERWA.json	UNWIRED		0		NOT_ACTIVE	not computed by current consumer; retain raw Normal data	not applicable until a consumer is wired and reviewed	gra/src/game/civ-matrix.ts:41-60,71-101 (loader/accessor only); no gameplay call-site found	false
asyria	Asyria	2	walka_pancerz_piechota	walka	ulamek	civ-bonuses.ts	mul_proc	0	0	false	CURRENT_RUNTIME_DATA	DEFAULT_VALUE	CURRENT_RUNTIME_DEFAULT	gra/data/civ-matrix.json#/cywilizacje[typCywilizacji=asyria]/params/walka_pancerz_piechota	RESERVE_DRAFT_UNRESOLVED	docs/decyzje/D-cyw-roster-6-REZERWA.md; Civ-CYWILIZACJE/draft/roster-6-REZERWA.json	DEAD_UNWIRED		0		NOT_ACTIVE	not computed by current consumer; retain raw Normal data	not applicable until a consumer is wired and reviewed	gra/src/game/civ-matrix.ts:41-60,71-101 (loader/accessor only); no gameplay call-site found	false
asyria	Asyria	2	walka_pancerz_lukownicy	walka	ulamek	civ-bonuses.ts	mul_proc	0	0	false	CURRENT_RUNTIME_DATA	DEFAULT_VALUE	CURRENT_RUNTIME_DEFAULT	gra/data/civ-matrix.json#/cywilizacje[typCywilizacji=asyria]/params/walka_pancerz_lukownicy	RESERVE_DRAFT_UNRESOLVED	docs/decyzje/D-cyw-roster-6-REZERWA.md; Civ-CYWILIZACJE/draft/roster-6-REZERWA.json	UNWIRED		0		NOT_ACTIVE	not computed by current consumer; retain raw Normal data	not applicable until a consumer is wired and reviewed	gra/src/game/civ-matrix.ts:41-60,71-101 (loader/accessor only); no gameplay call-site found	false
asyria	Asyria	2	walka_pancerz_kawaleria	walka	ulamek	civ-bonuses.ts	mul_proc	0	0	false	CURRENT_RUNTIME_DATA	DEFAULT_VALUE	CURRENT_RUNTIME_DEFAULT	gra/data/civ-matrix.json#/cywilizacje[typCywilizacji=asyria]/params/walka_pancerz_kawaleria	RESERVE_DRAFT_UNRESOLVED	docs/decyzje/D-cyw-roster-6-REZERWA.md; Civ-CYWILIZACJE/draft/roster-6-REZERWA.json	UNWIRED		0		NOT_ACTIVE	not computed by current consumer; retain raw Normal data	not applicable until a consumer is wired and reviewed	gra/src/game/civ-matrix.ts:41-60,71-101 (loader/accessor only); no gameplay call-site found	false
asyria	Asyria	2	walka_pancerz_rydwany	walka	ulamek	civ-bonuses.ts	mul_proc	0	0	false	CURRENT_RUNTIME_DATA	DEFAULT_VALUE	CURRENT_RUNTIME_DEFAULT	gra/data/civ-matrix.json#/cywilizacje[typCywilizacji=asyria]/params/walka_pancerz_rydwany	RESERVE_DRAFT_UNRESOLVED	docs/decyzje/D-cyw-roster-6-REZERWA.md; Civ-CYWILIZACJE/draft/roster-6-REZERWA.json	UNWIRED		0		NOT_ACTIVE	not computed by current consumer; retain raw Normal data	not applicable until a consumer is wired and reviewed	gra/src/game/civ-matrix.ts:41-60,71-101 (loader/accessor only); no gameplay call-site found	false
asyria	Asyria	2	walka_uderzenie_piechota	walka	ulamek	civ-bonuses.ts	mul_proc	0	0	false	CURRENT_RUNTIME_DATA	DEFAULT_VALUE	CURRENT_RUNTIME_DEFAULT	gra/data/civ-matrix.json#/cywilizacje[typCywilizacji=asyria]/params/walka_uderzenie_piechota	RESERVE_DRAFT_UNRESOLVED	docs/decyzje/D-cyw-roster-6-REZERWA.md; Civ-CYWILIZACJE/draft/roster-6-REZERWA.json	DEAD_UNWIRED		0		NOT_ACTIVE	not computed by current consumer; retain raw Normal data	not applicable until a consumer is wired and reviewed	gra/src/game/civ-matrix.ts:41-60,71-101 (loader/accessor only); no gameplay call-site found	false
asyria	Asyria	2	walka_uderzenie_kawaleria	walka	ulamek	civ-bonuses.ts	mul_proc	0	0	false	CURRENT_RUNTIME_DATA	DEFAULT_VALUE	CURRENT_RUNTIME_DEFAULT	gra/data/civ-matrix.json#/cywilizacje[typCywilizacji=asyria]/params/walka_uderzenie_kawaleria	RESERVE_DRAFT_UNRESOLVED	docs/decyzje/D-cyw-roster-6-REZERWA.md; Civ-CYWILIZACJE/draft/roster-6-REZERWA.json	DEAD_UNWIRED		0		NOT_ACTIVE	not computed by current consumer; retain raw Normal data	not applicable until a consumer is wired and reviewed	gra/src/game/civ-matrix.ts:41-60,71-101 (loader/accessor only); no gameplay call-site found	false
asyria	Asyria	2	walka_uderzenie_rydwany	walka	ulamek	civ-bonuses.ts	mul_proc	0	0	false	CURRENT_RUNTIME_DATA	DEFAULT_VALUE	CURRENT_RUNTIME_DEFAULT	gra/data/civ-matrix.json#/cywilizacje[typCywilizacji=asyria]/params/walka_uderzenie_rydwany	RESERVE_DRAFT_UNRESOLVED	docs/decyzje/D-cyw-roster-6-REZERWA.md; Civ-CYWILIZACJE/draft/roster-6-REZERWA.json	UNWIRED		0		NOT_ACTIVE	not computed by current consumer; retain raw Normal data	not applicable until a consumer is wired and reviewed	gra/src/game/civ-matrix.ts:41-60,71-101 (loader/accessor only); no gameplay call-site found	false
asyria	Asyria	2	walka_dystans_lukownicy	walka	ulamek	civ-bonuses.ts	mul_proc	0.2	0	true	CURRENT_RUNTIME_DATA	NON_DEFAULT_OVERRIDE	CURRENT_RUNTIME_DATA	gra/data/civ-matrix.json#/cywilizacje[typCywilizacji=asyria]/params/walka_dystans_lukownicy	RESERVE_DRAFT_UNRESOLVED	docs/decyzje/D-cyw-roster-6-REZERWA.md; Civ-CYWILIZACJE/draft/roster-6-REZERWA.json	DEAD_UNWIRED		0.2		NOT_ACTIVE	not computed by current consumer; retain raw Normal data	not applicable until a consumer is wired and reviewed	gra/src/game/civ-matrix.ts:41-60,71-101 (loader/accessor only); no gameplay call-site found	false
asyria	Asyria	2	walka_dystans_rydwany	walka	ulamek	civ-bonuses.ts	mul_proc	0	0	false	CURRENT_RUNTIME_DATA	DEFAULT_VALUE	CURRENT_RUNTIME_DEFAULT	gra/data/civ-matrix.json#/cywilizacje[typCywilizacji=asyria]/params/walka_dystans_rydwany	RESERVE_DRAFT_UNRESOLVED	docs/decyzje/D-cyw-roster-6-REZERWA.md; Civ-CYWILIZACJE/draft/roster-6-REZERWA.json	UNWIRED		0		NOT_ACTIVE	not computed by current consumer; retain raw Normal data	not applicable until a consumer is wired and reviewed	gra/src/game/civ-matrix.ts:41-60,71-101 (loader/accessor only); no gameplay call-site found	false
asyria	Asyria	2	walka_hp_piechota	walka	ulamek	civ-bonuses.ts	mul_proc	0	0	false	CURRENT_RUNTIME_DATA	DEFAULT_VALUE	CURRENT_RUNTIME_DEFAULT	gra/data/civ-matrix.json#/cywilizacje[typCywilizacji=asyria]/params/walka_hp_piechota	RESERVE_DRAFT_UNRESOLVED	docs/decyzje/D-cyw-roster-6-REZERWA.md; Civ-CYWILIZACJE/draft/roster-6-REZERWA.json	DEAD_UNWIRED		0		NOT_ACTIVE	not computed by current consumer; retain raw Normal data	not applicable until a consumer is wired and reviewed	gra/src/game/civ-matrix.ts:41-60,71-101 (loader/accessor only); no gameplay call-site found	false
asyria	Asyria	2	walka_hp_kawaleria	walka	ulamek	civ-bonuses.ts	mul_proc	0	0	false	CURRENT_RUNTIME_DATA	DEFAULT_VALUE	CURRENT_RUNTIME_DEFAULT	gra/data/civ-matrix.json#/cywilizacje[typCywilizacji=asyria]/params/walka_hp_kawaleria	RESERVE_DRAFT_UNRESOLVED	docs/decyzje/D-cyw-roster-6-REZERWA.md; Civ-CYWILIZACJE/draft/roster-6-REZERWA.json	UNWIRED		0		NOT_ACTIVE	not computed by current consumer; retain raw Normal data	not applicable until a consumer is wired and reviewed	gra/src/game/civ-matrix.ts:41-60,71-101 (loader/accessor only); no gameplay call-site found	false
asyria	Asyria	2	walka_hp_rydwany	walka	ulamek	civ-bonuses.ts	mul_proc	0	0	false	CURRENT_RUNTIME_DATA	DEFAULT_VALUE	CURRENT_RUNTIME_DEFAULT	gra/data/civ-matrix.json#/cywilizacje[typCywilizacji=asyria]/params/walka_hp_rydwany	RESERVE_DRAFT_UNRESOLVED	docs/decyzje/D-cyw-roster-6-REZERWA.md; Civ-CYWILIZACJE/draft/roster-6-REZERWA.json	DEAD_UNWIRED		0		NOT_ACTIVE	not computed by current consumer; retain raw Normal data	not applicable until a consumer is wired and reviewed	gra/src/game/civ-matrix.ts:41-60,71-101 (loader/accessor only); no gameplay call-site found	false
asyria	Asyria	2	walka_ruch_bitwa_proc	walka	ulamek	civ-bonuses.ts	mul_proc	0	0	false	CURRENT_RUNTIME_DATA	DEFAULT_VALUE	CURRENT_RUNTIME_DEFAULT	gra/data/civ-matrix.json#/cywilizacje[typCywilizacji=asyria]/params/walka_ruch_bitwa_proc	RESERVE_DRAFT_UNRESOLVED	docs/decyzje/D-cyw-roster-6-REZERWA.md; Civ-CYWILIZACJE/draft/roster-6-REZERWA.json	DEAD_UNWIRED		0		NOT_ACTIVE	not computed by current consumer; retain raw Normal data	not applicable until a consumer is wired and reviewed	gra/src/game/civ-matrix.ts:41-60,71-101 (loader/accessor only); no gameplay call-site found	false
asyria	Asyria	2	walka_zasieg_proc	walka	ulamek	civ-bonuses.ts	mul_proc	0	0	false	CURRENT_RUNTIME_DATA	DEFAULT_VALUE	CURRENT_RUNTIME_DEFAULT	gra/data/civ-matrix.json#/cywilizacje[typCywilizacji=asyria]/params/walka_zasieg_proc	RESERVE_DRAFT_UNRESOLVED	docs/decyzje/D-cyw-roster-6-REZERWA.md; Civ-CYWILIZACJE/draft/roster-6-REZERWA.json	UNWIRED		0		NOT_ACTIVE	not computed by current consumer; retain raw Normal data	not applicable until a consumer is wired and reviewed	gra/src/game/civ-matrix.ts:41-60,71-101 (loader/accessor only); no gameplay call-site found	false
asyria	Asyria	2	walka_oblezenie_proc	walka	ulamek	civ-bonuses.ts	mul_proc	0	0	false	CURRENT_RUNTIME_DATA	DEFAULT_VALUE	CURRENT_RUNTIME_DEFAULT	gra/data/civ-matrix.json#/cywilizacje[typCywilizacji=asyria]/params/walka_oblezenie_proc	RESERVE_DRAFT_UNRESOLVED	docs/decyzje/D-cyw-roster-6-REZERWA.md; Civ-CYWILIZACJE/draft/roster-6-REZERWA.json	UNWIRED		0		NOT_ACTIVE	not computed by current consumer; retain raw Normal data	not applicable until a consumer is wired and reviewed	gra/src/game/civ-matrix.ts:41-60,71-101 (loader/accessor only); no gameplay call-site found	false
asyria	Asyria	2	walka_koszt_rekrutacji_proc	walka	ulamek	production.ts	mul_proc	0	0	false	CURRENT_RUNTIME_DATA	DEFAULT_VALUE	CURRENT_RUNTIME_DEFAULT	gra/data/civ-matrix.json#/cywilizacje[typCywilizacji=asyria]/params/walka_koszt_rekrutacji_proc	RESERVE_DRAFT_UNRESOLVED	docs/decyzje/D-cyw-roster-6-REZERWA.md; Civ-CYWILIZACJE/draft/roster-6-REZERWA.json	DEAD_UNWIRED		0		NOT_ACTIVE	not computed by current consumer; retain raw Normal data	not applicable until a consumer is wired and reviewed	gra/src/game/civ-matrix.ts:41-60,71-101 (loader/accessor only); no gameplay call-site found	false
asyria	Asyria	2	walka_atak_piechota_teren_las	walka	ulamek	civ-bonuses.ts	mul_proc	0	0	false	CURRENT_RUNTIME_DATA	DEFAULT_VALUE	CURRENT_RUNTIME_DEFAULT	gra/data/civ-matrix.json#/cywilizacje[typCywilizacji=asyria]/params/walka_atak_piechota_teren_las	RESERVE_DRAFT_UNRESOLVED	docs/decyzje/D-cyw-roster-6-REZERWA.md; Civ-CYWILIZACJE/draft/roster-6-REZERWA.json	DEAD_UNWIRED		0		NOT_ACTIVE	not computed by current consumer; retain raw Normal data	not applicable until a consumer is wired and reviewed	gra/src/game/civ-matrix.ts:41-60,71-101 (loader/accessor only); no gameplay call-site found	false
asyria	Asyria	2	walka_obrona_piechota_teren_las	walka	ulamek	civ-bonuses.ts	mul_proc	0	0	false	CURRENT_RUNTIME_DATA	DEFAULT_VALUE	CURRENT_RUNTIME_DEFAULT	gra/data/civ-matrix.json#/cywilizacje[typCywilizacji=asyria]/params/walka_obrona_piechota_teren_las	RESERVE_DRAFT_UNRESOLVED	docs/decyzje/D-cyw-roster-6-REZERWA.md; Civ-CYWILIZACJE/draft/roster-6-REZERWA.json	UNWIRED		0		NOT_ACTIVE	not computed by current consumer; retain raw Normal data	not applicable until a consumer is wired and reviewed	gra/src/game/civ-matrix.ts:41-60,71-101 (loader/accessor only); no gameplay call-site found	false
asyria	Asyria	2	walka_atak_piechota_terytorium_wlasne	walka	ulamek	civ-bonuses.ts	mul_proc	0	0	false	CURRENT_RUNTIME_DATA	DEFAULT_VALUE	CURRENT_RUNTIME_DEFAULT	gra/data/civ-matrix.json#/cywilizacje[typCywilizacji=asyria]/params/walka_atak_piechota_terytorium_wlasne	RESERVE_DRAFT_UNRESOLVED	docs/decyzje/D-cyw-roster-6-REZERWA.md; Civ-CYWILIZACJE/draft/roster-6-REZERWA.json	UNWIRED		0		NOT_ACTIVE	not computed by current consumer; retain raw Normal data	not applicable until a consumer is wired and reviewed	gra/src/game/civ-matrix.ts:41-60,71-101 (loader/accessor only); no gameplay call-site found	false
asyria	Asyria	2	walka_obrona_piechota_terytorium_wlasne	walka	ulamek	civ-bonuses.ts	mul_proc	0	0	false	CURRENT_RUNTIME_DATA	DEFAULT_VALUE	CURRENT_RUNTIME_DEFAULT	gra/data/civ-matrix.json#/cywilizacje[typCywilizacji=asyria]/params/walka_obrona_piechota_terytorium_wlasne	RESERVE_DRAFT_UNRESOLVED	docs/decyzje/D-cyw-roster-6-REZERWA.md; Civ-CYWILIZACJE/draft/roster-6-REZERWA.json	DEAD_UNWIRED		0		NOT_ACTIVE	not computed by current consumer; retain raw Normal data	not applicable until a consumer is wired and reviewed	gra/src/game/civ-matrix.ts:41-60,71-101 (loader/accessor only); no gameplay call-site found	false
asyria	Asyria	2	walka_atak_piechota_w_murze	walka	ulamek	civ-bonuses.ts	mul_proc	0	0	false	CURRENT_RUNTIME_DATA	DEFAULT_VALUE	CURRENT_RUNTIME_DEFAULT	gra/data/civ-matrix.json#/cywilizacje[typCywilizacji=asyria]/params/walka_atak_piechota_w_murze	RESERVE_DRAFT_UNRESOLVED	docs/decyzje/D-cyw-roster-6-REZERWA.md; Civ-CYWILIZACJE/draft/roster-6-REZERWA.json	UNWIRED		0		NOT_ACTIVE	not computed by current consumer; retain raw Normal data	not applicable until a consumer is wired and reviewed	gra/src/game/civ-matrix.ts:41-60,71-101 (loader/accessor only); no gameplay call-site found	false
asyria	Asyria	2	walka_obrona_piechota_w_murze	walka	ulamek	civ-bonuses.ts	mul_proc	0	0	false	CURRENT_RUNTIME_DATA	DEFAULT_VALUE	CURRENT_RUNTIME_DEFAULT	gra/data/civ-matrix.json#/cywilizacje[typCywilizacji=asyria]/params/walka_obrona_piechota_w_murze	RESERVE_DRAFT_UNRESOLVED	docs/decyzje/D-cyw-roster-6-REZERWA.md; Civ-CYWILIZACJE/draft/roster-6-REZERWA.json	DEAD_UNWIRED		0		NOT_ACTIVE	not computed by current consumer; retain raw Normal data	not applicable until a consumer is wired and reviewed	gra/src/game/civ-matrix.ts:41-60,71-101 (loader/accessor only); no gameplay call-site found	false
asyria	Asyria	2	walka_atak_piechota_runda_szarzy	walka	ulamek	civ-bonuses.ts	mul_proc	0	0	false	CURRENT_RUNTIME_DATA	DEFAULT_VALUE	CURRENT_RUNTIME_DEFAULT	gra/data/civ-matrix.json#/cywilizacje[typCywilizacji=asyria]/params/walka_atak_piechota_runda_szarzy	RESERVE_DRAFT_UNRESOLVED	docs/decyzje/D-cyw-roster-6-REZERWA.md; Civ-CYWILIZACJE/draft/roster-6-REZERWA.json	DEAD_UNWIRED		0		NOT_ACTIVE	not computed by current consumer; retain raw Normal data	not applicable until a consumer is wired and reviewed	gra/src/game/civ-matrix.ts:41-60,71-101 (loader/accessor only); no gameplay call-site found	false
asyria	Asyria	2	walka_obrona_piechota_runda_szarzy	walka	ulamek	civ-bonuses.ts	mul_proc	0	0	false	CURRENT_RUNTIME_DATA	DEFAULT_VALUE	CURRENT_RUNTIME_DEFAULT	gra/data/civ-matrix.json#/cywilizacje[typCywilizacji=asyria]/params/walka_obrona_piechota_runda_szarzy	RESERVE_DRAFT_UNRESOLVED	docs/decyzje/D-cyw-roster-6-REZERWA.md; Civ-CYWILIZACJE/draft/roster-6-REZERWA.json	UNWIRED		0		NOT_ACTIVE	not computed by current consumer; retain raw Normal data	not applicable until a consumer is wired and reviewed	gra/src/game/civ-matrix.ts:41-60,71-101 (loader/accessor only); no gameplay call-site found	false
asyria	Asyria	2	walka_atak_piechota_teren_plytkie_morze	walka	ulamek	civ-bonuses.ts	mul_proc	0	0	false	CURRENT_RUNTIME_DATA	DEFAULT_VALUE	CURRENT_RUNTIME_DEFAULT	gra/data/civ-matrix.json#/cywilizacje[typCywilizacji=asyria]/params/walka_atak_piechota_teren_plytkie_morze	RESERVE_DRAFT_UNRESOLVED	docs/decyzje/D-cyw-roster-6-REZERWA.md; Civ-CYWILIZACJE/draft/roster-6-REZERWA.json	UNWIRED		0		NOT_ACTIVE	not computed by current consumer; retain raw Normal data	not applicable until a consumer is wired and reviewed	gra/src/game/civ-matrix.ts:41-60,71-101 (loader/accessor only); no gameplay call-site found	false
asyria	Asyria	2	walka_obrona_piechota_teren_plytkie_morze	walka	ulamek	civ-bonuses.ts	mul_proc	0	0	false	CURRENT_RUNTIME_DATA	DEFAULT_VALUE	CURRENT_RUNTIME_DEFAULT	gra/data/civ-matrix.json#/cywilizacje[typCywilizacji=asyria]/params/walka_obrona_piechota_teren_plytkie_morze	RESERVE_DRAFT_UNRESOLVED	docs/decyzje/D-cyw-roster-6-REZERWA.md; Civ-CYWILIZACJE/draft/roster-6-REZERWA.json	UNWIRED		0		NOT_ACTIVE	not computed by current consumer; retain raw Normal data	not applicable until a consumer is wired and reviewed	gra/src/game/civ-matrix.ts:41-60,71-101 (loader/accessor only); no gameplay call-site found	false
asyria	Asyria	2	spec_Atak	jednostka_spec	absolut	units.json+combat.ts	stat_abs	30	0	true	CURRENT_RUNTIME_DATA	NON_DEFAULT_OVERRIDE	CURRENT_RUNTIME_DATA	gra/data/civ-matrix.json#/cywilizacje[typCywilizacji=asyria]/params/spec_Atak	RESERVE_DRAFT_UNRESOLVED	docs/decyzje/D-cyw-roster-6-REZERWA.md; Civ-CYWILIZACJE/draft/roster-6-REZERWA.json	DEAD_UNWIRED		30		NOT_ACTIVE	not computed by current consumer; retain raw Normal data	not applicable until a consumer is wired and reviewed	gra/src/game/civ-matrix.ts:41-60,71-101 (loader/accessor only); no gameplay call-site found	false
asyria	Asyria	2	spec_Obrazenia	jednostka_spec	absolut	units.json+combat.ts	stat_abs	35	0	true	CURRENT_RUNTIME_DATA	NON_DEFAULT_OVERRIDE	CURRENT_RUNTIME_DATA	gra/data/civ-matrix.json#/cywilizacje[typCywilizacji=asyria]/params/spec_Obrazenia	RESERVE_DRAFT_UNRESOLVED	docs/decyzje/D-cyw-roster-6-REZERWA.md; Civ-CYWILIZACJE/draft/roster-6-REZERWA.json	DEAD_UNWIRED		35		NOT_ACTIVE	not computed by current consumer; retain raw Normal data	not applicable until a consumer is wired and reviewed	gra/src/game/civ-matrix.ts:41-60,71-101 (loader/accessor only); no gameplay call-site found	false
asyria	Asyria	2	spec_Obrona	jednostka_spec	absolut	units.json+combat.ts	stat_abs	20	0	true	CURRENT_RUNTIME_DATA	NON_DEFAULT_OVERRIDE	CURRENT_RUNTIME_DATA	gra/data/civ-matrix.json#/cywilizacje[typCywilizacji=asyria]/params/spec_Obrona	RESERVE_DRAFT_UNRESOLVED	docs/decyzje/D-cyw-roster-6-REZERWA.md; Civ-CYWILIZACJE/draft/roster-6-REZERWA.json	DEAD_UNWIRED		20		NOT_ACTIVE	not computed by current consumer; retain raw Normal data	not applicable until a consumer is wired and reviewed	gra/src/game/civ-matrix.ts:41-60,71-101 (loader/accessor only); no gameplay call-site found	false
asyria	Asyria	2	spec_Uderzenie	jednostka_spec	absolut	units.json+combat.ts	stat_abs	10	0	true	CURRENT_RUNTIME_DATA	NON_DEFAULT_OVERRIDE	CURRENT_RUNTIME_DATA	gra/data/civ-matrix.json#/cywilizacje[typCywilizacji=asyria]/params/spec_Uderzenie	RESERVE_DRAFT_UNRESOLVED	docs/decyzje/D-cyw-roster-6-REZERWA.md; Civ-CYWILIZACJE/draft/roster-6-REZERWA.json	DEAD_UNWIRED		10		NOT_ACTIVE	not computed by current consumer; retain raw Normal data	not applicable until a consumer is wired and reviewed	gra/src/game/civ-matrix.ts:41-60,71-101 (loader/accessor only); no gameplay call-site found	false
asyria	Asyria	2	spec_Pancerz	jednostka_spec	absolut	units.json+combat.ts	stat_abs	10	0	true	CURRENT_RUNTIME_DATA	NON_DEFAULT_OVERRIDE	CURRENT_RUNTIME_DATA	gra/data/civ-matrix.json#/cywilizacje[typCywilizacji=asyria]/params/spec_Pancerz	RESERVE_DRAFT_UNRESOLVED	docs/decyzje/D-cyw-roster-6-REZERWA.md; Civ-CYWILIZACJE/draft/roster-6-REZERWA.json	DEAD_UNWIRED		10		NOT_ACTIVE	not computed by current consumer; retain raw Normal data	not applicable until a consumer is wired and reviewed	gra/src/game/civ-matrix.ts:41-60,71-101 (loader/accessor only); no gameplay call-site found	false
asyria	Asyria	2	spec_Przebicie	jednostka_spec	absolut	units.json+combat.ts	stat_abs	15	0	true	CURRENT_RUNTIME_DATA	NON_DEFAULT_OVERRIDE	CURRENT_RUNTIME_DATA	gra/data/civ-matrix.json#/cywilizacje[typCywilizacji=asyria]/params/spec_Przebicie	RESERVE_DRAFT_UNRESOLVED	docs/decyzje/D-cyw-roster-6-REZERWA.md; Civ-CYWILIZACJE/draft/roster-6-REZERWA.json	DEAD_UNWIRED		15		NOT_ACTIVE	not computed by current consumer; retain raw Normal data	not applicable until a consumer is wired and reviewed	gra/src/game/civ-matrix.ts:41-60,71-101 (loader/accessor only); no gameplay call-site found	false
asyria	Asyria	2	spec_Health	jednostka_spec	absolut	units.json+combat.ts	stat_abs	30	0	true	CURRENT_RUNTIME_DATA	NON_DEFAULT_OVERRIDE	CURRENT_RUNTIME_DATA	gra/data/civ-matrix.json#/cywilizacje[typCywilizacji=asyria]/params/spec_Health	RESERVE_DRAFT_UNRESOLVED	docs/decyzje/D-cyw-roster-6-REZERWA.md; Civ-CYWILIZACJE/draft/roster-6-REZERWA.json	DEAD_UNWIRED		30		NOT_ACTIVE	not computed by current consumer; retain raw Normal data	not applicable until a consumer is wired and reviewed	gra/src/game/civ-matrix.ts:41-60,71-101 (loader/accessor only); no gameplay call-site found	false
asyria	Asyria	2	spec_Atak_dystansowy	jednostka_spec	absolut	units.json+combat.ts	stat_abs	35	0	true	CURRENT_RUNTIME_DATA	NON_DEFAULT_OVERRIDE	CURRENT_RUNTIME_DATA	gra/data/civ-matrix.json#/cywilizacje[typCywilizacji=asyria]/params/spec_Atak_dystansowy	RESERVE_DRAFT_UNRESOLVED	docs/decyzje/D-cyw-roster-6-REZERWA.md; Civ-CYWILIZACJE/draft/roster-6-REZERWA.json	DEAD_UNWIRED		35		NOT_ACTIVE	not computed by current consumer; retain raw Normal data	not applicable until a consumer is wired and reviewed	gra/src/game/civ-matrix.ts:41-60,71-101 (loader/accessor only); no gameplay call-site found	false
asyria	Asyria	2	spec_Zasieg_hex	jednostka_spec	absolut	units.json+combat.ts	stat_abs	3	0	true	CURRENT_RUNTIME_DATA	NON_DEFAULT_OVERRIDE	CURRENT_RUNTIME_DATA	gra/data/civ-matrix.json#/cywilizacje[typCywilizacji=asyria]/params/spec_Zasieg_hex	RESERVE_DRAFT_UNRESOLVED	docs/decyzje/D-cyw-roster-6-REZERWA.md; Civ-CYWILIZACJE/draft/roster-6-REZERWA.json	DEAD_UNWIRED		3		NOT_ACTIVE	not computed by current consumer; retain raw Normal data	not applicable until a consumer is wired and reviewed	gra/src/game/civ-matrix.ts:41-60,71-101 (loader/accessor only); no gameplay call-site found	false
asyria	Asyria	2	spec_Pociski	jednostka_spec	absolut	units.json+combat.ts	stat_abs	12	0	true	CURRENT_RUNTIME_DATA	NON_DEFAULT_OVERRIDE	CURRENT_RUNTIME_DATA	gra/data/civ-matrix.json#/cywilizacje[typCywilizacji=asyria]/params/spec_Pociski	RESERVE_DRAFT_UNRESOLVED	docs/decyzje/D-cyw-roster-6-REZERWA.md; Civ-CYWILIZACJE/draft/roster-6-REZERWA.json	DEAD_UNWIRED		12		NOT_ACTIVE	not computed by current consumer; retain raw Normal data	not applicable until a consumer is wired and reviewed	gra/src/game/civ-matrix.ts:41-60,71-101 (loader/accessor only); no gameplay call-site found	false
asyria	Asyria	2	spec_Ruch_bitwa	jednostka_spec	absolut	units.json+combat.ts	stat_abs	3	0	true	CURRENT_RUNTIME_DATA	NON_DEFAULT_OVERRIDE	CURRENT_RUNTIME_DATA	gra/data/civ-matrix.json#/cywilizacje[typCywilizacji=asyria]/params/spec_Ruch_bitwa	RESERVE_DRAFT_UNRESOLVED	docs/decyzje/D-cyw-roster-6-REZERWA.md; Civ-CYWILIZACJE/draft/roster-6-REZERWA.json	DEAD_UNWIRED		3		NOT_ACTIVE	not computed by current consumer; retain raw Normal data	not applicable until a consumer is wired and reviewed	gra/src/game/civ-matrix.ts:41-60,71-101 (loader/accessor only); no gameplay call-site found	false
asyria	Asyria	2	spec_Ruch_mapa	jednostka_spec	absolut	units.json+combat.ts	stat_abs	2	0	true	CURRENT_RUNTIME_DATA	NON_DEFAULT_OVERRIDE	CURRENT_RUNTIME_DATA	gra/data/civ-matrix.json#/cywilizacje[typCywilizacji=asyria]/params/spec_Ruch_mapa	RESERVE_DRAFT_UNRESOLVED	docs/decyzje/D-cyw-roster-6-REZERWA.md; Civ-CYWILIZACJE/draft/roster-6-REZERWA.json	DEAD_UNWIRED		2		NOT_ACTIVE	not computed by current consumer; retain raw Normal data	not applicable until a consumer is wired and reviewed	gra/src/game/civ-matrix.ts:41-60,71-101 (loader/accessor only); no gameplay call-site found	false
asyria	Asyria	2	spec_Widok	jednostka_spec	absolut	units.json+combat.ts	stat_abs	2	0	true	CURRENT_RUNTIME_DATA	NON_DEFAULT_OVERRIDE	CURRENT_RUNTIME_DATA	gra/data/civ-matrix.json#/cywilizacje[typCywilizacji=asyria]/params/spec_Widok	RESERVE_DRAFT_UNRESOLVED	docs/decyzje/D-cyw-roster-6-REZERWA.md; Civ-CYWILIZACJE/draft/roster-6-REZERWA.json	DEAD_UNWIRED		2		NOT_ACTIVE	not computed by current consumer; retain raw Normal data	not applicable until a consumer is wired and reviewed	gra/src/game/civ-matrix.ts:41-60,71-101 (loader/accessor only); no gameplay call-site found	false
asyria	Asyria	2	spec_Dezercja_proc	jednostka_spec	absolut	units.json+combat.ts	stat_abs	0.5	0	true	CURRENT_RUNTIME_DATA	NON_DEFAULT_OVERRIDE	CURRENT_RUNTIME_DATA	gra/data/civ-matrix.json#/cywilizacje[typCywilizacji=asyria]/params/spec_Dezercja_proc	RESERVE_DRAFT_UNRESOLVED	docs/decyzje/D-cyw-roster-6-REZERWA.md; Civ-CYWILIZACJE/draft/roster-6-REZERWA.json	DEAD_UNWIRED		0.5		NOT_ACTIVE	not computed by current consumer; retain raw Normal data	not applicable until a consumer is wired and reviewed	gra/src/game/civ-matrix.ts:41-60,71-101 (loader/accessor only); no gameplay call-site found	false
asyria	Asyria	2	spec_Morale	jednostka_spec	absolut	units.json+combat.ts	stat_abs	40	0	true	CURRENT_RUNTIME_DATA	NON_DEFAULT_OVERRIDE	CURRENT_RUNTIME_DATA	gra/data/civ-matrix.json#/cywilizacje[typCywilizacji=asyria]/params/spec_Morale	RESERVE_DRAFT_UNRESOLVED	docs/decyzje/D-cyw-roster-6-REZERWA.md; Civ-CYWILIZACJE/draft/roster-6-REZERWA.json	DEAD_UNWIRED		40		NOT_ACTIVE	not computed by current consumer; retain raw Normal data	not applicable until a consumer is wired and reviewed	gra/src/game/civ-matrix.ts:41-60,71-101 (loader/accessor only); no gameplay call-site found	false
asyria	Asyria	2	spec_Koszt_pieniadz	jednostka_spec	absolut	units.json+combat.ts	stat_abs	6	0	true	CURRENT_RUNTIME_DATA	NON_DEFAULT_OVERRIDE	CURRENT_RUNTIME_DATA	gra/data/civ-matrix.json#/cywilizacje[typCywilizacji=asyria]/params/spec_Koszt_pieniadz	RESERVE_DRAFT_UNRESOLVED	docs/decyzje/D-cyw-roster-6-REZERWA.md; Civ-CYWILIZACJE/draft/roster-6-REZERWA.json	DEAD_UNWIRED		6		NOT_ACTIVE	not computed by current consumer; retain raw Normal data	not applicable until a consumer is wired and reviewed	gra/src/game/civ-matrix.ts:41-60,71-101 (loader/accessor only); no gameplay call-site found	false
asyria	Asyria	2	spec_Utrzymanie	jednostka_spec	absolut	units.json+combat.ts	stat_abs	1	0	true	CURRENT_RUNTIME_DATA	NON_DEFAULT_OVERRIDE	CURRENT_RUNTIME_DATA	gra/data/civ-matrix.json#/cywilizacje[typCywilizacji=asyria]/params/spec_Utrzymanie	RESERVE_DRAFT_UNRESOLVED	docs/decyzje/D-cyw-roster-6-REZERWA.md; Civ-CYWILIZACJE/draft/roster-6-REZERWA.json	DEAD_UNWIRED		1		NOT_ACTIVE	not computed by current consumer; retain raw Normal data	not applicable until a consumer is wired and reviewed	gra/src/game/civ-matrix.ts:41-60,71-101 (loader/accessor only); no gameplay call-site found	false
asyria	Asyria	2	spec_Zywnosc_ture	jednostka_spec	absolut	units.json+combat.ts	stat_abs	1	0	true	CURRENT_RUNTIME_DATA	NON_DEFAULT_OVERRIDE	CURRENT_RUNTIME_DATA	gra/data/civ-matrix.json#/cywilizacje[typCywilizacji=asyria]/params/spec_Zywnosc_ture	RESERVE_DRAFT_UNRESOLVED	docs/decyzje/D-cyw-roster-6-REZERWA.md; Civ-CYWILIZACJE/draft/roster-6-REZERWA.json	DEAD_UNWIRED		1		NOT_ACTIVE	not computed by current consumer; retain raw Normal data	not applicable until a consumer is wired and reviewed	gra/src/game/civ-matrix.ts:41-60,71-101 (loader/accessor only); no gameplay call-site found	false
asyria	Asyria	2	eko_praca_proc	ekonomia	ulamek	economy.ts	mul_proc	-0.02	0	true	CURRENT_RUNTIME_DATA	NON_DEFAULT_OVERRIDE	CURRENT_RUNTIME_DATA	gra/data/civ-matrix.json#/cywilizacje[typCywilizacji=asyria]/params/eko_praca_proc	RESERVE_DRAFT_UNRESOLVED	docs/decyzje/D-cyw-roster-6-REZERWA.md; Civ-CYWILIZACJE/draft/roster-6-REZERWA.json	DEAD_UNWIRED		-0.02		NOT_ACTIVE	not computed by current consumer; retain raw Normal data	not applicable until a consumer is wired and reviewed	gra/src/game/civ-matrix.ts:41-60,71-101 (loader/accessor only); no gameplay call-site found	false
asyria	Asyria	2	eko_pieniadz_proc	ekonomia	ulamek	economy.ts	mul_proc	0	0	false	CURRENT_RUNTIME_DATA	DEFAULT_VALUE	CURRENT_RUNTIME_DEFAULT	gra/data/civ-matrix.json#/cywilizacje[typCywilizacji=asyria]/params/eko_pieniadz_proc	RESERVE_DRAFT_UNRESOLVED	docs/decyzje/D-cyw-roster-6-REZERWA.md; Civ-CYWILIZACJE/draft/roster-6-REZERWA.json	DEAD_UNWIRED		0		NOT_ACTIVE	not computed by current consumer; retain raw Normal data	not applicable until a consumer is wired and reviewed	gra/src/game/civ-matrix.ts:41-60,71-101 (loader/accessor only); no gameplay call-site found	false
asyria	Asyria	2	eko_pieniadz_port_proc	ekonomia	ulamek	economy.ts	mul_proc	0	0	false	CURRENT_RUNTIME_DATA	DEFAULT_VALUE	CURRENT_RUNTIME_DEFAULT	gra/data/civ-matrix.json#/cywilizacje[typCywilizacji=asyria]/params/eko_pieniadz_port_proc	RESERVE_DRAFT_UNRESOLVED	docs/decyzje/D-cyw-roster-6-REZERWA.md; Civ-CYWILIZACJE/draft/roster-6-REZERWA.json	DEAD_UNWIRED		0		NOT_ACTIVE	not computed by current consumer; retain raw Normal data	not applicable until a consumer is wired and reviewed	gra/src/game/civ-matrix.ts:41-60,71-101 (loader/accessor only); no gameplay call-site found	false
asyria	Asyria	2	eko_zywnosc_proc	ekonomia	ulamek	economy.ts	mul_proc	0	0	false	CURRENT_RUNTIME_DATA	DEFAULT_VALUE	CURRENT_RUNTIME_DEFAULT	gra/data/civ-matrix.json#/cywilizacje[typCywilizacji=asyria]/params/eko_zywnosc_proc	RESERVE_DRAFT_UNRESOLVED	docs/decyzje/D-cyw-roster-6-REZERWA.md; Civ-CYWILIZACJE/draft/roster-6-REZERWA.json	UNWIRED		0		NOT_ACTIVE	not computed by current consumer; retain raw Normal data	not applicable until a consumer is wired and reviewed	gra/src/game/civ-matrix.ts:41-60,71-101 (loader/accessor only); no gameplay call-site found	false
asyria	Asyria	2	eko_nauka_proc	ekonomia	ulamek	economy.ts	mul_proc	0	0	false	CURRENT_RUNTIME_DATA	DEFAULT_VALUE	CURRENT_RUNTIME_DEFAULT	gra/data/civ-matrix.json#/cywilizacje[typCywilizacji=asyria]/params/eko_nauka_proc	RESERVE_DRAFT_UNRESOLVED	docs/decyzje/D-cyw-roster-6-REZERWA.md; Civ-CYWILIZACJE/draft/roster-6-REZERWA.json	DEAD_UNWIRED		0		NOT_ACTIVE	not computed by current consumer; retain raw Normal data	not applicable until a consumer is wired and reviewed	gra/src/game/civ-matrix.ts:41-60,71-101 (loader/accessor only); no gameplay call-site found	false
asyria	Asyria	2	eko_kultura_proc	ekonomia	ulamek	economy.ts	mul_proc	0	0	false	CURRENT_RUNTIME_DATA	DEFAULT_VALUE	CURRENT_RUNTIME_DEFAULT	gra/data/civ-matrix.json#/cywilizacje[typCywilizacji=asyria]/params/eko_kultura_proc	RESERVE_DRAFT_UNRESOLVED	docs/decyzje/D-cyw-roster-6-REZERWA.md; Civ-CYWILIZACJE/draft/roster-6-REZERWA.json	UNWIRED		0		NOT_ACTIVE	not computed by current consumer; retain raw Normal data	not applicable until a consumer is wired and reviewed	gra/src/game/civ-matrix.ts:41-60,71-101 (loader/accessor only); no gameplay call-site found	false
asyria	Asyria	2	eko_luksus_proc	ekonomia	ulamek	economy.ts	mul_proc	0	0	false	CURRENT_RUNTIME_DATA	DEFAULT_VALUE	CURRENT_RUNTIME_DEFAULT	gra/data/civ-matrix.json#/cywilizacje[typCywilizacji=asyria]/params/eko_luksus_proc	RESERVE_DRAFT_UNRESOLVED	docs/decyzje/D-cyw-roster-6-REZERWA.md; Civ-CYWILIZACJE/draft/roster-6-REZERWA.json	UNWIRED		0		NOT_ACTIVE	not computed by current consumer; retain raw Normal data	not applicable until a consumer is wired and reviewed	gra/src/game/civ-matrix.ts:41-60,71-101 (loader/accessor only); no gameplay call-site found	false
asyria	Asyria	2	eko_zadowolenie_proc	ekonomia	ulamek	economy.ts	mul_proc	0	0	false	CURRENT_RUNTIME_DATA	DEFAULT_VALUE	CURRENT_RUNTIME_DEFAULT	gra/data/civ-matrix.json#/cywilizacje[typCywilizacji=asyria]/params/eko_zadowolenie_proc	RESERVE_DRAFT_UNRESOLVED	docs/decyzje/D-cyw-roster-6-REZERWA.md; Civ-CYWILIZACJE/draft/roster-6-REZERWA.json	UNWIRED		0		NOT_ACTIVE	not computed by current consumer; retain raw Normal data	not applicable until a consumer is wired and reviewed	gra/src/game/civ-matrix.ts:41-60,71-101 (loader/accessor only); no gameplay call-site found	false
asyria	Asyria	2	eko_handel_brutto_proc	ekonomia	ulamek	economy.ts	mul_proc	0	0	false	CURRENT_RUNTIME_DATA	DEFAULT_VALUE	CURRENT_RUNTIME_DEFAULT	gra/data/civ-matrix.json#/cywilizacje[typCywilizacji=asyria]/params/eko_handel_brutto_proc	RESERVE_DRAFT_UNRESOLVED	docs/decyzje/D-cyw-roster-6-REZERWA.md; Civ-CYWILIZACJE/draft/roster-6-REZERWA.json	DEAD_UNWIRED		0		NOT_ACTIVE	not computed by current consumer; retain raw Normal data	not applicable until a consumer is wired and reviewed	gra/src/game/civ-matrix.ts:41-60,71-101 (loader/accessor only); no gameplay call-site found	false
asyria	Asyria	2	eko_korupcja_proc	ekonomia	ulamek	economy.ts	mul_proc	0	0	false	CURRENT_RUNTIME_DATA	DEFAULT_VALUE	CURRENT_RUNTIME_DEFAULT	gra/data/civ-matrix.json#/cywilizacje[typCywilizacji=asyria]/params/eko_korupcja_proc	RESERVE_DRAFT_UNRESOLVED	docs/decyzje/D-cyw-roster-6-REZERWA.md; Civ-CYWILIZACJE/draft/roster-6-REZERWA.json	UNWIRED		0		NOT_ACTIVE	not computed by current consumer; retain raw Normal data	not applicable until a consumer is wired and reviewed	gra/src/game/civ-matrix.ts:41-60,71-101 (loader/accessor only); no gameplay call-site found	false
asyria	Asyria	2	prod_koszt_budynku_proc	produkcja	ulamek	civ-bonuses.ts	mul_proc	0	0	false	CURRENT_RUNTIME_DATA	DEFAULT_VALUE	CURRENT_RUNTIME_DEFAULT	gra/data/civ-matrix.json#/cywilizacje[typCywilizacji=asyria]/params/prod_koszt_budynku_proc	RESERVE_DRAFT_UNRESOLVED	docs/decyzje/D-cyw-roster-6-REZERWA.md; Civ-CYWILIZACJE/draft/roster-6-REZERWA.json	DEAD_UNWIRED		0		NOT_ACTIVE	not computed by current consumer; retain raw Normal data	not applicable until a consumer is wired and reviewed	gra/src/game/civ-matrix.ts:41-60,71-101 (loader/accessor only); no gameplay call-site found	false
asyria	Asyria	2	prod_koszt_jednostki_proc	produkcja	ulamek	production.ts	mul_proc	0	0	false	CURRENT_RUNTIME_DATA	DEFAULT_VALUE	CURRENT_RUNTIME_DEFAULT	gra/data/civ-matrix.json#/cywilizacje[typCywilizacji=asyria]/params/prod_koszt_jednostki_proc	RESERVE_DRAFT_UNRESOLVED	docs/decyzje/D-cyw-roster-6-REZERWA.md; Civ-CYWILIZACJE/draft/roster-6-REZERWA.json	DEAD_UNWIRED		0		NOT_ACTIVE	not computed by current consumer; retain raw Normal data	not applicable until a consumer is wired and reviewed	gra/src/game/civ-matrix.ts:41-60,71-101 (loader/accessor only); no gameplay call-site found	false
asyria	Asyria	2	prod_szybkosc_budynku_proc	produkcja	ulamek	production.ts	mul_proc	0	0	false	CURRENT_RUNTIME_DATA	DEFAULT_VALUE	CURRENT_RUNTIME_DEFAULT	gra/data/civ-matrix.json#/cywilizacje[typCywilizacji=asyria]/params/prod_szybkosc_budynku_proc	RESERVE_DRAFT_UNRESOLVED	docs/decyzje/D-cyw-roster-6-REZERWA.md; Civ-CYWILIZACJE/draft/roster-6-REZERWA.json	UNWIRED		0		NOT_ACTIVE	not computed by current consumer; retain raw Normal data	not applicable until a consumer is wired and reviewed	gra/src/game/civ-matrix.ts:41-60,71-101 (loader/accessor only); no gameplay call-site found	false
asyria	Asyria	2	prod_szybkosc_jednostki_proc	produkcja	ulamek	production.ts	mul_proc	0	0	false	CURRENT_RUNTIME_DATA	DEFAULT_VALUE	CURRENT_RUNTIME_DEFAULT	gra/data/civ-matrix.json#/cywilizacje[typCywilizacji=asyria]/params/prod_szybkosc_jednostki_proc	RESERVE_DRAFT_UNRESOLVED	docs/decyzje/D-cyw-roster-6-REZERWA.md; Civ-CYWILIZACJE/draft/roster-6-REZERWA.json	UNWIRED		0		NOT_ACTIVE	not computed by current consumer; retain raw Normal data	not applicable until a consumer is wired and reviewed	gra/src/game/civ-matrix.ts:41-60,71-101 (loader/accessor only); no gameplay call-site found	false
asyria	Asyria	2	prod_rush_koszt_proc	produkcja	ulamek	production.ts	mul_proc	0	0	false	CURRENT_RUNTIME_DATA	DEFAULT_VALUE	CURRENT_RUNTIME_DEFAULT	gra/data/civ-matrix.json#/cywilizacje[typCywilizacji=asyria]/params/prod_rush_koszt_proc	RESERVE_DRAFT_UNRESOLVED	docs/decyzje/D-cyw-roster-6-REZERWA.md; Civ-CYWILIZACJE/draft/roster-6-REZERWA.json	UNWIRED		0		NOT_ACTIVE	not computed by current consumer; retain raw Normal data	not applicable until a consumer is wired and reviewed	gra/src/game/civ-matrix.ts:41-60,71-101 (loader/accessor only); no gameplay call-site found	false
asyria	Asyria	2	lud_wzrost_proc	ludnosc	ulamek	economy.ts	mul_proc	0	0	false	CURRENT_RUNTIME_DATA	DEFAULT_VALUE	CURRENT_RUNTIME_DEFAULT	gra/data/civ-matrix.json#/cywilizacje[typCywilizacji=asyria]/params/lud_wzrost_proc	RESERVE_DRAFT_UNRESOLVED	docs/decyzje/D-cyw-roster-6-REZERWA.md; Civ-CYWILIZACJE/draft/roster-6-REZERWA.json	REAL_GAMEPLAY	0.0	0	0.0	GROWTH_DIFFICULTY_MULT	easy=raw*0.5; normal=raw; hard=raw*1.5; contribution rounded to percent	wyżej = szybszy wzrost i silniejszy AI; Hard ×1.5, Easy ×0.5	gra/src/game/population-growth-v85.ts:84-90,230-232	false
asyria	Asyria	2	lud_spadek_proc	ludnosc	ulamek	economy.ts	mul_proc	0	0	false	CURRENT_RUNTIME_DATA	DEFAULT_VALUE	CURRENT_RUNTIME_DEFAULT	gra/data/civ-matrix.json#/cywilizacje[typCywilizacji=asyria]/params/lud_spadek_proc	RESERVE_DRAFT_UNRESOLVED	docs/decyzje/D-cyw-roster-6-REZERWA.md; Civ-CYWILIZACJE/draft/roster-6-REZERWA.json	UNWIRED		0		NOT_ACTIVE	not computed by current consumer; retain raw Normal data	not applicable until a consumer is wired and reviewed	gra/src/game/civ-matrix.ts:41-60,71-101 (loader/accessor only); no gameplay call-site found	false
asyria	Asyria	2	lud_zdrowie_proc	ludnosc	ulamek	turn-economy.ts	mul_proc	0	0	false	CURRENT_RUNTIME_DATA	DEFAULT_VALUE	CURRENT_RUNTIME_DEFAULT	gra/data/civ-matrix.json#/cywilizacje[typCywilizacji=asyria]/params/lud_zdrowie_proc	RESERVE_DRAFT_UNRESOLVED	docs/decyzje/D-cyw-roster-6-REZERWA.md; Civ-CYWILIZACJE/draft/roster-6-REZERWA.json	UNWIRED		0		NOT_ACTIVE	not computed by current consumer; retain raw Normal data	not applicable until a consumer is wired and reviewed	gra/src/game/civ-matrix.ts:41-60,71-101 (loader/accessor only); no gameplay call-site found	false
asyria	Asyria	2	lud_zadowolenie_bazowe	ludnosc	absolut	culture-religion.ts	add	0	0	false	CURRENT_RUNTIME_DATA	DEFAULT_VALUE	CURRENT_RUNTIME_DEFAULT	gra/data/civ-matrix.json#/cywilizacje[typCywilizacji=asyria]/params/lud_zadowolenie_bazowe	RESERVE_DRAFT_UNRESOLVED	docs/decyzje/D-cyw-roster-6-REZERWA.md; Civ-CYWILIZACJE/draft/roster-6-REZERWA.json	UNWIRED		0		NOT_ACTIVE	not computed by current consumer; retain raw Normal data	not applicable until a consumer is wired and reviewed	gra/src/game/civ-matrix.ts:41-60,71-101 (loader/accessor only); no gameplay call-site found	false
asyria	Asyria	2	lud_limit_populacji	ludnosc	absolut	cities.ts	add	10	10	false	CURRENT_RUNTIME_DATA	DEFAULT_VALUE	CURRENT_RUNTIME_DEFAULT	gra/data/civ-matrix.json#/cywilizacje[typCywilizacji=asyria]/params/lud_limit_populacji	RESERVE_DRAFT_UNRESOLVED	docs/decyzje/D-cyw-roster-6-REZERWA.md; Civ-CYWILIZACJE/draft/roster-6-REZERWA.json	UNWIRED		10		NOT_ACTIVE	not computed by current consumer; retain raw Normal data	not applicable until a consumer is wired and reviewed	gra/src/game/civ-matrix.ts:41-60,71-101 (loader/accessor only); no gameplay call-site found	false
asyria	Asyria	2	mp_regen_proc	manpower	ulamek	manpower.ts	mul_proc	0	0	false	CURRENT_RUNTIME_DATA	DEFAULT_VALUE	CURRENT_RUNTIME_DEFAULT	gra/data/civ-matrix.json#/cywilizacje[typCywilizacji=asyria]/params/mp_regen_proc	RESERVE_DRAFT_UNRESOLVED	docs/decyzje/D-cyw-roster-6-REZERWA.md; Civ-CYWILIZACJE/draft/roster-6-REZERWA.json	DEAD_UNWIRED		0		NOT_ACTIVE	not computed by current consumer; retain raw Normal data	not applicable until a consumer is wired and reviewed	gra/src/game/civ-matrix.ts:41-60,71-101 (loader/accessor only); no gameplay call-site found	false
asyria	Asyria	2	mp_max_proc	manpower	ulamek	manpower.ts	mul_proc	0	0	false	CURRENT_RUNTIME_DATA	DEFAULT_VALUE	CURRENT_RUNTIME_DEFAULT	gra/data/civ-matrix.json#/cywilizacje[typCywilizacji=asyria]/params/mp_max_proc	RESERVE_DRAFT_UNRESOLVED	docs/decyzje/D-cyw-roster-6-REZERWA.md; Civ-CYWILIZACJE/draft/roster-6-REZERWA.json	UNWIRED		0		NOT_ACTIVE	not computed by current consumer; retain raw Normal data	not applicable until a consumer is wired and reviewed	gra/src/game/civ-matrix.ts:41-60,71-101 (loader/accessor only); no gameplay call-site found	false
asyria	Asyria	2	mp_koszt_jednostki_proc	manpower	ulamek	manpower.ts	mul_proc	0	0	false	CURRENT_RUNTIME_DATA	DEFAULT_VALUE	CURRENT_RUNTIME_DEFAULT	gra/data/civ-matrix.json#/cywilizacje[typCywilizacji=asyria]/params/mp_koszt_jednostki_proc	RESERVE_DRAFT_UNRESOLVED	docs/decyzje/D-cyw-roster-6-REZERWA.md; Civ-CYWILIZACJE/draft/roster-6-REZERWA.json	UNWIRED		0		NOT_ACTIVE	not computed by current consumer; retain raw Normal data	not applicable until a consumer is wired and reviewed	gra/src/game/civ-matrix.ts:41-60,71-101 (loader/accessor only); no gameplay call-site found	false
asyria	Asyria	2	wealth_cap_proc	spoleczenstwo	ulamek	wealth.ts	mul_proc	0	0	false	CURRENT_RUNTIME_DATA	DEFAULT_VALUE	CURRENT_RUNTIME_DEFAULT	gra/data/civ-matrix.json#/cywilizacje[typCywilizacji=asyria]/params/wealth_cap_proc	RESERVE_DRAFT_UNRESOLVED	docs/decyzje/D-cyw-roster-6-REZERWA.md; Civ-CYWILIZACJE/draft/roster-6-REZERWA.json	UNWIRED		0		NOT_ACTIVE	not computed by current consumer; retain raw Normal data	not applicable until a consumer is wired and reviewed	gra/src/game/civ-matrix.ts:41-60,71-101 (loader/accessor only); no gameplay call-site found	false
asyria	Asyria	2	wealth_mnoznik_proc	spoleczenstwo	ulamek	wealth.ts	mul_proc	0	0	false	CURRENT_RUNTIME_DATA	DEFAULT_VALUE	CURRENT_RUNTIME_DEFAULT	gra/data/civ-matrix.json#/cywilizacje[typCywilizacji=asyria]/params/wealth_mnoznik_proc	RESERVE_DRAFT_UNRESOLVED	docs/decyzje/D-cyw-roster-6-REZERWA.md; Civ-CYWILIZACJE/draft/roster-6-REZERWA.json	UNWIRED		0		NOT_ACTIVE	not computed by current consumer; retain raw Normal data	not applicable until a consumer is wired and reviewed	gra/src/game/civ-matrix.ts:41-60,71-101 (loader/accessor only); no gameplay call-site found	false
asyria	Asyria	2	kultura_naplyw_proc	spoleczenstwo	ulamek	culture-religion.ts	mul_proc	0	0	false	CURRENT_RUNTIME_DATA	DEFAULT_VALUE	CURRENT_RUNTIME_DEFAULT	gra/data/civ-matrix.json#/cywilizacje[typCywilizacji=asyria]/params/kultura_naplyw_proc	RESERVE_DRAFT_UNRESOLVED	docs/decyzje/D-cyw-roster-6-REZERWA.md; Civ-CYWILIZACJE/draft/roster-6-REZERWA.json	UNWIRED		0		NOT_ACTIVE	not computed by current consumer; retain raw Normal data	not applicable until a consumer is wired and reviewed	gra/src/game/civ-matrix.ts:41-60,71-101 (loader/accessor only); no gameplay call-site found	false
asyria	Asyria	2	religia_spread_proc	spoleczenstwo	ulamek	culture-religion.ts	mul_proc	0	0	false	CURRENT_RUNTIME_DATA	DEFAULT_VALUE	CURRENT_RUNTIME_DEFAULT	gra/data/civ-matrix.json#/cywilizacje[typCywilizacji=asyria]/params/religia_spread_proc	RESERVE_DRAFT_UNRESOLVED	docs/decyzje/D-cyw-roster-6-REZERWA.md; Civ-CYWILIZACJE/draft/roster-6-REZERWA.json	UNWIRED		0		NOT_ACTIVE	not computed by current consumer; retain raw Normal data	not applicable until a consumer is wired and reviewed	gra/src/game/civ-matrix.ts:41-60,71-101 (loader/accessor only); no gameplay call-site found	false
asyria	Asyria	2	porzadek_produkcja_proc	spoleczenstwo	ulamek	order.ts	mul_proc	0	0	false	CURRENT_RUNTIME_DATA	DEFAULT_VALUE	CURRENT_RUNTIME_DEFAULT	gra/data/civ-matrix.json#/cywilizacje[typCywilizacji=asyria]/params/porzadek_produkcja_proc	RESERVE_DRAFT_UNRESOLVED	docs/decyzje/D-cyw-roster-6-REZERWA.md; Civ-CYWILIZACJE/draft/roster-6-REZERWA.json	UNWIRED		0		NOT_ACTIVE	not computed by current consumer; retain raw Normal data	not applicable until a consumer is wired and reviewed	gra/src/game/civ-matrix.ts:41-60,71-101 (loader/accessor only); no gameplay call-site found	false
asyria	Asyria	2	porzadek_pieniadz_proc	spoleczenstwo	ulamek	order.ts	mul_proc	0	0	false	CURRENT_RUNTIME_DATA	DEFAULT_VALUE	CURRENT_RUNTIME_DEFAULT	gra/data/civ-matrix.json#/cywilizacje[typCywilizacji=asyria]/params/porzadek_pieniadz_proc	RESERVE_DRAFT_UNRESOLVED	docs/decyzje/D-cyw-roster-6-REZERWA.md; Civ-CYWILIZACJE/draft/roster-6-REZERWA.json	UNWIRED		0		NOT_ACTIVE	not computed by current consumer; retain raw Normal data	not applicable until a consumer is wired and reviewed	gra/src/game/civ-matrix.ts:41-60,71-101 (loader/accessor only); no gameplay call-site found	false
asyria	Asyria	2	porzadek_nauka_proc	spoleczenstwo	ulamek	order.ts	mul_proc	0	0	false	CURRENT_RUNTIME_DATA	DEFAULT_VALUE	CURRENT_RUNTIME_DEFAULT	gra/data/civ-matrix.json#/cywilizacje[typCywilizacji=asyria]/params/porzadek_nauka_proc	RESERVE_DRAFT_UNRESOLVED	docs/decyzje/D-cyw-roster-6-REZERWA.md; Civ-CYWILIZACJE/draft/roster-6-REZERWA.json	UNWIRED		0		NOT_ACTIVE	not computed by current consumer; retain raw Normal data	not applicable until a consumer is wired and reviewed	gra/src/game/civ-matrix.ts:41-60,71-101 (loader/accessor only); no gameplay call-site found	false
asyria	Asyria	2	porzadek_kultura_proc	spoleczenstwo	ulamek	order.ts	mul_proc	0	0	false	CURRENT_RUNTIME_DATA	DEFAULT_VALUE	CURRENT_RUNTIME_DEFAULT	gra/data/civ-matrix.json#/cywilizacje[typCywilizacji=asyria]/params/porzadek_kultura_proc	RESERVE_DRAFT_UNRESOLVED	docs/decyzje/D-cyw-roster-6-REZERWA.md; Civ-CYWILIZACJE/draft/roster-6-REZERWA.json	UNWIRED		0		NOT_ACTIVE	not computed by current consumer; retain raw Normal data	not applicable until a consumer is wired and reviewed	gra/src/game/civ-matrix.ts:41-60,71-101 (loader/accessor only); no gameplay call-site found	false
asyria	Asyria	2	porzadek_wzrost_proc	spoleczenstwo	ulamek	order.ts	mul_proc	0	0	false	CURRENT_RUNTIME_DATA	DEFAULT_VALUE	CURRENT_RUNTIME_DEFAULT	gra/data/civ-matrix.json#/cywilizacje[typCywilizacji=asyria]/params/porzadek_wzrost_proc	RESERVE_DRAFT_UNRESOLVED	docs/decyzje/D-cyw-roster-6-REZERWA.md; Civ-CYWILIZACJE/draft/roster-6-REZERWA.json	UNWIRED		0		NOT_ACTIVE	not computed by current consumer; retain raw Normal data	not applicable until a consumer is wired and reviewed	gra/src/game/civ-matrix.ts:41-60,71-101 (loader/accessor only); no gameplay call-site found	false
asyria	Asyria	2	obl_obrona_miasta_proc	obleczenie	ulamek	siege.ts	mul_proc	0	0	false	CURRENT_RUNTIME_DATA	DEFAULT_VALUE	CURRENT_RUNTIME_DEFAULT	gra/data/civ-matrix.json#/cywilizacje[typCywilizacji=asyria]/params/obl_obrona_miasta_proc	RESERVE_DRAFT_UNRESOLVED	docs/decyzje/D-cyw-roster-6-REZERWA.md; Civ-CYWILIZACJE/draft/roster-6-REZERWA.json	UNWIRED		0		NOT_ACTIVE	not computed by current consumer; retain raw Normal data	not applicable until a consumer is wired and reviewed	gra/src/game/civ-matrix.ts:41-60,71-101 (loader/accessor only); no gameplay call-site found	false
asyria	Asyria	2	obl_mur_proc	obleczenie	ulamek	siege.ts	mul_proc	0	0	false	CURRENT_RUNTIME_DATA	DEFAULT_VALUE	CURRENT_RUNTIME_DEFAULT	gra/data/civ-matrix.json#/cywilizacje[typCywilizacji=asyria]/params/obl_mur_proc	RESERVE_DRAFT_UNRESOLVED	docs/decyzje/D-cyw-roster-6-REZERWA.md; Civ-CYWILIZACJE/draft/roster-6-REZERWA.json	UNWIRED		0		NOT_ACTIVE	not computed by current consumer; retain raw Normal data	not applicable until a consumer is wired and reviewed	gra/src/game/civ-matrix.ts:41-60,71-101 (loader/accessor only); no gameplay call-site found	false
asyria	Asyria	2	obl_machines_proc	obleczenie	ulamek	siegeMachines.ts	mul_proc	0	0	false	CURRENT_RUNTIME_DATA	DEFAULT_VALUE	CURRENT_RUNTIME_DEFAULT	gra/data/civ-matrix.json#/cywilizacje[typCywilizacji=asyria]/params/obl_machines_proc	RESERVE_DRAFT_UNRESOLVED	docs/decyzje/D-cyw-roster-6-REZERWA.md; Civ-CYWILIZACJE/draft/roster-6-REZERWA.json	UNWIRED		0		NOT_ACTIVE	not computed by current consumer; retain raw Normal data	not applicable until a consumer is wired and reviewed	gra/src/game/civ-matrix.ts:41-60,71-101 (loader/accessor only); no gameplay call-site found	false
asyria	Asyria	2	dip_sklonnosc_sojusze	dyplomacja	skala_1_10	diplomacy.ts	skala	2	5	true	CURRENT_RUNTIME_DATA	NON_DEFAULT_OVERRIDE	CURRENT_RUNTIME_DATA	gra/data/civ-matrix.json#/cywilizacje[typCywilizacji=asyria]/params/dip_sklonnosc_sojusze	RESERVE_DRAFT_UNRESOLVED	docs/decyzje/D-cyw-roster-6-REZERWA.md; Civ-CYWILIZACJE/draft/roster-6-REZERWA.json	UI_ONLY		2		DISPLAY_RAW	display reads raw value; no gameplay Easy/Normal/Hard effect	etykieta UI; brak wpływu na wynik gry	gra/src/game/diplomacy-display.ts:54-59,116-122	false
asyria	Asyria	2	dip_lojalnosc	dyplomacja	skala_1_10	diplomacy.ts	skala	4	5	true	CURRENT_RUNTIME_DATA	NON_DEFAULT_OVERRIDE	CURRENT_RUNTIME_DATA	gra/data/civ-matrix.json#/cywilizacje[typCywilizacji=asyria]/params/dip_lojalnosc	RESERVE_DRAFT_UNRESOLVED	docs/decyzje/D-cyw-roster-6-REZERWA.md; Civ-CYWILIZACJE/draft/roster-6-REZERWA.json	UI_ONLY		4		DISPLAY_RAW	display reads raw value; no gameplay Easy/Normal/Hard effect	etykieta UI; brak wpływu na wynik gry	gra/src/game/diplomacy-display.ts:64-69,116-122	false
asyria	Asyria	2	dip_prog_wojny	dyplomacja	skala_1_10	diplomacy.ts	skala	9	5	true	CURRENT_RUNTIME_DATA	NON_DEFAULT_OVERRIDE	CURRENT_RUNTIME_DATA	gra/data/civ-matrix.json#/cywilizacje[typCywilizacji=asyria]/params/dip_prog_wojny	RESERVE_DRAFT_UNRESOLVED	docs/decyzje/D-cyw-roster-6-REZERWA.md; Civ-CYWILIZACJE/draft/roster-6-REZERWA.json	UI_ONLY		9		DISPLAY_RAW	display reads raw value; no gameplay Easy/Normal/Hard effect	etykieta UI; brak wpływu na wynik gry	gra/src/game/diplomacy-display.ts:73-78,116-122	false
asyria	Asyria	2	dip_pamietliwosc	dyplomacja	skala_1_10	diplomacy.ts	skala	5	5	false	CURRENT_RUNTIME_DATA	DEFAULT_VALUE	CURRENT_RUNTIME_DEFAULT	gra/data/civ-matrix.json#/cywilizacje[typCywilizacji=asyria]/params/dip_pamietliwosc	RESERVE_DRAFT_UNRESOLVED	docs/decyzje/D-cyw-roster-6-REZERWA.md; Civ-CYWILIZACJE/draft/roster-6-REZERWA.json	UI_ONLY		5		DISPLAY_RAW	display reads raw value; no gameplay Easy/Normal/Hard effect	etykieta UI; brak wpływu na wynik gry	gra/src/game/diplomacy-display.ts:82-87,116-122	false
asyria	Asyria	2	dip_otwartosc_handel	dyplomacja	skala_1_10	diplomacy.ts	skala	3	5	true	CURRENT_RUNTIME_DATA	NON_DEFAULT_OVERRIDE	CURRENT_RUNTIME_DATA	gra/data/civ-matrix.json#/cywilizacje[typCywilizacji=asyria]/params/dip_otwartosc_handel	RESERVE_DRAFT_UNRESOLVED	docs/decyzje/D-cyw-roster-6-REZERWA.md; Civ-CYWILIZACJE/draft/roster-6-REZERWA.json	UI_ONLY		3		DISPLAY_RAW	display reads raw value; no gameplay Easy/Normal/Hard effect	etykieta UI; brak wpływu na wynik gry	gra/src/game/diplomacy-display.ts:44-49,116-122	false
asyria	Asyria	2	dip_nastawienie_bazowe	dyplomacja	absolut	diplomacy.ts	add	38	50	true	CURRENT_RUNTIME_DATA	NON_DEFAULT_OVERRIDE	CURRENT_RUNTIME_DATA	gra/data/civ-matrix.json#/cywilizacje[typCywilizacji=asyria]/params/dip_nastawienie_bazowe	RESERVE_DRAFT_UNRESOLVED	docs/decyzje/D-cyw-roster-6-REZERWA.md; Civ-CYWILIZACJE/draft/roster-6-REZERWA.json	REAL_GAMEPLAY	38	38	38	CURRENT_NEUTRAL_CALLER_OMITS_DIFFICULTY	current easy=raw; normal=raw; hard=raw; caller uses default normal	direction requires decision; no arbitrary Easy/Hard	gra/src/game/civ-ai-data.ts:205-217; gra/src/game/diplomacy.ts:1376-1380	false
asyria	Asyria	2	dip_agresja_archetyp	dyplomacja	ulamek_0_1	diplomacy.ts	mul_abs	0.8	0.5	true	CURRENT_RUNTIME_DATA	NON_DEFAULT_OVERRIDE	CURRENT_RUNTIME_DATA	gra/data/civ-matrix.json#/cywilizacje[typCywilizacji=asyria]/params/dip_agresja_archetyp	RESERVE_DRAFT_UNRESOLVED	docs/decyzje/D-cyw-roster-6-REZERWA.md; Civ-CYWILIZACJE/draft/roster-6-REZERWA.json	DEAD_UNWIRED		0.8		NOT_ACTIVE	not computed by current consumer; retain raw Normal data	not applicable until a consumer is wired and reviewed	gra/src/game/civ-matrix.ts:41-60,71-101 (loader/accessor only); no gameplay call-site found	false
asyria	Asyria	2	dip_handlowosc_archetyp	dyplomacja	ulamek_0_1	diplomacy.ts	mul_abs	0.25	0.5	true	CURRENT_RUNTIME_DATA	NON_DEFAULT_OVERRIDE	CURRENT_RUNTIME_DATA	gra/data/civ-matrix.json#/cywilizacje[typCywilizacji=asyria]/params/dip_handlowosc_archetyp	RESERVE_DRAFT_UNRESOLVED	docs/decyzje/D-cyw-roster-6-REZERWA.md; Civ-CYWILIZACJE/draft/roster-6-REZERWA.json	REAL_GAMEPLAY	0.25	0.25	0.25	CURRENT_NEUTRAL_MUL_ABS	current easy=raw; normal=raw; hard=raw because formula=mul_abs	direction requires decision; no arbitrary Easy/Hard	gra/src/game/civ-ai-data.ts:184-198; gra/src/game/diplomacy.ts:1267-1270; gra/src/main.ts:19553-19556,33555-33559,33916-33919	false
asyria	Asyria	2	ai_agresywnosc	ai	skala_1_10	civ-ai-data.ts	skala	8	5	true	CURRENT_RUNTIME_DATA	NON_DEFAULT_OVERRIDE	CURRENT_RUNTIME_DATA	gra/data/civ-matrix.json#/cywilizacje[typCywilizacji=asyria]/params/ai_agresywnosc	RESERVE_DRAFT_UNRESOLVED	docs/decyzje/D-cyw-roster-6-REZERWA.md; Civ-CYWILIZACJE/draft/roster-6-REZERWA.json	REAL_GAMEPLAY	7	8	9	SKALA_1_10	easy=max(1,normal-1); normal=normal; hard=min(10,normal+1); /10	wyżej = bardziej agresywny AI; Hard +1, Easy -1	gra/src/game/civ-ai-data.ts:38-53,156-178; gra/src/game/diplomacy.ts:1261-1266; gra/src/main.ts:19784-19790,33910-33915; gra/src/game/ai.ts:4974-5036,5184-5187	false
asyria	Asyria	2	ai_ekspansywnosc	ai	skala_1_10	civ-ai-data.ts	skala	5	5	false	CURRENT_RUNTIME_DATA	DEFAULT_VALUE	CURRENT_RUNTIME_DEFAULT	gra/data/civ-matrix.json#/cywilizacje[typCywilizacji=asyria]/params/ai_ekspansywnosc	RESERVE_DRAFT_UNRESOLVED	docs/decyzje/D-cyw-roster-6-REZERWA.md; Civ-CYWILIZACJE/draft/roster-6-REZERWA.json	REAL_GAMEPLAY	4	5	6	SKALA_1_10	easy=max(1,normal-1); normal=normal; hard=min(10,normal+1)	wyżej = większa ekspansja; Hard +1, Easy -1	gra/src/game/civ-ai-data.ts:74-102; gra/src/main.ts:33264-33296; gra/src/game/ai.ts:506-513,1097-1117,2857-2868,4257-4264	false
asyria	Asyria	2	ai_priorytet_militarny	ai	skala_1_10	civ-ai-data.ts	skala	8	5	true	CURRENT_RUNTIME_DATA	NON_DEFAULT_OVERRIDE	CURRENT_RUNTIME_DATA	gra/data/civ-matrix.json#/cywilizacje[typCywilizacji=asyria]/params/ai_priorytet_militarny	RESERVE_DRAFT_UNRESOLVED	docs/decyzje/D-cyw-roster-6-REZERWA.md; Civ-CYWILIZACJE/draft/roster-6-REZERWA.json	REAL_GAMEPLAY	7	8	9	SKALA_1_10	easy=max(1,normal-1); normal=normal; hard=min(10,normal+1); delta=(value-5)*15	wyżej = większy score wojskowy; Hard +1, Easy -1	gra/src/game/civ-ai-data.ts:74-102; gra/src/main.ts:33264-33296; gra/src/game/ai-production-priorities.ts:6-27; gra/src/game/ai.ts:1672-1676	false
asyria	Asyria	2	ai_priorytet_ekonomia	ai	skala_1_10	civ-ai-data.ts	skala	5	5	false	CURRENT_RUNTIME_DATA	DEFAULT_VALUE	CURRENT_RUNTIME_DEFAULT	gra/data/civ-matrix.json#/cywilizacje[typCywilizacji=asyria]/params/ai_priorytet_ekonomia	RESERVE_DRAFT_UNRESOLVED	docs/decyzje/D-cyw-roster-6-REZERWA.md; Civ-CYWILIZACJE/draft/roster-6-REZERWA.json	REAL_GAMEPLAY	4	5	6	SKALA_1_10	easy=max(1,normal-1); normal=normal; hard=min(10,normal+1); delta=(value-5)*15	wyżej = większy score ekonomiczny; Hard +1, Easy -1	gra/src/game/civ-ai-data.ts:74-102; gra/src/main.ts:33264-33296; gra/src/game/ai-production-priorities.ts:6-27; gra/src/game/ai.ts:1672-1676	false
asyria	Asyria	2	ai_priorytet_nauka	ai	skala_1_10	civ-ai-data.ts	skala	5	5	false	CURRENT_RUNTIME_DATA	DEFAULT_VALUE	CURRENT_RUNTIME_DEFAULT	gra/data/civ-matrix.json#/cywilizacje[typCywilizacji=asyria]/params/ai_priorytet_nauka	RESERVE_DRAFT_UNRESOLVED	docs/decyzje/D-cyw-roster-6-REZERWA.md; Civ-CYWILIZACJE/draft/roster-6-REZERWA.json	REAL_GAMEPLAY	4	5	6	SKALA_1_10	easy=max(1,normal-1); normal=normal; hard=min(10,normal+1); delta=(value-5)*15	wyżej = większy score nauki; Hard +1, Easy -1	gra/src/game/civ-ai-data.ts:74-102; gra/src/main.ts:33264-33296; gra/src/game/ai-production-priorities.ts:6-27; gra/src/game/ai.ts:1672-1676	false
asyria	Asyria	2	ai_tolerancja_ryzyka	ai	skala_1_10	civ-ai-data.ts	skala	4	5	true	CURRENT_RUNTIME_DATA	NON_DEFAULT_OVERRIDE	CURRENT_RUNTIME_DATA	gra/data/civ-matrix.json#/cywilizacje[typCywilizacji=asyria]/params/ai_tolerancja_ryzyka	RESERVE_DRAFT_UNRESOLVED	docs/decyzje/D-cyw-roster-6-REZERWA.md; Civ-CYWILIZACJE/draft/roster-6-REZERWA.json	REAL_GAMEPLAY	3	4	5	SKALA_1_10	easy=max(1,normal-1); normal=normal; hard=min(10,normal+1)	wyżej = większa tolerancja ryzyka wojny; Hard +1, Easy -1	gra/src/game/civ-ai-data.ts:74-102; gra/src/main.ts:33924-33927; gra/src/game/ai.ts:4974-5036,5184-5187	false
asyria	Asyria	2	ai_sklonnosc_podboju	ai	skala_1_10	civ-ai-data.ts	skala	5	5	false	CURRENT_RUNTIME_DATA	DEFAULT_VALUE	CURRENT_RUNTIME_DEFAULT	gra/data/civ-matrix.json#/cywilizacje[typCywilizacji=asyria]/params/ai_sklonnosc_podboju	RESERVE_DRAFT_UNRESOLVED	docs/decyzje/D-cyw-roster-6-REZERWA.md; Civ-CYWILIZACJE/draft/roster-6-REZERWA.json	REAL_GAMEPLAY	4	5	6	SKALA_1_10	easy=max(1,normal-1); normal=normal; hard=min(10,normal+1)	wyżej = większa skłonność do podboju; Hard +1, Easy -1	gra/src/game/civ-ai-data.ts:74-102; gra/src/main.ts:33264-33296,33924-33927; gra/src/game/ai.ts:4974-5036,5184-5187	false
asyria	Asyria	2	ai_profil_obronna	ai	flag_0_1	civ-ai-data.ts	flag	0	0	false	CURRENT_RUNTIME_DATA	DEFAULT_VALUE	CURRENT_RUNTIME_DEFAULT	gra/data/civ-matrix.json#/cywilizacje[typCywilizacji=asyria]/params/ai_profil_obronna	RESERVE_DRAFT_UNRESOLVED	docs/decyzje/D-cyw-roster-6-REZERWA.md; Civ-CYWILIZACJE/draft/roster-6-REZERWA.json	REAL_GAMEPLAY	0	0	0	FLAG_IDENTITY	flag raw 0/1 at Easy/Normal/Hard	1 = defensive-copy map profile; no difficulty delta	gra/src/game/civ-ai-data.ts:56-71,119-123; gra/src/main.ts:9169-9173	false
fenicjanie	Fenicjanie	2	meta_epoka_kamien	meta	flag_0_1	start-preview.ts	flag	0	0	false	CURRENT_RUNTIME_DATA	DEFAULT_VALUE	CURRENT_RUNTIME_DEFAULT	gra/data/civ-matrix.json#/cywilizacje[typCywilizacji=fenicjanie]/params/meta_epoka_kamien	RESERVE_DRAFT_UNRESOLVED	docs/decyzje/D-cyw-roster-6-REZERWA.md; Civ-CYWILIZACJE/draft/roster-6-REZERWA.json	DEAD_UNWIRED		0		NOT_ACTIVE	not computed by current consumer; retain raw Normal data	not applicable until a consumer is wired and reviewed	gra/src/game/civ-matrix.ts:41-60,71-101 (loader/accessor only); no gameplay call-site found	false
fenicjanie	Fenicjanie	2	meta_epoka_braz	meta	flag_0_1	start-preview.ts	flag	0	0	false	CURRENT_RUNTIME_DATA	DEFAULT_VALUE	CURRENT_RUNTIME_DEFAULT	gra/data/civ-matrix.json#/cywilizacje[typCywilizacji=fenicjanie]/params/meta_epoka_braz	RESERVE_DRAFT_UNRESOLVED	docs/decyzje/D-cyw-roster-6-REZERWA.md; Civ-CYWILIZACJE/draft/roster-6-REZERWA.json	DEAD_UNWIRED		0		NOT_ACTIVE	not computed by current consumer; retain raw Normal data	not applicable until a consumer is wired and reviewed	gra/src/game/civ-matrix.ts:41-60,71-101 (loader/accessor only); no gameplay call-site found	false
fenicjanie	Fenicjanie	2	meta_epoka_zelazo	meta	flag_0_1	start-preview.ts	flag	1	0	true	CURRENT_RUNTIME_DATA	NON_DEFAULT_OVERRIDE	CURRENT_RUNTIME_DATA	gra/data/civ-matrix.json#/cywilizacje[typCywilizacji=fenicjanie]/params/meta_epoka_zelazo	RESERVE_DRAFT_UNRESOLVED	docs/decyzje/D-cyw-roster-6-REZERWA.md; Civ-CYWILIZACJE/draft/roster-6-REZERWA.json	DEAD_UNWIRED		1		NOT_ACTIVE	not computed by current consumer; retain raw Normal data	not applicable until a consumer is wired and reviewed	gra/src/game/civ-matrix.ts:41-60,71-101 (loader/accessor only); no gameplay call-site found	false
fenicjanie	Fenicjanie	2	meta_mnoznik_waluta	meta	absolut	economy.ts	mul_abs	2.6	2	true	CURRENT_RUNTIME_DATA	NON_DEFAULT_OVERRIDE	CURRENT_RUNTIME_DATA	gra/data/civ-matrix.json#/cywilizacje[typCywilizacji=fenicjanie]/params/meta_mnoznik_waluta	RESERVE_DRAFT_UNRESOLVED	docs/decyzje/D-cyw-roster-6-REZERWA.md; Civ-CYWILIZACJE/draft/roster-6-REZERWA.json	DEAD_UNWIRED		2.6		NOT_ACTIVE	not computed by current consumer; retain raw Normal data	not applicable until a consumer is wired and reviewed	gra/src/game/civ-matrix.ts:41-60,71-101 (loader/accessor only); no gameplay call-site found	false
fenicjanie	Fenicjanie	2	meta_tier_roster	meta	absolut	civ-roster.ts	mul_abs	2	1	true	CURRENT_RUNTIME_DATA	NON_DEFAULT_OVERRIDE	CURRENT_RUNTIME_DATA	gra/data/civ-matrix.json#/cywilizacje[typCywilizacji=fenicjanie]/params/meta_tier_roster	RESERVE_DRAFT_UNRESOLVED	docs/decyzje/D-cyw-roster-6-REZERWA.md; Civ-CYWILIZACJE/draft/roster-6-REZERWA.json	DEAD_UNWIRED		2		NOT_ACTIVE	not computed by current consumer; retain raw Normal data	not applicable until a consumer is wired and reviewed	gra/src/game/civ-matrix.ts:41-60,71-101 (loader/accessor only); no gameplay call-site found	false
fenicjanie	Fenicjanie	2	walka_atak_piechota	walka	ulamek	civ-bonuses.ts	mul_proc	0	0	false	CURRENT_RUNTIME_DATA	DEFAULT_VALUE	CURRENT_RUNTIME_DEFAULT	gra/data/civ-matrix.json#/cywilizacje[typCywilizacji=fenicjanie]/params/walka_atak_piechota	RESERVE_DRAFT_UNRESOLVED	docs/decyzje/D-cyw-roster-6-REZERWA.md; Civ-CYWILIZACJE/draft/roster-6-REZERWA.json	DEAD_UNWIRED		0		NOT_ACTIVE	not computed by current consumer; retain raw Normal data	not applicable until a consumer is wired and reviewed	gra/src/game/civ-matrix.ts:41-60,71-101 (loader/accessor only); no gameplay call-site found	false
fenicjanie	Fenicjanie	2	walka_atak_lukownicy	walka	ulamek	civ-bonuses.ts	mul_proc	0	0	false	CURRENT_RUNTIME_DATA	DEFAULT_VALUE	CURRENT_RUNTIME_DEFAULT	gra/data/civ-matrix.json#/cywilizacje[typCywilizacji=fenicjanie]/params/walka_atak_lukownicy	RESERVE_DRAFT_UNRESOLVED	docs/decyzje/D-cyw-roster-6-REZERWA.md; Civ-CYWILIZACJE/draft/roster-6-REZERWA.json	UNWIRED		0		NOT_ACTIVE	not computed by current consumer; retain raw Normal data	not applicable until a consumer is wired and reviewed	gra/src/game/civ-matrix.ts:41-60,71-101 (loader/accessor only); no gameplay call-site found	false
fenicjanie	Fenicjanie	2	walka_atak_kawaleria	walka	ulamek	civ-bonuses.ts	mul_proc	0	0	false	CURRENT_RUNTIME_DATA	DEFAULT_VALUE	CURRENT_RUNTIME_DEFAULT	gra/data/civ-matrix.json#/cywilizacje[typCywilizacji=fenicjanie]/params/walka_atak_kawaleria	RESERVE_DRAFT_UNRESOLVED	docs/decyzje/D-cyw-roster-6-REZERWA.md; Civ-CYWILIZACJE/draft/roster-6-REZERWA.json	DEAD_UNWIRED		0		NOT_ACTIVE	not computed by current consumer; retain raw Normal data	not applicable until a consumer is wired and reviewed	gra/src/game/civ-matrix.ts:41-60,71-101 (loader/accessor only); no gameplay call-site found	false
fenicjanie	Fenicjanie	2	walka_atak_rydwany	walka	ulamek	civ-bonuses.ts	mul_proc	0	0	false	CURRENT_RUNTIME_DATA	DEFAULT_VALUE	CURRENT_RUNTIME_DEFAULT	gra/data/civ-matrix.json#/cywilizacje[typCywilizacji=fenicjanie]/params/walka_atak_rydwany	RESERVE_DRAFT_UNRESOLVED	docs/decyzje/D-cyw-roster-6-REZERWA.md; Civ-CYWILIZACJE/draft/roster-6-REZERWA.json	DEAD_UNWIRED		0		NOT_ACTIVE	not computed by current consumer; retain raw Normal data	not applicable until a consumer is wired and reviewed	gra/src/game/civ-matrix.ts:41-60,71-101 (loader/accessor only); no gameplay call-site found	false
fenicjanie	Fenicjanie	2	walka_atak_obleczenie	walka	ulamek	civ-bonuses.ts	mul_proc	0	0	false	CURRENT_RUNTIME_DATA	DEFAULT_VALUE	CURRENT_RUNTIME_DEFAULT	gra/data/civ-matrix.json#/cywilizacje[typCywilizacji=fenicjanie]/params/walka_atak_obleczenie	RESERVE_DRAFT_UNRESOLVED	docs/decyzje/D-cyw-roster-6-REZERWA.md; Civ-CYWILIZACJE/draft/roster-6-REZERWA.json	DEAD_UNWIRED		0		NOT_ACTIVE	not computed by current consumer; retain raw Normal data	not applicable until a consumer is wired and reviewed	gra/src/game/civ-matrix.ts:41-60,71-101 (loader/accessor only); no gameplay call-site found	false
fenicjanie	Fenicjanie	2	walka_atak_morska	walka	ulamek	civ-bonuses.ts	mul_proc	0	0	false	CURRENT_RUNTIME_DATA	DEFAULT_VALUE	CURRENT_RUNTIME_DEFAULT	gra/data/civ-matrix.json#/cywilizacje[typCywilizacji=fenicjanie]/params/walka_atak_morska	RESERVE_DRAFT_UNRESOLVED	docs/decyzje/D-cyw-roster-6-REZERWA.md; Civ-CYWILIZACJE/draft/roster-6-REZERWA.json	UNWIRED		0		NOT_ACTIVE	not computed by current consumer; retain raw Normal data	not applicable until a consumer is wired and reviewed	gra/src/game/civ-matrix.ts:41-60,71-101 (loader/accessor only); no gameplay call-site found	false
fenicjanie	Fenicjanie	2	walka_atak_wszystkie	walka	ulamek	civ-bonuses.ts	mul_proc	0	0	false	CURRENT_RUNTIME_DATA	DEFAULT_VALUE	CURRENT_RUNTIME_DEFAULT	gra/data/civ-matrix.json#/cywilizacje[typCywilizacji=fenicjanie]/params/walka_atak_wszystkie	RESERVE_DRAFT_UNRESOLVED	docs/decyzje/D-cyw-roster-6-REZERWA.md; Civ-CYWILIZACJE/draft/roster-6-REZERWA.json	UNWIRED		0		NOT_ACTIVE	not computed by current consumer; retain raw Normal data	not applicable until a consumer is wired and reviewed	gra/src/game/civ-matrix.ts:41-60,71-101 (loader/accessor only); no gameplay call-site found	false
fenicjanie	Fenicjanie	2	walka_obrona_piechota	walka	ulamek	civ-bonuses.ts	mul_proc	-0.05	0	true	CURRENT_RUNTIME_DATA	NON_DEFAULT_OVERRIDE	CURRENT_RUNTIME_DATA	gra/data/civ-matrix.json#/cywilizacje[typCywilizacji=fenicjanie]/params/walka_obrona_piechota	RESERVE_DRAFT_UNRESOLVED	docs/decyzje/D-cyw-roster-6-REZERWA.md; Civ-CYWILIZACJE/draft/roster-6-REZERWA.json	DEAD_UNWIRED		-0.05		NOT_ACTIVE	not computed by current consumer; retain raw Normal data	not applicable until a consumer is wired and reviewed	gra/src/game/civ-matrix.ts:41-60,71-101 (loader/accessor only); no gameplay call-site found	false
fenicjanie	Fenicjanie	2	walka_obrona_lukownicy	walka	ulamek	civ-bonuses.ts	mul_proc	0	0	false	CURRENT_RUNTIME_DATA	DEFAULT_VALUE	CURRENT_RUNTIME_DEFAULT	gra/data/civ-matrix.json#/cywilizacje[typCywilizacji=fenicjanie]/params/walka_obrona_lukownicy	RESERVE_DRAFT_UNRESOLVED	docs/decyzje/D-cyw-roster-6-REZERWA.md; Civ-CYWILIZACJE/draft/roster-6-REZERWA.json	UNWIRED		0		NOT_ACTIVE	not computed by current consumer; retain raw Normal data	not applicable until a consumer is wired and reviewed	gra/src/game/civ-matrix.ts:41-60,71-101 (loader/accessor only); no gameplay call-site found	false
fenicjanie	Fenicjanie	2	walka_obrona_kawaleria	walka	ulamek	civ-bonuses.ts	mul_proc	0	0	false	CURRENT_RUNTIME_DATA	DEFAULT_VALUE	CURRENT_RUNTIME_DEFAULT	gra/data/civ-matrix.json#/cywilizacje[typCywilizacji=fenicjanie]/params/walka_obrona_kawaleria	RESERVE_DRAFT_UNRESOLVED	docs/decyzje/D-cyw-roster-6-REZERWA.md; Civ-CYWILIZACJE/draft/roster-6-REZERWA.json	UNWIRED		0		NOT_ACTIVE	not computed by current consumer; retain raw Normal data	not applicable until a consumer is wired and reviewed	gra/src/game/civ-matrix.ts:41-60,71-101 (loader/accessor only); no gameplay call-site found	false
fenicjanie	Fenicjanie	2	walka_obrona_rydwany	walka	ulamek	civ-bonuses.ts	mul_proc	0	0	false	CURRENT_RUNTIME_DATA	DEFAULT_VALUE	CURRENT_RUNTIME_DEFAULT	gra/data/civ-matrix.json#/cywilizacje[typCywilizacji=fenicjanie]/params/walka_obrona_rydwany	RESERVE_DRAFT_UNRESOLVED	docs/decyzje/D-cyw-roster-6-REZERWA.md; Civ-CYWILIZACJE/draft/roster-6-REZERWA.json	UNWIRED		0		NOT_ACTIVE	not computed by current consumer; retain raw Normal data	not applicable until a consumer is wired and reviewed	gra/src/game/civ-matrix.ts:41-60,71-101 (loader/accessor only); no gameplay call-site found	false
fenicjanie	Fenicjanie	2	walka_obrona_obleczenie	walka	ulamek	civ-bonuses.ts	mul_proc	0	0	false	CURRENT_RUNTIME_DATA	DEFAULT_VALUE	CURRENT_RUNTIME_DEFAULT	gra/data/civ-matrix.json#/cywilizacje[typCywilizacji=fenicjanie]/params/walka_obrona_obleczenie	RESERVE_DRAFT_UNRESOLVED	docs/decyzje/D-cyw-roster-6-REZERWA.md; Civ-CYWILIZACJE/draft/roster-6-REZERWA.json	UNWIRED		0		NOT_ACTIVE	not computed by current consumer; retain raw Normal data	not applicable until a consumer is wired and reviewed	gra/src/game/civ-matrix.ts:41-60,71-101 (loader/accessor only); no gameplay call-site found	false
fenicjanie	Fenicjanie	2	walka_obrona_morska	walka	ulamek	civ-bonuses.ts	mul_proc	0	0	false	CURRENT_RUNTIME_DATA	DEFAULT_VALUE	CURRENT_RUNTIME_DEFAULT	gra/data/civ-matrix.json#/cywilizacje[typCywilizacji=fenicjanie]/params/walka_obrona_morska	RESERVE_DRAFT_UNRESOLVED	docs/decyzje/D-cyw-roster-6-REZERWA.md; Civ-CYWILIZACJE/draft/roster-6-REZERWA.json	UNWIRED		0		NOT_ACTIVE	not computed by current consumer; retain raw Normal data	not applicable until a consumer is wired and reviewed	gra/src/game/civ-matrix.ts:41-60,71-101 (loader/accessor only); no gameplay call-site found	false
fenicjanie	Fenicjanie	2	walka_pancerz_piechota	walka	ulamek	civ-bonuses.ts	mul_proc	0	0	false	CURRENT_RUNTIME_DATA	DEFAULT_VALUE	CURRENT_RUNTIME_DEFAULT	gra/data/civ-matrix.json#/cywilizacje[typCywilizacji=fenicjanie]/params/walka_pancerz_piechota	RESERVE_DRAFT_UNRESOLVED	docs/decyzje/D-cyw-roster-6-REZERWA.md; Civ-CYWILIZACJE/draft/roster-6-REZERWA.json	DEAD_UNWIRED		0		NOT_ACTIVE	not computed by current consumer; retain raw Normal data	not applicable until a consumer is wired and reviewed	gra/src/game/civ-matrix.ts:41-60,71-101 (loader/accessor only); no gameplay call-site found	false
fenicjanie	Fenicjanie	2	walka_pancerz_lukownicy	walka	ulamek	civ-bonuses.ts	mul_proc	0	0	false	CURRENT_RUNTIME_DATA	DEFAULT_VALUE	CURRENT_RUNTIME_DEFAULT	gra/data/civ-matrix.json#/cywilizacje[typCywilizacji=fenicjanie]/params/walka_pancerz_lukownicy	RESERVE_DRAFT_UNRESOLVED	docs/decyzje/D-cyw-roster-6-REZERWA.md; Civ-CYWILIZACJE/draft/roster-6-REZERWA.json	UNWIRED		0		NOT_ACTIVE	not computed by current consumer; retain raw Normal data	not applicable until a consumer is wired and reviewed	gra/src/game/civ-matrix.ts:41-60,71-101 (loader/accessor only); no gameplay call-site found	false
fenicjanie	Fenicjanie	2	walka_pancerz_kawaleria	walka	ulamek	civ-bonuses.ts	mul_proc	0	0	false	CURRENT_RUNTIME_DATA	DEFAULT_VALUE	CURRENT_RUNTIME_DEFAULT	gra/data/civ-matrix.json#/cywilizacje[typCywilizacji=fenicjanie]/params/walka_pancerz_kawaleria	RESERVE_DRAFT_UNRESOLVED	docs/decyzje/D-cyw-roster-6-REZERWA.md; Civ-CYWILIZACJE/draft/roster-6-REZERWA.json	UNWIRED		0		NOT_ACTIVE	not computed by current consumer; retain raw Normal data	not applicable until a consumer is wired and reviewed	gra/src/game/civ-matrix.ts:41-60,71-101 (loader/accessor only); no gameplay call-site found	false
fenicjanie	Fenicjanie	2	walka_pancerz_rydwany	walka	ulamek	civ-bonuses.ts	mul_proc	0	0	false	CURRENT_RUNTIME_DATA	DEFAULT_VALUE	CURRENT_RUNTIME_DEFAULT	gra/data/civ-matrix.json#/cywilizacje[typCywilizacji=fenicjanie]/params/walka_pancerz_rydwany	RESERVE_DRAFT_UNRESOLVED	docs/decyzje/D-cyw-roster-6-REZERWA.md; Civ-CYWILIZACJE/draft/roster-6-REZERWA.json	UNWIRED		0		NOT_ACTIVE	not computed by current consumer; retain raw Normal data	not applicable until a consumer is wired and reviewed	gra/src/game/civ-matrix.ts:41-60,71-101 (loader/accessor only); no gameplay call-site found	false
fenicjanie	Fenicjanie	2	walka_uderzenie_piechota	walka	ulamek	civ-bonuses.ts	mul_proc	0	0	false	CURRENT_RUNTIME_DATA	DEFAULT_VALUE	CURRENT_RUNTIME_DEFAULT	gra/data/civ-matrix.json#/cywilizacje[typCywilizacji=fenicjanie]/params/walka_uderzenie_piechota	RESERVE_DRAFT_UNRESOLVED	docs/decyzje/D-cyw-roster-6-REZERWA.md; Civ-CYWILIZACJE/draft/roster-6-REZERWA.json	DEAD_UNWIRED		0		NOT_ACTIVE	not computed by current consumer; retain raw Normal data	not applicable until a consumer is wired and reviewed	gra/src/game/civ-matrix.ts:41-60,71-101 (loader/accessor only); no gameplay call-site found	false
fenicjanie	Fenicjanie	2	walka_uderzenie_kawaleria	walka	ulamek	civ-bonuses.ts	mul_proc	0	0	false	CURRENT_RUNTIME_DATA	DEFAULT_VALUE	CURRENT_RUNTIME_DEFAULT	gra/data/civ-matrix.json#/cywilizacje[typCywilizacji=fenicjanie]/params/walka_uderzenie_kawaleria	RESERVE_DRAFT_UNRESOLVED	docs/decyzje/D-cyw-roster-6-REZERWA.md; Civ-CYWILIZACJE/draft/roster-6-REZERWA.json	DEAD_UNWIRED		0		NOT_ACTIVE	not computed by current consumer; retain raw Normal data	not applicable until a consumer is wired and reviewed	gra/src/game/civ-matrix.ts:41-60,71-101 (loader/accessor only); no gameplay call-site found	false
fenicjanie	Fenicjanie	2	walka_uderzenie_rydwany	walka	ulamek	civ-bonuses.ts	mul_proc	0	0	false	CURRENT_RUNTIME_DATA	DEFAULT_VALUE	CURRENT_RUNTIME_DEFAULT	gra/data/civ-matrix.json#/cywilizacje[typCywilizacji=fenicjanie]/params/walka_uderzenie_rydwany	RESERVE_DRAFT_UNRESOLVED	docs/decyzje/D-cyw-roster-6-REZERWA.md; Civ-CYWILIZACJE/draft/roster-6-REZERWA.json	UNWIRED		0		NOT_ACTIVE	not computed by current consumer; retain raw Normal data	not applicable until a consumer is wired and reviewed	gra/src/game/civ-matrix.ts:41-60,71-101 (loader/accessor only); no gameplay call-site found	false
fenicjanie	Fenicjanie	2	walka_dystans_lukownicy	walka	ulamek	civ-bonuses.ts	mul_proc	0	0	false	CURRENT_RUNTIME_DATA	DEFAULT_VALUE	CURRENT_RUNTIME_DEFAULT	gra/data/civ-matrix.json#/cywilizacje[typCywilizacji=fenicjanie]/params/walka_dystans_lukownicy	RESERVE_DRAFT_UNRESOLVED	docs/decyzje/D-cyw-roster-6-REZERWA.md; Civ-CYWILIZACJE/draft/roster-6-REZERWA.json	DEAD_UNWIRED		0		NOT_ACTIVE	not computed by current consumer; retain raw Normal data	not applicable until a consumer is wired and reviewed	gra/src/game/civ-matrix.ts:41-60,71-101 (loader/accessor only); no gameplay call-site found	false
fenicjanie	Fenicjanie	2	walka_dystans_rydwany	walka	ulamek	civ-bonuses.ts	mul_proc	0	0	false	CURRENT_RUNTIME_DATA	DEFAULT_VALUE	CURRENT_RUNTIME_DEFAULT	gra/data/civ-matrix.json#/cywilizacje[typCywilizacji=fenicjanie]/params/walka_dystans_rydwany	RESERVE_DRAFT_UNRESOLVED	docs/decyzje/D-cyw-roster-6-REZERWA.md; Civ-CYWILIZACJE/draft/roster-6-REZERWA.json	UNWIRED		0		NOT_ACTIVE	not computed by current consumer; retain raw Normal data	not applicable until a consumer is wired and reviewed	gra/src/game/civ-matrix.ts:41-60,71-101 (loader/accessor only); no gameplay call-site found	false
fenicjanie	Fenicjanie	2	walka_hp_piechota	walka	ulamek	civ-bonuses.ts	mul_proc	0	0	false	CURRENT_RUNTIME_DATA	DEFAULT_VALUE	CURRENT_RUNTIME_DEFAULT	gra/data/civ-matrix.json#/cywilizacje[typCywilizacji=fenicjanie]/params/walka_hp_piechota	RESERVE_DRAFT_UNRESOLVED	docs/decyzje/D-cyw-roster-6-REZERWA.md; Civ-CYWILIZACJE/draft/roster-6-REZERWA.json	DEAD_UNWIRED		0		NOT_ACTIVE	not computed by current consumer; retain raw Normal data	not applicable until a consumer is wired and reviewed	gra/src/game/civ-matrix.ts:41-60,71-101 (loader/accessor only); no gameplay call-site found	false
fenicjanie	Fenicjanie	2	walka_hp_kawaleria	walka	ulamek	civ-bonuses.ts	mul_proc	0	0	false	CURRENT_RUNTIME_DATA	DEFAULT_VALUE	CURRENT_RUNTIME_DEFAULT	gra/data/civ-matrix.json#/cywilizacje[typCywilizacji=fenicjanie]/params/walka_hp_kawaleria	RESERVE_DRAFT_UNRESOLVED	docs/decyzje/D-cyw-roster-6-REZERWA.md; Civ-CYWILIZACJE/draft/roster-6-REZERWA.json	UNWIRED		0		NOT_ACTIVE	not computed by current consumer; retain raw Normal data	not applicable until a consumer is wired and reviewed	gra/src/game/civ-matrix.ts:41-60,71-101 (loader/accessor only); no gameplay call-site found	false
fenicjanie	Fenicjanie	2	walka_hp_rydwany	walka	ulamek	civ-bonuses.ts	mul_proc	0	0	false	CURRENT_RUNTIME_DATA	DEFAULT_VALUE	CURRENT_RUNTIME_DEFAULT	gra/data/civ-matrix.json#/cywilizacje[typCywilizacji=fenicjanie]/params/walka_hp_rydwany	RESERVE_DRAFT_UNRESOLVED	docs/decyzje/D-cyw-roster-6-REZERWA.md; Civ-CYWILIZACJE/draft/roster-6-REZERWA.json	DEAD_UNWIRED		0		NOT_ACTIVE	not computed by current consumer; retain raw Normal data	not applicable until a consumer is wired and reviewed	gra/src/game/civ-matrix.ts:41-60,71-101 (loader/accessor only); no gameplay call-site found	false
fenicjanie	Fenicjanie	2	walka_ruch_bitwa_proc	walka	ulamek	civ-bonuses.ts	mul_proc	0	0	false	CURRENT_RUNTIME_DATA	DEFAULT_VALUE	CURRENT_RUNTIME_DEFAULT	gra/data/civ-matrix.json#/cywilizacje[typCywilizacji=fenicjanie]/params/walka_ruch_bitwa_proc	RESERVE_DRAFT_UNRESOLVED	docs/decyzje/D-cyw-roster-6-REZERWA.md; Civ-CYWILIZACJE/draft/roster-6-REZERWA.json	DEAD_UNWIRED		0		NOT_ACTIVE	not computed by current consumer; retain raw Normal data	not applicable until a consumer is wired and reviewed	gra/src/game/civ-matrix.ts:41-60,71-101 (loader/accessor only); no gameplay call-site found	false
fenicjanie	Fenicjanie	2	walka_zasieg_proc	walka	ulamek	civ-bonuses.ts	mul_proc	0	0	false	CURRENT_RUNTIME_DATA	DEFAULT_VALUE	CURRENT_RUNTIME_DEFAULT	gra/data/civ-matrix.json#/cywilizacje[typCywilizacji=fenicjanie]/params/walka_zasieg_proc	RESERVE_DRAFT_UNRESOLVED	docs/decyzje/D-cyw-roster-6-REZERWA.md; Civ-CYWILIZACJE/draft/roster-6-REZERWA.json	UNWIRED		0		NOT_ACTIVE	not computed by current consumer; retain raw Normal data	not applicable until a consumer is wired and reviewed	gra/src/game/civ-matrix.ts:41-60,71-101 (loader/accessor only); no gameplay call-site found	false
fenicjanie	Fenicjanie	2	walka_oblezenie_proc	walka	ulamek	civ-bonuses.ts	mul_proc	0	0	false	CURRENT_RUNTIME_DATA	DEFAULT_VALUE	CURRENT_RUNTIME_DEFAULT	gra/data/civ-matrix.json#/cywilizacje[typCywilizacji=fenicjanie]/params/walka_oblezenie_proc	RESERVE_DRAFT_UNRESOLVED	docs/decyzje/D-cyw-roster-6-REZERWA.md; Civ-CYWILIZACJE/draft/roster-6-REZERWA.json	UNWIRED		0		NOT_ACTIVE	not computed by current consumer; retain raw Normal data	not applicable until a consumer is wired and reviewed	gra/src/game/civ-matrix.ts:41-60,71-101 (loader/accessor only); no gameplay call-site found	false
fenicjanie	Fenicjanie	2	walka_koszt_rekrutacji_proc	walka	ulamek	production.ts	mul_proc	0	0	false	CURRENT_RUNTIME_DATA	DEFAULT_VALUE	CURRENT_RUNTIME_DEFAULT	gra/data/civ-matrix.json#/cywilizacje[typCywilizacji=fenicjanie]/params/walka_koszt_rekrutacji_proc	RESERVE_DRAFT_UNRESOLVED	docs/decyzje/D-cyw-roster-6-REZERWA.md; Civ-CYWILIZACJE/draft/roster-6-REZERWA.json	DEAD_UNWIRED		0		NOT_ACTIVE	not computed by current consumer; retain raw Normal data	not applicable until a consumer is wired and reviewed	gra/src/game/civ-matrix.ts:41-60,71-101 (loader/accessor only); no gameplay call-site found	false
fenicjanie	Fenicjanie	2	walka_atak_piechota_teren_las	walka	ulamek	civ-bonuses.ts	mul_proc	0	0	false	CURRENT_RUNTIME_DATA	DEFAULT_VALUE	CURRENT_RUNTIME_DEFAULT	gra/data/civ-matrix.json#/cywilizacje[typCywilizacji=fenicjanie]/params/walka_atak_piechota_teren_las	RESERVE_DRAFT_UNRESOLVED	docs/decyzje/D-cyw-roster-6-REZERWA.md; Civ-CYWILIZACJE/draft/roster-6-REZERWA.json	DEAD_UNWIRED		0		NOT_ACTIVE	not computed by current consumer; retain raw Normal data	not applicable until a consumer is wired and reviewed	gra/src/game/civ-matrix.ts:41-60,71-101 (loader/accessor only); no gameplay call-site found	false
fenicjanie	Fenicjanie	2	walka_obrona_piechota_teren_las	walka	ulamek	civ-bonuses.ts	mul_proc	0	0	false	CURRENT_RUNTIME_DATA	DEFAULT_VALUE	CURRENT_RUNTIME_DEFAULT	gra/data/civ-matrix.json#/cywilizacje[typCywilizacji=fenicjanie]/params/walka_obrona_piechota_teren_las	RESERVE_DRAFT_UNRESOLVED	docs/decyzje/D-cyw-roster-6-REZERWA.md; Civ-CYWILIZACJE/draft/roster-6-REZERWA.json	UNWIRED		0		NOT_ACTIVE	not computed by current consumer; retain raw Normal data	not applicable until a consumer is wired and reviewed	gra/src/game/civ-matrix.ts:41-60,71-101 (loader/accessor only); no gameplay call-site found	false
fenicjanie	Fenicjanie	2	walka_atak_piechota_terytorium_wlasne	walka	ulamek	civ-bonuses.ts	mul_proc	0	0	false	CURRENT_RUNTIME_DATA	DEFAULT_VALUE	CURRENT_RUNTIME_DEFAULT	gra/data/civ-matrix.json#/cywilizacje[typCywilizacji=fenicjanie]/params/walka_atak_piechota_terytorium_wlasne	RESERVE_DRAFT_UNRESOLVED	docs/decyzje/D-cyw-roster-6-REZERWA.md; Civ-CYWILIZACJE/draft/roster-6-REZERWA.json	UNWIRED		0		NOT_ACTIVE	not computed by current consumer; retain raw Normal data	not applicable until a consumer is wired and reviewed	gra/src/game/civ-matrix.ts:41-60,71-101 (loader/accessor only); no gameplay call-site found	false
fenicjanie	Fenicjanie	2	walka_obrona_piechota_terytorium_wlasne	walka	ulamek	civ-bonuses.ts	mul_proc	0	0	false	CURRENT_RUNTIME_DATA	DEFAULT_VALUE	CURRENT_RUNTIME_DEFAULT	gra/data/civ-matrix.json#/cywilizacje[typCywilizacji=fenicjanie]/params/walka_obrona_piechota_terytorium_wlasne	RESERVE_DRAFT_UNRESOLVED	docs/decyzje/D-cyw-roster-6-REZERWA.md; Civ-CYWILIZACJE/draft/roster-6-REZERWA.json	DEAD_UNWIRED		0		NOT_ACTIVE	not computed by current consumer; retain raw Normal data	not applicable until a consumer is wired and reviewed	gra/src/game/civ-matrix.ts:41-60,71-101 (loader/accessor only); no gameplay call-site found	false
fenicjanie	Fenicjanie	2	walka_atak_piechota_w_murze	walka	ulamek	civ-bonuses.ts	mul_proc	0	0	false	CURRENT_RUNTIME_DATA	DEFAULT_VALUE	CURRENT_RUNTIME_DEFAULT	gra/data/civ-matrix.json#/cywilizacje[typCywilizacji=fenicjanie]/params/walka_atak_piechota_w_murze	RESERVE_DRAFT_UNRESOLVED	docs/decyzje/D-cyw-roster-6-REZERWA.md; Civ-CYWILIZACJE/draft/roster-6-REZERWA.json	UNWIRED		0		NOT_ACTIVE	not computed by current consumer; retain raw Normal data	not applicable until a consumer is wired and reviewed	gra/src/game/civ-matrix.ts:41-60,71-101 (loader/accessor only); no gameplay call-site found	false
fenicjanie	Fenicjanie	2	walka_obrona_piechota_w_murze	walka	ulamek	civ-bonuses.ts	mul_proc	0	0	false	CURRENT_RUNTIME_DATA	DEFAULT_VALUE	CURRENT_RUNTIME_DEFAULT	gra/data/civ-matrix.json#/cywilizacje[typCywilizacji=fenicjanie]/params/walka_obrona_piechota_w_murze	RESERVE_DRAFT_UNRESOLVED	docs/decyzje/D-cyw-roster-6-REZERWA.md; Civ-CYWILIZACJE/draft/roster-6-REZERWA.json	DEAD_UNWIRED		0		NOT_ACTIVE	not computed by current consumer; retain raw Normal data	not applicable until a consumer is wired and reviewed	gra/src/game/civ-matrix.ts:41-60,71-101 (loader/accessor only); no gameplay call-site found	false
fenicjanie	Fenicjanie	2	walka_atak_piechota_runda_szarzy	walka	ulamek	civ-bonuses.ts	mul_proc	0	0	false	CURRENT_RUNTIME_DATA	DEFAULT_VALUE	CURRENT_RUNTIME_DEFAULT	gra/data/civ-matrix.json#/cywilizacje[typCywilizacji=fenicjanie]/params/walka_atak_piechota_runda_szarzy	RESERVE_DRAFT_UNRESOLVED	docs/decyzje/D-cyw-roster-6-REZERWA.md; Civ-CYWILIZACJE/draft/roster-6-REZERWA.json	DEAD_UNWIRED		0		NOT_ACTIVE	not computed by current consumer; retain raw Normal data	not applicable until a consumer is wired and reviewed	gra/src/game/civ-matrix.ts:41-60,71-101 (loader/accessor only); no gameplay call-site found	false
fenicjanie	Fenicjanie	2	walka_obrona_piechota_runda_szarzy	walka	ulamek	civ-bonuses.ts	mul_proc	0	0	false	CURRENT_RUNTIME_DATA	DEFAULT_VALUE	CURRENT_RUNTIME_DEFAULT	gra/data/civ-matrix.json#/cywilizacje[typCywilizacji=fenicjanie]/params/walka_obrona_piechota_runda_szarzy	RESERVE_DRAFT_UNRESOLVED	docs/decyzje/D-cyw-roster-6-REZERWA.md; Civ-CYWILIZACJE/draft/roster-6-REZERWA.json	UNWIRED		0		NOT_ACTIVE	not computed by current consumer; retain raw Normal data	not applicable until a consumer is wired and reviewed	gra/src/game/civ-matrix.ts:41-60,71-101 (loader/accessor only); no gameplay call-site found	false
fenicjanie	Fenicjanie	2	walka_atak_piechota_teren_plytkie_morze	walka	ulamek	civ-bonuses.ts	mul_proc	0	0	false	CURRENT_RUNTIME_DATA	DEFAULT_VALUE	CURRENT_RUNTIME_DEFAULT	gra/data/civ-matrix.json#/cywilizacje[typCywilizacji=fenicjanie]/params/walka_atak_piechota_teren_plytkie_morze	RESERVE_DRAFT_UNRESOLVED	docs/decyzje/D-cyw-roster-6-REZERWA.md; Civ-CYWILIZACJE/draft/roster-6-REZERWA.json	UNWIRED		0		NOT_ACTIVE	not computed by current consumer; retain raw Normal data	not applicable until a consumer is wired and reviewed	gra/src/game/civ-matrix.ts:41-60,71-101 (loader/accessor only); no gameplay call-site found	false
fenicjanie	Fenicjanie	2	walka_obrona_piechota_teren_plytkie_morze	walka	ulamek	civ-bonuses.ts	mul_proc	0	0	false	CURRENT_RUNTIME_DATA	DEFAULT_VALUE	CURRENT_RUNTIME_DEFAULT	gra/data/civ-matrix.json#/cywilizacje[typCywilizacji=fenicjanie]/params/walka_obrona_piechota_teren_plytkie_morze	RESERVE_DRAFT_UNRESOLVED	docs/decyzje/D-cyw-roster-6-REZERWA.md; Civ-CYWILIZACJE/draft/roster-6-REZERWA.json	UNWIRED		0		NOT_ACTIVE	not computed by current consumer; retain raw Normal data	not applicable until a consumer is wired and reviewed	gra/src/game/civ-matrix.ts:41-60,71-101 (loader/accessor only); no gameplay call-site found	false
fenicjanie	Fenicjanie	2	spec_Atak	jednostka_spec	absolut	units.json+combat.ts	stat_abs	50.4	0	true	CURRENT_RUNTIME_DATA	NON_DEFAULT_OVERRIDE	CURRENT_RUNTIME_DATA	gra/data/civ-matrix.json#/cywilizacje[typCywilizacji=fenicjanie]/params/spec_Atak	RESERVE_DRAFT_UNRESOLVED	docs/decyzje/D-cyw-roster-6-REZERWA.md; Civ-CYWILIZACJE/draft/roster-6-REZERWA.json	DEAD_UNWIRED		50.4		NOT_ACTIVE	not computed by current consumer; retain raw Normal data	not applicable until a consumer is wired and reviewed	gra/src/game/civ-matrix.ts:41-60,71-101 (loader/accessor only); no gameplay call-site found	false
fenicjanie	Fenicjanie	2	spec_Obrazenia	jednostka_spec	absolut	units.json+combat.ts	stat_abs	50.4	0	true	CURRENT_RUNTIME_DATA	NON_DEFAULT_OVERRIDE	CURRENT_RUNTIME_DATA	gra/data/civ-matrix.json#/cywilizacje[typCywilizacji=fenicjanie]/params/spec_Obrazenia	RESERVE_DRAFT_UNRESOLVED	docs/decyzje/D-cyw-roster-6-REZERWA.md; Civ-CYWILIZACJE/draft/roster-6-REZERWA.json	DEAD_UNWIRED		50.4		NOT_ACTIVE	not computed by current consumer; retain raw Normal data	not applicable until a consumer is wired and reviewed	gra/src/game/civ-matrix.ts:41-60,71-101 (loader/accessor only); no gameplay call-site found	false
fenicjanie	Fenicjanie	2	spec_Obrona	jednostka_spec	absolut	units.json+combat.ts	stat_abs	42.56	0	true	CURRENT_RUNTIME_DATA	NON_DEFAULT_OVERRIDE	CURRENT_RUNTIME_DATA	gra/data/civ-matrix.json#/cywilizacje[typCywilizacji=fenicjanie]/params/spec_Obrona	RESERVE_DRAFT_UNRESOLVED	docs/decyzje/D-cyw-roster-6-REZERWA.md; Civ-CYWILIZACJE/draft/roster-6-REZERWA.json	DEAD_UNWIRED		42.56		NOT_ACTIVE	not computed by current consumer; retain raw Normal data	not applicable until a consumer is wired and reviewed	gra/src/game/civ-matrix.ts:41-60,71-101 (loader/accessor only); no gameplay call-site found	false
fenicjanie	Fenicjanie	2	spec_Uderzenie	jednostka_spec	absolut	units.json+combat.ts	stat_abs	22.4	0	true	CURRENT_RUNTIME_DATA	NON_DEFAULT_OVERRIDE	CURRENT_RUNTIME_DATA	gra/data/civ-matrix.json#/cywilizacje[typCywilizacji=fenicjanie]/params/spec_Uderzenie	RESERVE_DRAFT_UNRESOLVED	docs/decyzje/D-cyw-roster-6-REZERWA.md; Civ-CYWILIZACJE/draft/roster-6-REZERWA.json	DEAD_UNWIRED		22.4		NOT_ACTIVE	not computed by current consumer; retain raw Normal data	not applicable until a consumer is wired and reviewed	gra/src/game/civ-matrix.ts:41-60,71-101 (loader/accessor only); no gameplay call-site found	false
fenicjanie	Fenicjanie	2	spec_Pancerz	jednostka_spec	absolut	units.json+combat.ts	stat_abs	22.4	0	true	CURRENT_RUNTIME_DATA	NON_DEFAULT_OVERRIDE	CURRENT_RUNTIME_DATA	gra/data/civ-matrix.json#/cywilizacje[typCywilizacji=fenicjanie]/params/spec_Pancerz	RESERVE_DRAFT_UNRESOLVED	docs/decyzje/D-cyw-roster-6-REZERWA.md; Civ-CYWILIZACJE/draft/roster-6-REZERWA.json	DEAD_UNWIRED		22.4		NOT_ACTIVE	not computed by current consumer; retain raw Normal data	not applicable until a consumer is wired and reviewed	gra/src/game/civ-matrix.ts:41-60,71-101 (loader/accessor only); no gameplay call-site found	false
fenicjanie	Fenicjanie	2	spec_Przebicie	jednostka_spec	absolut	units.json+combat.ts	stat_abs	11.2	0	true	CURRENT_RUNTIME_DATA	NON_DEFAULT_OVERRIDE	CURRENT_RUNTIME_DATA	gra/data/civ-matrix.json#/cywilizacje[typCywilizacji=fenicjanie]/params/spec_Przebicie	RESERVE_DRAFT_UNRESOLVED	docs/decyzje/D-cyw-roster-6-REZERWA.md; Civ-CYWILIZACJE/draft/roster-6-REZERWA.json	DEAD_UNWIRED		11.2		NOT_ACTIVE	not computed by current consumer; retain raw Normal data	not applicable until a consumer is wired and reviewed	gra/src/game/civ-matrix.ts:41-60,71-101 (loader/accessor only); no gameplay call-site found	false
fenicjanie	Fenicjanie	2	spec_Health	jednostka_spec	absolut	units.json+combat.ts	stat_abs	50.4	0	true	CURRENT_RUNTIME_DATA	NON_DEFAULT_OVERRIDE	CURRENT_RUNTIME_DATA	gra/data/civ-matrix.json#/cywilizacje[typCywilizacji=fenicjanie]/params/spec_Health	RESERVE_DRAFT_UNRESOLVED	docs/decyzje/D-cyw-roster-6-REZERWA.md; Civ-CYWILIZACJE/draft/roster-6-REZERWA.json	DEAD_UNWIRED		50.4		NOT_ACTIVE	not computed by current consumer; retain raw Normal data	not applicable until a consumer is wired and reviewed	gra/src/game/civ-matrix.ts:41-60,71-101 (loader/accessor only); no gameplay call-site found	false
fenicjanie	Fenicjanie	2	spec_Atak_dystansowy	jednostka_spec	absolut	units.json+combat.ts	stat_abs	0	0	false	CURRENT_RUNTIME_DATA	DEFAULT_VALUE	CURRENT_RUNTIME_DEFAULT	gra/data/civ-matrix.json#/cywilizacje[typCywilizacji=fenicjanie]/params/spec_Atak_dystansowy	RESERVE_DRAFT_UNRESOLVED	docs/decyzje/D-cyw-roster-6-REZERWA.md; Civ-CYWILIZACJE/draft/roster-6-REZERWA.json	DEAD_UNWIRED		0		NOT_ACTIVE	not computed by current consumer; retain raw Normal data	not applicable until a consumer is wired and reviewed	gra/src/game/civ-matrix.ts:41-60,71-101 (loader/accessor only); no gameplay call-site found	false
fenicjanie	Fenicjanie	2	spec_Zasieg_hex	jednostka_spec	absolut	units.json+combat.ts	stat_abs	0	0	false	CURRENT_RUNTIME_DATA	DEFAULT_VALUE	CURRENT_RUNTIME_DEFAULT	gra/data/civ-matrix.json#/cywilizacje[typCywilizacji=fenicjanie]/params/spec_Zasieg_hex	RESERVE_DRAFT_UNRESOLVED	docs/decyzje/D-cyw-roster-6-REZERWA.md; Civ-CYWILIZACJE/draft/roster-6-REZERWA.json	DEAD_UNWIRED		0		NOT_ACTIVE	not computed by current consumer; retain raw Normal data	not applicable until a consumer is wired and reviewed	gra/src/game/civ-matrix.ts:41-60,71-101 (loader/accessor only); no gameplay call-site found	false
fenicjanie	Fenicjanie	2	spec_Pociski	jednostka_spec	absolut	units.json+combat.ts	stat_abs	0	0	false	CURRENT_RUNTIME_DATA	DEFAULT_VALUE	CURRENT_RUNTIME_DEFAULT	gra/data/civ-matrix.json#/cywilizacje[typCywilizacji=fenicjanie]/params/spec_Pociski	RESERVE_DRAFT_UNRESOLVED	docs/decyzje/D-cyw-roster-6-REZERWA.md; Civ-CYWILIZACJE/draft/roster-6-REZERWA.json	DEAD_UNWIRED		0		NOT_ACTIVE	not computed by current consumer; retain raw Normal data	not applicable until a consumer is wired and reviewed	gra/src/game/civ-matrix.ts:41-60,71-101 (loader/accessor only); no gameplay call-site found	false
fenicjanie	Fenicjanie	2	spec_Ruch_bitwa	jednostka_spec	absolut	units.json+combat.ts	stat_abs	4	0	true	CURRENT_RUNTIME_DATA	NON_DEFAULT_OVERRIDE	CURRENT_RUNTIME_DATA	gra/data/civ-matrix.json#/cywilizacje[typCywilizacji=fenicjanie]/params/spec_Ruch_bitwa	RESERVE_DRAFT_UNRESOLVED	docs/decyzje/D-cyw-roster-6-REZERWA.md; Civ-CYWILIZACJE/draft/roster-6-REZERWA.json	DEAD_UNWIRED		4		NOT_ACTIVE	not computed by current consumer; retain raw Normal data	not applicable until a consumer is wired and reviewed	gra/src/game/civ-matrix.ts:41-60,71-101 (loader/accessor only); no gameplay call-site found	false
fenicjanie	Fenicjanie	2	spec_Ruch_mapa	jednostka_spec	absolut	units.json+combat.ts	stat_abs	2	0	true	CURRENT_RUNTIME_DATA	NON_DEFAULT_OVERRIDE	CURRENT_RUNTIME_DATA	gra/data/civ-matrix.json#/cywilizacje[typCywilizacji=fenicjanie]/params/spec_Ruch_mapa	RESERVE_DRAFT_UNRESOLVED	docs/decyzje/D-cyw-roster-6-REZERWA.md; Civ-CYWILIZACJE/draft/roster-6-REZERWA.json	DEAD_UNWIRED		2		NOT_ACTIVE	not computed by current consumer; retain raw Normal data	not applicable until a consumer is wired and reviewed	gra/src/game/civ-matrix.ts:41-60,71-101 (loader/accessor only); no gameplay call-site found	false
fenicjanie	Fenicjanie	2	spec_Widok	jednostka_spec	absolut	units.json+combat.ts	stat_abs	2	0	true	CURRENT_RUNTIME_DATA	NON_DEFAULT_OVERRIDE	CURRENT_RUNTIME_DATA	gra/data/civ-matrix.json#/cywilizacje[typCywilizacji=fenicjanie]/params/spec_Widok	RESERVE_DRAFT_UNRESOLVED	docs/decyzje/D-cyw-roster-6-REZERWA.md; Civ-CYWILIZACJE/draft/roster-6-REZERWA.json	DEAD_UNWIRED		2		NOT_ACTIVE	not computed by current consumer; retain raw Normal data	not applicable until a consumer is wired and reviewed	gra/src/game/civ-matrix.ts:41-60,71-101 (loader/accessor only); no gameplay call-site found	false
fenicjanie	Fenicjanie	2	spec_Dezercja_proc	jednostka_spec	absolut	units.json+combat.ts	stat_abs	0.4	0	true	CURRENT_RUNTIME_DATA	NON_DEFAULT_OVERRIDE	CURRENT_RUNTIME_DATA	gra/data/civ-matrix.json#/cywilizacje[typCywilizacji=fenicjanie]/params/spec_Dezercja_proc	RESERVE_DRAFT_UNRESOLVED	docs/decyzje/D-cyw-roster-6-REZERWA.md; Civ-CYWILIZACJE/draft/roster-6-REZERWA.json	DEAD_UNWIRED		0.4		NOT_ACTIVE	not computed by current consumer; retain raw Normal data	not applicable until a consumer is wired and reviewed	gra/src/game/civ-matrix.ts:41-60,71-101 (loader/accessor only); no gameplay call-site found	false
fenicjanie	Fenicjanie	2	spec_Morale	jednostka_spec	absolut	units.json+combat.ts	stat_abs	50	0	true	CURRENT_RUNTIME_DATA	NON_DEFAULT_OVERRIDE	CURRENT_RUNTIME_DATA	gra/data/civ-matrix.json#/cywilizacje[typCywilizacji=fenicjanie]/params/spec_Morale	RESERVE_DRAFT_UNRESOLVED	docs/decyzje/D-cyw-roster-6-REZERWA.md; Civ-CYWILIZACJE/draft/roster-6-REZERWA.json	DEAD_UNWIRED		50		NOT_ACTIVE	not computed by current consumer; retain raw Normal data	not applicable until a consumer is wired and reviewed	gra/src/game/civ-matrix.ts:41-60,71-101 (loader/accessor only); no gameplay call-site found	false
fenicjanie	Fenicjanie	2	spec_Koszt_pieniadz	jednostka_spec	absolut	units.json+combat.ts	stat_abs	10	0	true	CURRENT_RUNTIME_DATA	NON_DEFAULT_OVERRIDE	CURRENT_RUNTIME_DATA	gra/data/civ-matrix.json#/cywilizacje[typCywilizacji=fenicjanie]/params/spec_Koszt_pieniadz	RESERVE_DRAFT_UNRESOLVED	docs/decyzje/D-cyw-roster-6-REZERWA.md; Civ-CYWILIZACJE/draft/roster-6-REZERWA.json	DEAD_UNWIRED		10		NOT_ACTIVE	not computed by current consumer; retain raw Normal data	not applicable until a consumer is wired and reviewed	gra/src/game/civ-matrix.ts:41-60,71-101 (loader/accessor only); no gameplay call-site found	false
fenicjanie	Fenicjanie	2	spec_Utrzymanie	jednostka_spec	absolut	units.json+combat.ts	stat_abs	1	0	true	CURRENT_RUNTIME_DATA	NON_DEFAULT_OVERRIDE	CURRENT_RUNTIME_DATA	gra/data/civ-matrix.json#/cywilizacje[typCywilizacji=fenicjanie]/params/spec_Utrzymanie	RESERVE_DRAFT_UNRESOLVED	docs/decyzje/D-cyw-roster-6-REZERWA.md; Civ-CYWILIZACJE/draft/roster-6-REZERWA.json	DEAD_UNWIRED		1		NOT_ACTIVE	not computed by current consumer; retain raw Normal data	not applicable until a consumer is wired and reviewed	gra/src/game/civ-matrix.ts:41-60,71-101 (loader/accessor only); no gameplay call-site found	false
fenicjanie	Fenicjanie	2	spec_Zywnosc_ture	jednostka_spec	absolut	units.json+combat.ts	stat_abs	1	0	true	CURRENT_RUNTIME_DATA	NON_DEFAULT_OVERRIDE	CURRENT_RUNTIME_DATA	gra/data/civ-matrix.json#/cywilizacje[typCywilizacji=fenicjanie]/params/spec_Zywnosc_ture	RESERVE_DRAFT_UNRESOLVED	docs/decyzje/D-cyw-roster-6-REZERWA.md; Civ-CYWILIZACJE/draft/roster-6-REZERWA.json	DEAD_UNWIRED		1		NOT_ACTIVE	not computed by current consumer; retain raw Normal data	not applicable until a consumer is wired and reviewed	gra/src/game/civ-matrix.ts:41-60,71-101 (loader/accessor only); no gameplay call-site found	false
fenicjanie	Fenicjanie	2	eko_praca_proc	ekonomia	ulamek	economy.ts	mul_proc	0.05	0	true	CURRENT_RUNTIME_DATA	NON_DEFAULT_OVERRIDE	CURRENT_RUNTIME_DATA	gra/data/civ-matrix.json#/cywilizacje[typCywilizacji=fenicjanie]/params/eko_praca_proc	RESERVE_DRAFT_UNRESOLVED	docs/decyzje/D-cyw-roster-6-REZERWA.md; Civ-CYWILIZACJE/draft/roster-6-REZERWA.json	DEAD_UNWIRED		0.05		NOT_ACTIVE	not computed by current consumer; retain raw Normal data	not applicable until a consumer is wired and reviewed	gra/src/game/civ-matrix.ts:41-60,71-101 (loader/accessor only); no gameplay call-site found	false
fenicjanie	Fenicjanie	2	eko_pieniadz_proc	ekonomia	ulamek	economy.ts	mul_proc	0.35	0	true	CURRENT_RUNTIME_DATA	NON_DEFAULT_OVERRIDE	CURRENT_RUNTIME_DATA	gra/data/civ-matrix.json#/cywilizacje[typCywilizacji=fenicjanie]/params/eko_pieniadz_proc	RESERVE_DRAFT_UNRESOLVED	docs/decyzje/D-cyw-roster-6-REZERWA.md; Civ-CYWILIZACJE/draft/roster-6-REZERWA.json	DEAD_UNWIRED		0.35		NOT_ACTIVE	not computed by current consumer; retain raw Normal data	not applicable until a consumer is wired and reviewed	gra/src/game/civ-matrix.ts:41-60,71-101 (loader/accessor only); no gameplay call-site found	false
fenicjanie	Fenicjanie	2	eko_pieniadz_port_proc	ekonomia	ulamek	economy.ts	mul_proc	0.25	0	true	CURRENT_RUNTIME_DATA	NON_DEFAULT_OVERRIDE	CURRENT_RUNTIME_DATA	gra/data/civ-matrix.json#/cywilizacje[typCywilizacji=fenicjanie]/params/eko_pieniadz_port_proc	RESERVE_DRAFT_UNRESOLVED	docs/decyzje/D-cyw-roster-6-REZERWA.md; Civ-CYWILIZACJE/draft/roster-6-REZERWA.json	DEAD_UNWIRED		0.25		NOT_ACTIVE	not computed by current consumer; retain raw Normal data	not applicable until a consumer is wired and reviewed	gra/src/game/civ-matrix.ts:41-60,71-101 (loader/accessor only); no gameplay call-site found	false
fenicjanie	Fenicjanie	2	eko_zywnosc_proc	ekonomia	ulamek	economy.ts	mul_proc	0	0	false	CURRENT_RUNTIME_DATA	DEFAULT_VALUE	CURRENT_RUNTIME_DEFAULT	gra/data/civ-matrix.json#/cywilizacje[typCywilizacji=fenicjanie]/params/eko_zywnosc_proc	RESERVE_DRAFT_UNRESOLVED	docs/decyzje/D-cyw-roster-6-REZERWA.md; Civ-CYWILIZACJE/draft/roster-6-REZERWA.json	UNWIRED		0		NOT_ACTIVE	not computed by current consumer; retain raw Normal data	not applicable until a consumer is wired and reviewed	gra/src/game/civ-matrix.ts:41-60,71-101 (loader/accessor only); no gameplay call-site found	false
fenicjanie	Fenicjanie	2	eko_nauka_proc	ekonomia	ulamek	economy.ts	mul_proc	0	0	false	CURRENT_RUNTIME_DATA	DEFAULT_VALUE	CURRENT_RUNTIME_DEFAULT	gra/data/civ-matrix.json#/cywilizacje[typCywilizacji=fenicjanie]/params/eko_nauka_proc	RESERVE_DRAFT_UNRESOLVED	docs/decyzje/D-cyw-roster-6-REZERWA.md; Civ-CYWILIZACJE/draft/roster-6-REZERWA.json	DEAD_UNWIRED		0		NOT_ACTIVE	not computed by current consumer; retain raw Normal data	not applicable until a consumer is wired and reviewed	gra/src/game/civ-matrix.ts:41-60,71-101 (loader/accessor only); no gameplay call-site found	false
fenicjanie	Fenicjanie	2	eko_kultura_proc	ekonomia	ulamek	economy.ts	mul_proc	0	0	false	CURRENT_RUNTIME_DATA	DEFAULT_VALUE	CURRENT_RUNTIME_DEFAULT	gra/data/civ-matrix.json#/cywilizacje[typCywilizacji=fenicjanie]/params/eko_kultura_proc	RESERVE_DRAFT_UNRESOLVED	docs/decyzje/D-cyw-roster-6-REZERWA.md; Civ-CYWILIZACJE/draft/roster-6-REZERWA.json	UNWIRED		0		NOT_ACTIVE	not computed by current consumer; retain raw Normal data	not applicable until a consumer is wired and reviewed	gra/src/game/civ-matrix.ts:41-60,71-101 (loader/accessor only); no gameplay call-site found	false
fenicjanie	Fenicjanie	2	eko_luksus_proc	ekonomia	ulamek	economy.ts	mul_proc	0	0	false	CURRENT_RUNTIME_DATA	DEFAULT_VALUE	CURRENT_RUNTIME_DEFAULT	gra/data/civ-matrix.json#/cywilizacje[typCywilizacji=fenicjanie]/params/eko_luksus_proc	RESERVE_DRAFT_UNRESOLVED	docs/decyzje/D-cyw-roster-6-REZERWA.md; Civ-CYWILIZACJE/draft/roster-6-REZERWA.json	UNWIRED		0		NOT_ACTIVE	not computed by current consumer; retain raw Normal data	not applicable until a consumer is wired and reviewed	gra/src/game/civ-matrix.ts:41-60,71-101 (loader/accessor only); no gameplay call-site found	false
fenicjanie	Fenicjanie	2	eko_zadowolenie_proc	ekonomia	ulamek	economy.ts	mul_proc	0	0	false	CURRENT_RUNTIME_DATA	DEFAULT_VALUE	CURRENT_RUNTIME_DEFAULT	gra/data/civ-matrix.json#/cywilizacje[typCywilizacji=fenicjanie]/params/eko_zadowolenie_proc	RESERVE_DRAFT_UNRESOLVED	docs/decyzje/D-cyw-roster-6-REZERWA.md; Civ-CYWILIZACJE/draft/roster-6-REZERWA.json	UNWIRED		0		NOT_ACTIVE	not computed by current consumer; retain raw Normal data	not applicable until a consumer is wired and reviewed	gra/src/game/civ-matrix.ts:41-60,71-101 (loader/accessor only); no gameplay call-site found	false
fenicjanie	Fenicjanie	2	eko_handel_brutto_proc	ekonomia	ulamek	economy.ts	mul_proc	0.35	0	true	CURRENT_RUNTIME_DATA	NON_DEFAULT_OVERRIDE	CURRENT_RUNTIME_DATA	gra/data/civ-matrix.json#/cywilizacje[typCywilizacji=fenicjanie]/params/eko_handel_brutto_proc	RESERVE_DRAFT_UNRESOLVED	docs/decyzje/D-cyw-roster-6-REZERWA.md; Civ-CYWILIZACJE/draft/roster-6-REZERWA.json	DEAD_UNWIRED		0.35		NOT_ACTIVE	not computed by current consumer; retain raw Normal data	not applicable until a consumer is wired and reviewed	gra/src/game/civ-matrix.ts:41-60,71-101 (loader/accessor only); no gameplay call-site found	false
fenicjanie	Fenicjanie	2	eko_korupcja_proc	ekonomia	ulamek	economy.ts	mul_proc	0	0	false	CURRENT_RUNTIME_DATA	DEFAULT_VALUE	CURRENT_RUNTIME_DEFAULT	gra/data/civ-matrix.json#/cywilizacje[typCywilizacji=fenicjanie]/params/eko_korupcja_proc	RESERVE_DRAFT_UNRESOLVED	docs/decyzje/D-cyw-roster-6-REZERWA.md; Civ-CYWILIZACJE/draft/roster-6-REZERWA.json	UNWIRED		0		NOT_ACTIVE	not computed by current consumer; retain raw Normal data	not applicable until a consumer is wired and reviewed	gra/src/game/civ-matrix.ts:41-60,71-101 (loader/accessor only); no gameplay call-site found	false
fenicjanie	Fenicjanie	2	prod_koszt_budynku_proc	produkcja	ulamek	civ-bonuses.ts	mul_proc	0	0	false	CURRENT_RUNTIME_DATA	DEFAULT_VALUE	CURRENT_RUNTIME_DEFAULT	gra/data/civ-matrix.json#/cywilizacje[typCywilizacji=fenicjanie]/params/prod_koszt_budynku_proc	RESERVE_DRAFT_UNRESOLVED	docs/decyzje/D-cyw-roster-6-REZERWA.md; Civ-CYWILIZACJE/draft/roster-6-REZERWA.json	DEAD_UNWIRED		0		NOT_ACTIVE	not computed by current consumer; retain raw Normal data	not applicable until a consumer is wired and reviewed	gra/src/game/civ-matrix.ts:41-60,71-101 (loader/accessor only); no gameplay call-site found	false
fenicjanie	Fenicjanie	2	prod_koszt_jednostki_proc	produkcja	ulamek	production.ts	mul_proc	0	0	false	CURRENT_RUNTIME_DATA	DEFAULT_VALUE	CURRENT_RUNTIME_DEFAULT	gra/data/civ-matrix.json#/cywilizacje[typCywilizacji=fenicjanie]/params/prod_koszt_jednostki_proc	RESERVE_DRAFT_UNRESOLVED	docs/decyzje/D-cyw-roster-6-REZERWA.md; Civ-CYWILIZACJE/draft/roster-6-REZERWA.json	DEAD_UNWIRED		0		NOT_ACTIVE	not computed by current consumer; retain raw Normal data	not applicable until a consumer is wired and reviewed	gra/src/game/civ-matrix.ts:41-60,71-101 (loader/accessor only); no gameplay call-site found	false
fenicjanie	Fenicjanie	2	prod_szybkosc_budynku_proc	produkcja	ulamek	production.ts	mul_proc	0	0	false	CURRENT_RUNTIME_DATA	DEFAULT_VALUE	CURRENT_RUNTIME_DEFAULT	gra/data/civ-matrix.json#/cywilizacje[typCywilizacji=fenicjanie]/params/prod_szybkosc_budynku_proc	RESERVE_DRAFT_UNRESOLVED	docs/decyzje/D-cyw-roster-6-REZERWA.md; Civ-CYWILIZACJE/draft/roster-6-REZERWA.json	UNWIRED		0		NOT_ACTIVE	not computed by current consumer; retain raw Normal data	not applicable until a consumer is wired and reviewed	gra/src/game/civ-matrix.ts:41-60,71-101 (loader/accessor only); no gameplay call-site found	false
fenicjanie	Fenicjanie	2	prod_szybkosc_jednostki_proc	produkcja	ulamek	production.ts	mul_proc	0	0	false	CURRENT_RUNTIME_DATA	DEFAULT_VALUE	CURRENT_RUNTIME_DEFAULT	gra/data/civ-matrix.json#/cywilizacje[typCywilizacji=fenicjanie]/params/prod_szybkosc_jednostki_proc	RESERVE_DRAFT_UNRESOLVED	docs/decyzje/D-cyw-roster-6-REZERWA.md; Civ-CYWILIZACJE/draft/roster-6-REZERWA.json	UNWIRED		0		NOT_ACTIVE	not computed by current consumer; retain raw Normal data	not applicable until a consumer is wired and reviewed	gra/src/game/civ-matrix.ts:41-60,71-101 (loader/accessor only); no gameplay call-site found	false
fenicjanie	Fenicjanie	2	prod_rush_koszt_proc	produkcja	ulamek	production.ts	mul_proc	0	0	false	CURRENT_RUNTIME_DATA	DEFAULT_VALUE	CURRENT_RUNTIME_DEFAULT	gra/data/civ-matrix.json#/cywilizacje[typCywilizacji=fenicjanie]/params/prod_rush_koszt_proc	RESERVE_DRAFT_UNRESOLVED	docs/decyzje/D-cyw-roster-6-REZERWA.md; Civ-CYWILIZACJE/draft/roster-6-REZERWA.json	UNWIRED		0		NOT_ACTIVE	not computed by current consumer; retain raw Normal data	not applicable until a consumer is wired and reviewed	gra/src/game/civ-matrix.ts:41-60,71-101 (loader/accessor only); no gameplay call-site found	false
fenicjanie	Fenicjanie	2	lud_wzrost_proc	ludnosc	ulamek	economy.ts	mul_proc	0	0	false	CURRENT_RUNTIME_DATA	DEFAULT_VALUE	CURRENT_RUNTIME_DEFAULT	gra/data/civ-matrix.json#/cywilizacje[typCywilizacji=fenicjanie]/params/lud_wzrost_proc	RESERVE_DRAFT_UNRESOLVED	docs/decyzje/D-cyw-roster-6-REZERWA.md; Civ-CYWILIZACJE/draft/roster-6-REZERWA.json	REAL_GAMEPLAY	0.0	0	0.0	GROWTH_DIFFICULTY_MULT	easy=raw*0.5; normal=raw; hard=raw*1.5; contribution rounded to percent	wyżej = szybszy wzrost i silniejszy AI; Hard ×1.5, Easy ×0.5	gra/src/game/population-growth-v85.ts:84-90,230-232	false
fenicjanie	Fenicjanie	2	lud_spadek_proc	ludnosc	ulamek	economy.ts	mul_proc	0	0	false	CURRENT_RUNTIME_DATA	DEFAULT_VALUE	CURRENT_RUNTIME_DEFAULT	gra/data/civ-matrix.json#/cywilizacje[typCywilizacji=fenicjanie]/params/lud_spadek_proc	RESERVE_DRAFT_UNRESOLVED	docs/decyzje/D-cyw-roster-6-REZERWA.md; Civ-CYWILIZACJE/draft/roster-6-REZERWA.json	UNWIRED		0		NOT_ACTIVE	not computed by current consumer; retain raw Normal data	not applicable until a consumer is wired and reviewed	gra/src/game/civ-matrix.ts:41-60,71-101 (loader/accessor only); no gameplay call-site found	false
fenicjanie	Fenicjanie	2	lud_zdrowie_proc	ludnosc	ulamek	turn-economy.ts	mul_proc	0	0	false	CURRENT_RUNTIME_DATA	DEFAULT_VALUE	CURRENT_RUNTIME_DEFAULT	gra/data/civ-matrix.json#/cywilizacje[typCywilizacji=fenicjanie]/params/lud_zdrowie_proc	RESERVE_DRAFT_UNRESOLVED	docs/decyzje/D-cyw-roster-6-REZERWA.md; Civ-CYWILIZACJE/draft/roster-6-REZERWA.json	UNWIRED		0		NOT_ACTIVE	not computed by current consumer; retain raw Normal data	not applicable until a consumer is wired and reviewed	gra/src/game/civ-matrix.ts:41-60,71-101 (loader/accessor only); no gameplay call-site found	false
fenicjanie	Fenicjanie	2	lud_zadowolenie_bazowe	ludnosc	absolut	culture-religion.ts	add	0	0	false	CURRENT_RUNTIME_DATA	DEFAULT_VALUE	CURRENT_RUNTIME_DEFAULT	gra/data/civ-matrix.json#/cywilizacje[typCywilizacji=fenicjanie]/params/lud_zadowolenie_bazowe	RESERVE_DRAFT_UNRESOLVED	docs/decyzje/D-cyw-roster-6-REZERWA.md; Civ-CYWILIZACJE/draft/roster-6-REZERWA.json	UNWIRED		0		NOT_ACTIVE	not computed by current consumer; retain raw Normal data	not applicable until a consumer is wired and reviewed	gra/src/game/civ-matrix.ts:41-60,71-101 (loader/accessor only); no gameplay call-site found	false
fenicjanie	Fenicjanie	2	lud_limit_populacji	ludnosc	absolut	cities.ts	add	10	10	false	CURRENT_RUNTIME_DATA	DEFAULT_VALUE	CURRENT_RUNTIME_DEFAULT	gra/data/civ-matrix.json#/cywilizacje[typCywilizacji=fenicjanie]/params/lud_limit_populacji	RESERVE_DRAFT_UNRESOLVED	docs/decyzje/D-cyw-roster-6-REZERWA.md; Civ-CYWILIZACJE/draft/roster-6-REZERWA.json	UNWIRED		10		NOT_ACTIVE	not computed by current consumer; retain raw Normal data	not applicable until a consumer is wired and reviewed	gra/src/game/civ-matrix.ts:41-60,71-101 (loader/accessor only); no gameplay call-site found	false
fenicjanie	Fenicjanie	2	mp_regen_proc	manpower	ulamek	manpower.ts	mul_proc	0	0	false	CURRENT_RUNTIME_DATA	DEFAULT_VALUE	CURRENT_RUNTIME_DEFAULT	gra/data/civ-matrix.json#/cywilizacje[typCywilizacji=fenicjanie]/params/mp_regen_proc	RESERVE_DRAFT_UNRESOLVED	docs/decyzje/D-cyw-roster-6-REZERWA.md; Civ-CYWILIZACJE/draft/roster-6-REZERWA.json	DEAD_UNWIRED		0		NOT_ACTIVE	not computed by current consumer; retain raw Normal data	not applicable until a consumer is wired and reviewed	gra/src/game/civ-matrix.ts:41-60,71-101 (loader/accessor only); no gameplay call-site found	false
fenicjanie	Fenicjanie	2	mp_max_proc	manpower	ulamek	manpower.ts	mul_proc	0	0	false	CURRENT_RUNTIME_DATA	DEFAULT_VALUE	CURRENT_RUNTIME_DEFAULT	gra/data/civ-matrix.json#/cywilizacje[typCywilizacji=fenicjanie]/params/mp_max_proc	RESERVE_DRAFT_UNRESOLVED	docs/decyzje/D-cyw-roster-6-REZERWA.md; Civ-CYWILIZACJE/draft/roster-6-REZERWA.json	UNWIRED		0		NOT_ACTIVE	not computed by current consumer; retain raw Normal data	not applicable until a consumer is wired and reviewed	gra/src/game/civ-matrix.ts:41-60,71-101 (loader/accessor only); no gameplay call-site found	false
fenicjanie	Fenicjanie	2	mp_koszt_jednostki_proc	manpower	ulamek	manpower.ts	mul_proc	0	0	false	CURRENT_RUNTIME_DATA	DEFAULT_VALUE	CURRENT_RUNTIME_DEFAULT	gra/data/civ-matrix.json#/cywilizacje[typCywilizacji=fenicjanie]/params/mp_koszt_jednostki_proc	RESERVE_DRAFT_UNRESOLVED	docs/decyzje/D-cyw-roster-6-REZERWA.md; Civ-CYWILIZACJE/draft/roster-6-REZERWA.json	UNWIRED		0		NOT_ACTIVE	not computed by current consumer; retain raw Normal data	not applicable until a consumer is wired and reviewed	gra/src/game/civ-matrix.ts:41-60,71-101 (loader/accessor only); no gameplay call-site found	false
fenicjanie	Fenicjanie	2	wealth_cap_proc	spoleczenstwo	ulamek	wealth.ts	mul_proc	0	0	false	CURRENT_RUNTIME_DATA	DEFAULT_VALUE	CURRENT_RUNTIME_DEFAULT	gra/data/civ-matrix.json#/cywilizacje[typCywilizacji=fenicjanie]/params/wealth_cap_proc	RESERVE_DRAFT_UNRESOLVED	docs/decyzje/D-cyw-roster-6-REZERWA.md; Civ-CYWILIZACJE/draft/roster-6-REZERWA.json	UNWIRED		0		NOT_ACTIVE	not computed by current consumer; retain raw Normal data	not applicable until a consumer is wired and reviewed	gra/src/game/civ-matrix.ts:41-60,71-101 (loader/accessor only); no gameplay call-site found	false
fenicjanie	Fenicjanie	2	wealth_mnoznik_proc	spoleczenstwo	ulamek	wealth.ts	mul_proc	0	0	false	CURRENT_RUNTIME_DATA	DEFAULT_VALUE	CURRENT_RUNTIME_DEFAULT	gra/data/civ-matrix.json#/cywilizacje[typCywilizacji=fenicjanie]/params/wealth_mnoznik_proc	RESERVE_DRAFT_UNRESOLVED	docs/decyzje/D-cyw-roster-6-REZERWA.md; Civ-CYWILIZACJE/draft/roster-6-REZERWA.json	UNWIRED		0		NOT_ACTIVE	not computed by current consumer; retain raw Normal data	not applicable until a consumer is wired and reviewed	gra/src/game/civ-matrix.ts:41-60,71-101 (loader/accessor only); no gameplay call-site found	false
fenicjanie	Fenicjanie	2	kultura_naplyw_proc	spoleczenstwo	ulamek	culture-religion.ts	mul_proc	0	0	false	CURRENT_RUNTIME_DATA	DEFAULT_VALUE	CURRENT_RUNTIME_DEFAULT	gra/data/civ-matrix.json#/cywilizacje[typCywilizacji=fenicjanie]/params/kultura_naplyw_proc	RESERVE_DRAFT_UNRESOLVED	docs/decyzje/D-cyw-roster-6-REZERWA.md; Civ-CYWILIZACJE/draft/roster-6-REZERWA.json	UNWIRED		0		NOT_ACTIVE	not computed by current consumer; retain raw Normal data	not applicable until a consumer is wired and reviewed	gra/src/game/civ-matrix.ts:41-60,71-101 (loader/accessor only); no gameplay call-site found	false
fenicjanie	Fenicjanie	2	religia_spread_proc	spoleczenstwo	ulamek	culture-religion.ts	mul_proc	0	0	false	CURRENT_RUNTIME_DATA	DEFAULT_VALUE	CURRENT_RUNTIME_DEFAULT	gra/data/civ-matrix.json#/cywilizacje[typCywilizacji=fenicjanie]/params/religia_spread_proc	RESERVE_DRAFT_UNRESOLVED	docs/decyzje/D-cyw-roster-6-REZERWA.md; Civ-CYWILIZACJE/draft/roster-6-REZERWA.json	UNWIRED		0		NOT_ACTIVE	not computed by current consumer; retain raw Normal data	not applicable until a consumer is wired and reviewed	gra/src/game/civ-matrix.ts:41-60,71-101 (loader/accessor only); no gameplay call-site found	false
fenicjanie	Fenicjanie	2	porzadek_produkcja_proc	spoleczenstwo	ulamek	order.ts	mul_proc	0	0	false	CURRENT_RUNTIME_DATA	DEFAULT_VALUE	CURRENT_RUNTIME_DEFAULT	gra/data/civ-matrix.json#/cywilizacje[typCywilizacji=fenicjanie]/params/porzadek_produkcja_proc	RESERVE_DRAFT_UNRESOLVED	docs/decyzje/D-cyw-roster-6-REZERWA.md; Civ-CYWILIZACJE/draft/roster-6-REZERWA.json	UNWIRED		0		NOT_ACTIVE	not computed by current consumer; retain raw Normal data	not applicable until a consumer is wired and reviewed	gra/src/game/civ-matrix.ts:41-60,71-101 (loader/accessor only); no gameplay call-site found	false
fenicjanie	Fenicjanie	2	porzadek_pieniadz_proc	spoleczenstwo	ulamek	order.ts	mul_proc	0	0	false	CURRENT_RUNTIME_DATA	DEFAULT_VALUE	CURRENT_RUNTIME_DEFAULT	gra/data/civ-matrix.json#/cywilizacje[typCywilizacji=fenicjanie]/params/porzadek_pieniadz_proc	RESERVE_DRAFT_UNRESOLVED	docs/decyzje/D-cyw-roster-6-REZERWA.md; Civ-CYWILIZACJE/draft/roster-6-REZERWA.json	UNWIRED		0		NOT_ACTIVE	not computed by current consumer; retain raw Normal data	not applicable until a consumer is wired and reviewed	gra/src/game/civ-matrix.ts:41-60,71-101 (loader/accessor only); no gameplay call-site found	false
fenicjanie	Fenicjanie	2	porzadek_nauka_proc	spoleczenstwo	ulamek	order.ts	mul_proc	0	0	false	CURRENT_RUNTIME_DATA	DEFAULT_VALUE	CURRENT_RUNTIME_DEFAULT	gra/data/civ-matrix.json#/cywilizacje[typCywilizacji=fenicjanie]/params/porzadek_nauka_proc	RESERVE_DRAFT_UNRESOLVED	docs/decyzje/D-cyw-roster-6-REZERWA.md; Civ-CYWILIZACJE/draft/roster-6-REZERWA.json	UNWIRED		0		NOT_ACTIVE	not computed by current consumer; retain raw Normal data	not applicable until a consumer is wired and reviewed	gra/src/game/civ-matrix.ts:41-60,71-101 (loader/accessor only); no gameplay call-site found	false
fenicjanie	Fenicjanie	2	porzadek_kultura_proc	spoleczenstwo	ulamek	order.ts	mul_proc	0	0	false	CURRENT_RUNTIME_DATA	DEFAULT_VALUE	CURRENT_RUNTIME_DEFAULT	gra/data/civ-matrix.json#/cywilizacje[typCywilizacji=fenicjanie]/params/porzadek_kultura_proc	RESERVE_DRAFT_UNRESOLVED	docs/decyzje/D-cyw-roster-6-REZERWA.md; Civ-CYWILIZACJE/draft/roster-6-REZERWA.json	UNWIRED		0		NOT_ACTIVE	not computed by current consumer; retain raw Normal data	not applicable until a consumer is wired and reviewed	gra/src/game/civ-matrix.ts:41-60,71-101 (loader/accessor only); no gameplay call-site found	false
fenicjanie	Fenicjanie	2	porzadek_wzrost_proc	spoleczenstwo	ulamek	order.ts	mul_proc	0	0	false	CURRENT_RUNTIME_DATA	DEFAULT_VALUE	CURRENT_RUNTIME_DEFAULT	gra/data/civ-matrix.json#/cywilizacje[typCywilizacji=fenicjanie]/params/porzadek_wzrost_proc	RESERVE_DRAFT_UNRESOLVED	docs/decyzje/D-cyw-roster-6-REZERWA.md; Civ-CYWILIZACJE/draft/roster-6-REZERWA.json	UNWIRED		0		NOT_ACTIVE	not computed by current consumer; retain raw Normal data	not applicable until a consumer is wired and reviewed	gra/src/game/civ-matrix.ts:41-60,71-101 (loader/accessor only); no gameplay call-site found	false
fenicjanie	Fenicjanie	2	obl_obrona_miasta_proc	obleczenie	ulamek	siege.ts	mul_proc	0	0	false	CURRENT_RUNTIME_DATA	DEFAULT_VALUE	CURRENT_RUNTIME_DEFAULT	gra/data/civ-matrix.json#/cywilizacje[typCywilizacji=fenicjanie]/params/obl_obrona_miasta_proc	RESERVE_DRAFT_UNRESOLVED	docs/decyzje/D-cyw-roster-6-REZERWA.md; Civ-CYWILIZACJE/draft/roster-6-REZERWA.json	UNWIRED		0		NOT_ACTIVE	not computed by current consumer; retain raw Normal data	not applicable until a consumer is wired and reviewed	gra/src/game/civ-matrix.ts:41-60,71-101 (loader/accessor only); no gameplay call-site found	false
fenicjanie	Fenicjanie	2	obl_mur_proc	obleczenie	ulamek	siege.ts	mul_proc	0	0	false	CURRENT_RUNTIME_DATA	DEFAULT_VALUE	CURRENT_RUNTIME_DEFAULT	gra/data/civ-matrix.json#/cywilizacje[typCywilizacji=fenicjanie]/params/obl_mur_proc	RESERVE_DRAFT_UNRESOLVED	docs/decyzje/D-cyw-roster-6-REZERWA.md; Civ-CYWILIZACJE/draft/roster-6-REZERWA.json	UNWIRED		0		NOT_ACTIVE	not computed by current consumer; retain raw Normal data	not applicable until a consumer is wired and reviewed	gra/src/game/civ-matrix.ts:41-60,71-101 (loader/accessor only); no gameplay call-site found	false
fenicjanie	Fenicjanie	2	obl_machines_proc	obleczenie	ulamek	siegeMachines.ts	mul_proc	0	0	false	CURRENT_RUNTIME_DATA	DEFAULT_VALUE	CURRENT_RUNTIME_DEFAULT	gra/data/civ-matrix.json#/cywilizacje[typCywilizacji=fenicjanie]/params/obl_machines_proc	RESERVE_DRAFT_UNRESOLVED	docs/decyzje/D-cyw-roster-6-REZERWA.md; Civ-CYWILIZACJE/draft/roster-6-REZERWA.json	UNWIRED		0		NOT_ACTIVE	not computed by current consumer; retain raw Normal data	not applicable until a consumer is wired and reviewed	gra/src/game/civ-matrix.ts:41-60,71-101 (loader/accessor only); no gameplay call-site found	false
fenicjanie	Fenicjanie	2	dip_sklonnosc_sojusze	dyplomacja	skala_1_10	diplomacy.ts	skala	5	5	false	CURRENT_RUNTIME_DATA	DEFAULT_VALUE	CURRENT_RUNTIME_DEFAULT	gra/data/civ-matrix.json#/cywilizacje[typCywilizacji=fenicjanie]/params/dip_sklonnosc_sojusze	RESERVE_DRAFT_UNRESOLVED	docs/decyzje/D-cyw-roster-6-REZERWA.md; Civ-CYWILIZACJE/draft/roster-6-REZERWA.json	UI_ONLY		5		DISPLAY_RAW	display reads raw value; no gameplay Easy/Normal/Hard effect	etykieta UI; brak wpływu na wynik gry	gra/src/game/diplomacy-display.ts:54-59,116-122	false
fenicjanie	Fenicjanie	2	dip_lojalnosc	dyplomacja	skala_1_10	diplomacy.ts	skala	4	5	true	CURRENT_RUNTIME_DATA	NON_DEFAULT_OVERRIDE	CURRENT_RUNTIME_DATA	gra/data/civ-matrix.json#/cywilizacje[typCywilizacji=fenicjanie]/params/dip_lojalnosc	RESERVE_DRAFT_UNRESOLVED	docs/decyzje/D-cyw-roster-6-REZERWA.md; Civ-CYWILIZACJE/draft/roster-6-REZERWA.json	UI_ONLY		4		DISPLAY_RAW	display reads raw value; no gameplay Easy/Normal/Hard effect	etykieta UI; brak wpływu na wynik gry	gra/src/game/diplomacy-display.ts:64-69,116-122	false
fenicjanie	Fenicjanie	2	dip_prog_wojny	dyplomacja	skala_1_10	diplomacy.ts	skala	3	5	true	CURRENT_RUNTIME_DATA	NON_DEFAULT_OVERRIDE	CURRENT_RUNTIME_DATA	gra/data/civ-matrix.json#/cywilizacje[typCywilizacji=fenicjanie]/params/dip_prog_wojny	RESERVE_DRAFT_UNRESOLVED	docs/decyzje/D-cyw-roster-6-REZERWA.md; Civ-CYWILIZACJE/draft/roster-6-REZERWA.json	UI_ONLY		3		DISPLAY_RAW	display reads raw value; no gameplay Easy/Normal/Hard effect	etykieta UI; brak wpływu na wynik gry	gra/src/game/diplomacy-display.ts:73-78,116-122	false
fenicjanie	Fenicjanie	2	dip_pamietliwosc	dyplomacja	skala_1_10	diplomacy.ts	skala	5	5	false	CURRENT_RUNTIME_DATA	DEFAULT_VALUE	CURRENT_RUNTIME_DEFAULT	gra/data/civ-matrix.json#/cywilizacje[typCywilizacji=fenicjanie]/params/dip_pamietliwosc	RESERVE_DRAFT_UNRESOLVED	docs/decyzje/D-cyw-roster-6-REZERWA.md; Civ-CYWILIZACJE/draft/roster-6-REZERWA.json	UI_ONLY		5		DISPLAY_RAW	display reads raw value; no gameplay Easy/Normal/Hard effect	etykieta UI; brak wpływu na wynik gry	gra/src/game/diplomacy-display.ts:82-87,116-122	false
fenicjanie	Fenicjanie	2	dip_otwartosc_handel	dyplomacja	skala_1_10	diplomacy.ts	skala	9	5	true	CURRENT_RUNTIME_DATA	NON_DEFAULT_OVERRIDE	CURRENT_RUNTIME_DATA	gra/data/civ-matrix.json#/cywilizacje[typCywilizacji=fenicjanie]/params/dip_otwartosc_handel	RESERVE_DRAFT_UNRESOLVED	docs/decyzje/D-cyw-roster-6-REZERWA.md; Civ-CYWILIZACJE/draft/roster-6-REZERWA.json	UI_ONLY		9		DISPLAY_RAW	display reads raw value; no gameplay Easy/Normal/Hard effect	etykieta UI; brak wpływu na wynik gry	gra/src/game/diplomacy-display.ts:44-49,116-122	false
fenicjanie	Fenicjanie	2	dip_nastawienie_bazowe	dyplomacja	absolut	diplomacy.ts	add	62	50	true	CURRENT_RUNTIME_DATA	NON_DEFAULT_OVERRIDE	CURRENT_RUNTIME_DATA	gra/data/civ-matrix.json#/cywilizacje[typCywilizacji=fenicjanie]/params/dip_nastawienie_bazowe	RESERVE_DRAFT_UNRESOLVED	docs/decyzje/D-cyw-roster-6-REZERWA.md; Civ-CYWILIZACJE/draft/roster-6-REZERWA.json	REAL_GAMEPLAY	62	62	62	CURRENT_NEUTRAL_CALLER_OMITS_DIFFICULTY	current easy=raw; normal=raw; hard=raw; caller uses default normal	direction requires decision; no arbitrary Easy/Hard	gra/src/game/civ-ai-data.ts:205-217; gra/src/game/diplomacy.ts:1376-1380	false
fenicjanie	Fenicjanie	2	dip_agresja_archetyp	dyplomacja	ulamek_0_1	diplomacy.ts	mul_abs	0.25	0.5	true	CURRENT_RUNTIME_DATA	NON_DEFAULT_OVERRIDE	CURRENT_RUNTIME_DATA	gra/data/civ-matrix.json#/cywilizacje[typCywilizacji=fenicjanie]/params/dip_agresja_archetyp	RESERVE_DRAFT_UNRESOLVED	docs/decyzje/D-cyw-roster-6-REZERWA.md; Civ-CYWILIZACJE/draft/roster-6-REZERWA.json	DEAD_UNWIRED		0.25		NOT_ACTIVE	not computed by current consumer; retain raw Normal data	not applicable until a consumer is wired and reviewed	gra/src/game/civ-matrix.ts:41-60,71-101 (loader/accessor only); no gameplay call-site found	false
fenicjanie	Fenicjanie	2	dip_handlowosc_archetyp	dyplomacja	ulamek_0_1	diplomacy.ts	mul_abs	0.9	0.5	true	CURRENT_RUNTIME_DATA	NON_DEFAULT_OVERRIDE	CURRENT_RUNTIME_DATA	gra/data/civ-matrix.json#/cywilizacje[typCywilizacji=fenicjanie]/params/dip_handlowosc_archetyp	RESERVE_DRAFT_UNRESOLVED	docs/decyzje/D-cyw-roster-6-REZERWA.md; Civ-CYWILIZACJE/draft/roster-6-REZERWA.json	REAL_GAMEPLAY	0.9	0.9	0.9	CURRENT_NEUTRAL_MUL_ABS	current easy=raw; normal=raw; hard=raw because formula=mul_abs	direction requires decision; no arbitrary Easy/Hard	gra/src/game/civ-ai-data.ts:184-198; gra/src/game/diplomacy.ts:1267-1270; gra/src/main.ts:19553-19556,33555-33559,33916-33919	false
fenicjanie	Fenicjanie	2	ai_agresywnosc	ai	skala_1_10	civ-ai-data.ts	skala	3	5	true	CURRENT_RUNTIME_DATA	NON_DEFAULT_OVERRIDE	CURRENT_RUNTIME_DATA	gra/data/civ-matrix.json#/cywilizacje[typCywilizacji=fenicjanie]/params/ai_agresywnosc	RESERVE_DRAFT_UNRESOLVED	docs/decyzje/D-cyw-roster-6-REZERWA.md; Civ-CYWILIZACJE/draft/roster-6-REZERWA.json	REAL_GAMEPLAY	2	3	4	SKALA_1_10	easy=max(1,normal-1); normal=normal; hard=min(10,normal+1); /10	wyżej = bardziej agresywny AI; Hard +1, Easy -1	gra/src/game/civ-ai-data.ts:38-53,156-178; gra/src/game/diplomacy.ts:1261-1266; gra/src/main.ts:19784-19790,33910-33915; gra/src/game/ai.ts:4974-5036,5184-5187	false
fenicjanie	Fenicjanie	2	ai_ekspansywnosc	ai	skala_1_10	civ-ai-data.ts	skala	2	5	true	CURRENT_RUNTIME_DATA	NON_DEFAULT_OVERRIDE	CURRENT_RUNTIME_DATA	gra/data/civ-matrix.json#/cywilizacje[typCywilizacji=fenicjanie]/params/ai_ekspansywnosc	RESERVE_DRAFT_UNRESOLVED	docs/decyzje/D-cyw-roster-6-REZERWA.md; Civ-CYWILIZACJE/draft/roster-6-REZERWA.json	REAL_GAMEPLAY	1	2	3	SKALA_1_10	easy=max(1,normal-1); normal=normal; hard=min(10,normal+1)	wyżej = większa ekspansja; Hard +1, Easy -1	gra/src/game/civ-ai-data.ts:74-102; gra/src/main.ts:33264-33296; gra/src/game/ai.ts:506-513,1097-1117,2857-2868,4257-4264	false
fenicjanie	Fenicjanie	2	ai_priorytet_militarny	ai	skala_1_10	civ-ai-data.ts	skala	5	5	false	CURRENT_RUNTIME_DATA	DEFAULT_VALUE	CURRENT_RUNTIME_DEFAULT	gra/data/civ-matrix.json#/cywilizacje[typCywilizacji=fenicjanie]/params/ai_priorytet_militarny	RESERVE_DRAFT_UNRESOLVED	docs/decyzje/D-cyw-roster-6-REZERWA.md; Civ-CYWILIZACJE/draft/roster-6-REZERWA.json	REAL_GAMEPLAY	4	5	6	SKALA_1_10	easy=max(1,normal-1); normal=normal; hard=min(10,normal+1); delta=(value-5)*15	wyżej = większy score wojskowy; Hard +1, Easy -1	gra/src/game/civ-ai-data.ts:74-102; gra/src/main.ts:33264-33296; gra/src/game/ai-production-priorities.ts:6-27; gra/src/game/ai.ts:1672-1676	false
fenicjanie	Fenicjanie	2	ai_priorytet_ekonomia	ai	skala_1_10	civ-ai-data.ts	skala	8	5	true	CURRENT_RUNTIME_DATA	NON_DEFAULT_OVERRIDE	CURRENT_RUNTIME_DATA	gra/data/civ-matrix.json#/cywilizacje[typCywilizacji=fenicjanie]/params/ai_priorytet_ekonomia	RESERVE_DRAFT_UNRESOLVED	docs/decyzje/D-cyw-roster-6-REZERWA.md; Civ-CYWILIZACJE/draft/roster-6-REZERWA.json	REAL_GAMEPLAY	7	8	9	SKALA_1_10	easy=max(1,normal-1); normal=normal; hard=min(10,normal+1); delta=(value-5)*15	wyżej = większy score ekonomiczny; Hard +1, Easy -1	gra/src/game/civ-ai-data.ts:74-102; gra/src/main.ts:33264-33296; gra/src/game/ai-production-priorities.ts:6-27; gra/src/game/ai.ts:1672-1676	false
fenicjanie	Fenicjanie	2	ai_priorytet_nauka	ai	skala_1_10	civ-ai-data.ts	skala	5	5	false	CURRENT_RUNTIME_DATA	DEFAULT_VALUE	CURRENT_RUNTIME_DEFAULT	gra/data/civ-matrix.json#/cywilizacje[typCywilizacji=fenicjanie]/params/ai_priorytet_nauka	RESERVE_DRAFT_UNRESOLVED	docs/decyzje/D-cyw-roster-6-REZERWA.md; Civ-CYWILIZACJE/draft/roster-6-REZERWA.json	REAL_GAMEPLAY	4	5	6	SKALA_1_10	easy=max(1,normal-1); normal=normal; hard=min(10,normal+1); delta=(value-5)*15	wyżej = większy score nauki; Hard +1, Easy -1	gra/src/game/civ-ai-data.ts:74-102; gra/src/main.ts:33264-33296; gra/src/game/ai-production-priorities.ts:6-27; gra/src/game/ai.ts:1672-1676	false
fenicjanie	Fenicjanie	2	ai_tolerancja_ryzyka	ai	skala_1_10	civ-ai-data.ts	skala	3	5	true	CURRENT_RUNTIME_DATA	NON_DEFAULT_OVERRIDE	CURRENT_RUNTIME_DATA	gra/data/civ-matrix.json#/cywilizacje[typCywilizacji=fenicjanie]/params/ai_tolerancja_ryzyka	RESERVE_DRAFT_UNRESOLVED	docs/decyzje/D-cyw-roster-6-REZERWA.md; Civ-CYWILIZACJE/draft/roster-6-REZERWA.json	REAL_GAMEPLAY	2	3	4	SKALA_1_10	easy=max(1,normal-1); normal=normal; hard=min(10,normal+1)	wyżej = większa tolerancja ryzyka wojny; Hard +1, Easy -1	gra/src/game/civ-ai-data.ts:74-102; gra/src/main.ts:33924-33927; gra/src/game/ai.ts:4974-5036,5184-5187	false
fenicjanie	Fenicjanie	2	ai_sklonnosc_podboju	ai	skala_1_10	civ-ai-data.ts	skala	3	5	true	CURRENT_RUNTIME_DATA	NON_DEFAULT_OVERRIDE	CURRENT_RUNTIME_DATA	gra/data/civ-matrix.json#/cywilizacje[typCywilizacji=fenicjanie]/params/ai_sklonnosc_podboju	RESERVE_DRAFT_UNRESOLVED	docs/decyzje/D-cyw-roster-6-REZERWA.md; Civ-CYWILIZACJE/draft/roster-6-REZERWA.json	REAL_GAMEPLAY	2	3	4	SKALA_1_10	easy=max(1,normal-1); normal=normal; hard=min(10,normal+1)	wyżej = większa skłonność do podboju; Hard +1, Easy -1	gra/src/game/civ-ai-data.ts:74-102; gra/src/main.ts:33264-33296,33924-33927; gra/src/game/ai.ts:4974-5036,5184-5187	false
fenicjanie	Fenicjanie	2	ai_profil_obronna	ai	flag_0_1	civ-ai-data.ts	flag	0	0	false	CURRENT_RUNTIME_DATA	DEFAULT_VALUE	CURRENT_RUNTIME_DEFAULT	gra/data/civ-matrix.json#/cywilizacje[typCywilizacji=fenicjanie]/params/ai_profil_obronna	RESERVE_DRAFT_UNRESOLVED	docs/decyzje/D-cyw-roster-6-REZERWA.md; Civ-CYWILIZACJE/draft/roster-6-REZERWA.json	REAL_GAMEPLAY	0	0	0	FLAG_IDENTITY	flag raw 0/1 at Easy/Normal/Hard	1 = defensive-copy map profile; no difficulty delta	gra/src/game/civ-ai-data.ts:56-71,119-123; gra/src/main.ts:9169-9173	false
